"","ID","Description","GeneRatio","BgRatio","RichFactor","FoldEnrichment","zScore","pvalue","p.adjust","qvalue","geneID","Count"
"GO:0042063","GO:0042063","gliogenesis","48/379","417/28928",0.115107913669065,8.7858620755111,18.4520388766943,8.50105051267876e-31,3.4641780839166e-27,2.22548553947706e-27,"Cspg5/Ptprz1/Olig1/Lrp1/Bcan/Atp1b2/Serpine2/Gpr37l1/Olig2/Kcnj10/Cspg4/Cntn1/Ascl1/Nlgn3/Sox10/Plpp3/Gpr17/Sox6/Qki/Stat3/Ptprj/Vcan/Ncan/Zcchc24/Ntrk2/Ptn/Metrn/Dbi/Zfp488/Etv5/Sirt2/Nkx2-2/Omg/Trf/Atxn1/Cntn2/Reln/Plp1/Cnp/Erbb3/Sox8/Clu/Fa2h/Wdr1/Prdm8/Pmp22/Bmp4/Dusp15",48
"GO:0010001","GO:0010001","glial cell differentiation","41/379","309/28928",0.132686084142395,10.1275542007156,18.5858439064625,7.2937575821581e-29,1.48610310736471e-25,9.54714479306694e-26,"Cspg5/Ptprz1/Olig1/Lrp1/Bcan/Serpine2/Gpr37l1/Olig2/Kcnj10/Cntn1/Ascl1/Nlgn3/Sox10/Plpp3/Gpr17/Sox6/Qki/Stat3/Ptprj/Vcan/Ncan/Ntrk2/Ptn/Metrn/Zfp488/Sirt2/Nkx2-2/Omg/Cntn2/Reln/Plp1/Cnp/Erbb3/Sox8/Clu/Fa2h/Wdr1/Prdm8/Pmp22/Bmp4/Dusp15",41
"GO:0048709","GO:0048709","oligodendrocyte differentiation","28/379","135/28928",0.207407407407407,15.8308218508746,19.9005232806943,1.42873330190442e-25,1.94069606842017e-22,1.24675779713554e-22,"Ptprz1/Olig1/Olig2/Kcnj10/Cntn1/Ascl1/Nlgn3/Sox10/Gpr17/Sox6/Qki/Ptprj/Ntrk2/Ptn/Zfp488/Sirt2/Nkx2-2/Omg/Cntn2/Plp1/Cnp/Sox8/Clu/Fa2h/Wdr1/Prdm8/Bmp4/Dusp15",28
"GO:0042552","GO:0042552","myelination","27/379","200/28928",0.135,10.3041688654354,15.2130305797571,1.46081465340631e-19,1.47257253171328e-16,9.46022056537533e-17,"Ptprz1/Gjc3/Olig2/Kcnj10/Cntn1/Sox10/Jam2/Qki/Pllp/Ugt8a/Ntrk2/Ptn/S100b/Zfp488/Sirt2/Serinc5/Omg/Trf/Cntn2/Plp1/Erbb3/Degs1/Clu/Fa2h/Nfasc/Fyn/Pmp22",27
"GO:0007272","GO:0007272","ensheathment of neurons","27/379","203/28928",0.133004926108374,10.1518905078181,15.0766435934873,2.16820495466986e-19,1.47257253171328e-16,9.46022056537533e-17,"Ptprz1/Gjc3/Olig2/Kcnj10/Cntn1/Sox10/Jam2/Qki/Pllp/Ugt8a/Ntrk2/Ptn/S100b/Zfp488/Sirt2/Serinc5/Omg/Trf/Cntn2/Plp1/Erbb3/Degs1/Clu/Fa2h/Nfasc/Fyn/Pmp22",27
"GO:0008366","GO:0008366","axon ensheathment","27/379","203/28928",0.133004926108374,10.1518905078181,15.0766435934873,2.16820495466986e-19,1.47257253171328e-16,9.46022056537533e-17,"Ptprz1/Gjc3/Olig2/Kcnj10/Cntn1/Sox10/Jam2/Qki/Pllp/Ugt8a/Ntrk2/Ptn/S100b/Zfp488/Sirt2/Serinc5/Omg/Trf/Cntn2/Plp1/Erbb3/Degs1/Clu/Fa2h/Nfasc/Fyn/Pmp22",27
"GO:0051962","GO:0051962","positive regulation of nervous system development","35/379","397/28928",0.0881612090680101,6.72909618976094,13.243376409756,7.01645355833195e-19,4.08457832145753e-16,2.62404812023632e-16,"Ptprz1/Lrp1/Bcan/Dscam/Serpine2/Olig2/Ascl1/Nlgn3/Adgrb1/Sox10/Grm5/Qki/Slitrk3/Vcan/Slitrk2/Ncan/Ntrk2/Ptn/Sox2/Metrn/Adgrl3/Il1rap/Zfp488/Lrrtm3/Sema5a/Etv5/Pik3r1/Nkx2-2/Prkca/Trf/Atxn1/Apoe/Reln/Sox8/Plxnb3",35
"GO:0060078","GO:0060078","regulation of postsynaptic membrane potential","23/379","166/28928",0.13855421686747,10.5754522045968,14.255407893017,4.21062010667992e-17,2.14478461684008e-14,1.37787002701486e-14,"Neto1/Adora1/Nlgn3/P2rx7/Gria3/Gabra3/Chrna4/Rgs7/Rgs7bp/Grin3a/Dpp6/Chrna3/Gria1/Atxn1/Gabrg3/Tmem108/Igsf9b/Insyn2b/Reln/Gabrg1/Kcna1/Kcna2/Kcnd2",23
"GO:0050767","GO:0050767","regulation of neurogenesis","36/379","485/28928",0.0742268041237113,5.66552240023937,11.9387621499143,5.5874361247034e-17,2.52986691201849e-14,1.6252577359225e-14,"Ptprz1/Lrp1/Bcan/Dscam/Serpine2/Tnr/Gpr37l1/Olig2/Ascl1/Sox10/Grm5/Qki/Bmp7/Vcan/Hey2/Brinp1/Ncan/Zcchc24/Ntrk2/Ptn/Sox2/Metrn/Zfp488/Sema5a/Etv5/Sirt2/Nkx2-2/Trf/Atxn1/Bhlhe40/Apoe/Reln/Sox8/Plxnb3/B2m/Bmp4",36
"GO:0050890","GO:0050890","cognition","32/379","401/28928",0.0798004987531172,6.09094677554136,11.8281968698629,4.17736271998392e-16,1.70227530839345e-13,1.09358958785263e-13,"Ptprz1/Tnr/Neto1/Shc3/Shisa7/Adora1/Gatm/Nlgn3/Slc1a1/Gm2a/Grm5/Slc6a1/Chrna4/Atp1a2/Brinp1/Chl1/Ntrk2/Ptn/Ncam1/Dbi/Nrxn3/Mfsd2a/S100b/Ppt1/Gria1/Prkca/Atxn1/Apoe/Fzd9/Cntn2/Reln/B2m",32
"GO:0006898","GO:0006898","receptor-mediated endocytosis","27/379","286/28928",0.0944055944055944,7.20571249331144,12.1520304746086,1.458235739109e-15,5.40210057897197e-13,3.47046151498955e-13,"Lrp1/Cacng4/Susd4/Rab31/Nlgn3/Hip1/Itgav/Fchsd2/Tspan7/Cd81/Cav1/Dnm1/Sirt2/Ppt1/Gria1/Prkca/Trf/Calcrl/Dnm3/Dab2/Apoe/Tmem108/Cntn2/Clu/Cav2/Lmbrd1/B2m",27
"GO:0007626","GO:0007626","locomotory behavior","27/379","292/28928",0.0924657534246575,7.05764990783244,11.9871315577445,2.44363113137869e-15,8.2981640503068e-13,5.33097423134983e-13,"Dscam/Tnr/Kcnj10/Pcdh15/Cntn1/Slc1a1/Npas3/Grm5/Minar2/Chrna4/Atp1a2/Npc1/Chl1/Chrna3/Adgrl3/Olfm2/Etv5/Ppt1/Gria1/Atxn1/Apoe/Cntn2/Reln/Lsamp/Cnp/Kcnd2/Pmp22",27
"GO:0007611","GO:0007611","learning or memory","28/379","356/28928",0.0786516853932584,6.00326109513504,10.9441918578044,4.40902841154158e-14,1.38206082900246e-11,8.87874790243231e-12,"Ptprz1/Tnr/Neto1/Shc3/Shisa7/Gatm/Nlgn3/Slc1a1/Gm2a/Grm5/Slc6a1/Atp1a2/Brinp1/Ntrk2/Ptn/Ncam1/Dbi/Nrxn3/S100b/Ppt1/Gria1/Prkca/Atxn1/Apoe/Fzd9/Cntn2/Reln/B2m",28
"GO:0007416","GO:0007416","synapse assembly","26/379","304/28928",0.0855263157894737,6.52798222469102,11.1638532898869,5.17479884920408e-14,1.50623609360762e-11,9.67648476539139e-12,"Dscam/Nlgn3/Adgrb1/C1ql2/Zdhhc2/Dock10/Gabra3/Slitrk3/Csmd2/Pcdh17/Slitrk2/Ntrk2/Nrxn3/Adgrl3/Il1rap/Lrrtm3/Mdga2/Pik3r1/Gria1/Prkca/Dnm3/Gabrg3/Reln/Elfn1/Gabrg1/Plxnb3",26
"GO:0021782","GO:0021782","glial cell development","19/379","147/28928",0.129251700680272,9.86541740706837,12.4159732504161,8.6482304424068e-14,2.34943593685385e-11,1.50934379721163e-11,"Cspg5/Olig1/Lrp1/Kcnj10/Cntn1/Ascl1/Sox10/Ntrk2/Zfp488/Sirt2/Nkx2-2/Omg/Cntn2/Plp1/Erbb3/Clu/Fa2h/Prdm8/Pmp22",19
"GO:0045664","GO:0045664","regulation of neuron differentiation","23/379","247/28928",0.0931174089068826,7.10738893102454,11.106641706014,2.57295868133845e-13,6.55300414153385e-11,4.20983436874258e-11,"Rap1gap/Gpr37l1/Olig2/Ascl1/Eya1/Ednrb/Brinp3/Bmp7/Mmd2/Cav1/Hey2/Brinp1/Sox2/S100b/Timp2/Etv5/Nkx2-2/Cntn2/Reln/Sox8/Neurod1/B2m/Bmp4",23
"GO:0014003","GO:0014003","oligodendrocyte development","13/379","57/28928",0.228070175438596,17.407952599176,14.2868590353849,3.97230723423518e-13,9.1311967295639e-11,5.86613787960618e-11,"Olig1/Kcnj10/Cntn1/Ascl1/Sox10/Zfp488/Nkx2-2/Omg/Cntn2/Plp1/Clu/Fa2h/Prdm8",13
"GO:0050769","GO:0050769","positive regulation of neurogenesis","26/379","332/28928",0.0783132530120482,5.97742950694599,10.5098705815656,4.0334120523227e-13,9.1311967295639e-11,5.86613787960618e-11,"Ptprz1/Lrp1/Bcan/Dscam/Serpine2/Olig2/Ascl1/Sox10/Grm5/Qki/Vcan/Ncan/Ntrk2/Ptn/Sox2/Metrn/Zfp488/Sema5a/Etv5/Nkx2-2/Trf/Atxn1/Apoe/Reln/Sox8/Plxnb3",26
"GO:0031644","GO:0031644","regulation of nervous system process","19/379","173/28928",0.109826589595376,8.38275351930087,11.2217499532186,1.6934577498642e-12,3.63202122668243e-10,2.3333127002284e-10,"Cacng4/Tnr/Neto1/Shisa7/Adora1/Nlgn3/Sox10/Jam2/Qki/Tmem100/S100b/Zfp488/Shisa9/Gria1/Trf/Tmem108/Igsf9b/Reln/Shisa6",19
"GO:0031346","GO:0031346","positive regulation of cell projection organization","29/379","471/28928",0.0615711252653928,4.69955016273689,9.32697192425652,7.07994754041626e-12,1.44253931135981e-09,9.26727870158697e-10,"Ptprz1/Lrp1/Dscam/Atp1b2/Serpine2/Cntn1/P2rx7/Arsb/Qki/Cdc42ep1/Bmp7/Plppr5/Rit2/Ntrk2/Scn1b/Frmd7/Ptn/Metrn/Sema5a/Pik3r1/Dnm3/Apoe/Rab8b/Enc1/Reln/Plxnb3/Fyn/Rhoq/Bmp4",29
"GO:0098742","GO:0098742","cell-cell adhesion via plasma-membrane adhesion molecules","20/379","231/28928",0.0865800865800866,6.60841357411278,9.86060643762394,3.59287074391262e-11,6.97188013402092e-09,4.47893210030611e-09,"Dscam/Pcdh15/Lrrc4c/Sparcl1/Pcdh10/Slitrk3/Fgfrl1/Pcdh17/Slitrk2/Cdh19/Adgrl3/Il1rap/Mdga2/Ptprt/Cadm2/Igsf9b/Cdh11/Celsr3/Elfn1/Plxnb3",20
"GO:0030900","GO:0030900","forebrain development","28/379","480/28928",0.0583333333333333,4.45241864555849,8.78808107687223,5.80574194119646e-11,1.07538174592616e-08,6.90855512332804e-09,"Bcan/Atp1b2/Tnr/Olig2/Ascl1/Atp1a2/Ntrk2/Sox2/Ncam1/Dbi/Mfsd2a/Fabp7/Sema5a/Gria1/Nhlh2/Tmem108/Cntn2/Reln/Cnp/Lhx1/Kcna1/Kcna2/Neurod1/B2m/Fyn/Prdm8/Gsx1/Bmp4",28
"GO:0014013","GO:0014013","regulation of gliogenesis","16/379","144/28928",0.111111111111111,8.4807974201114,10.3688220159172,8.25511098457849e-11,1.46259031574597e-08,9.39609199938065e-09,"Ptprz1/Serpine2/Gpr37l1/Olig2/Sox10/Qki/Zcchc24/Ptn/Zfp488/Etv5/Sirt2/Nkx2-2/Trf/Atxn1/Sox8/Bmp4",16
"GO:0050803","GO:0050803","regulation of synapse structure or activity","25/379","398/28928",0.0628140703517588,4.79442065207303,8.78237501862381,1.36255101362972e-10,2.31349807522546e-08,1.48625630302505e-08,"Sparcl1/Nlgn3/Adgrb1/C1ql2/Dock10/Slitrk3/Slitrk2/Ncan/Ntrk2/Ptn/Adgrl3/Il1rap/Lrrtm3/Etv5/Mdga2/Pik3r1/Prkca/Ptprt/Dnm3/Apoe/Reln/Slc17a6/Sparc/Grid1/Fyn",25
"GO:0035249","GO:0035249","synaptic transmission, glutamatergic","15/379","128/28928",0.1171875,8.94459102902375,10.3790149847939,1.50840207168299e-10,2.45869537684328e-08,1.57953513780025e-08,"Cacng4/Serpine2/Tnr/Shc3/Adora1/Nlgn3/Gria3/Grm5/Grik3/Grin3a/Ntrk2/Gria1/Reln/Slc17a6/Grid1",15
"GO:0034765","GO:0034765","regulation of monoatomic ion transmembrane transport","24/379","375/28928",0.064,4.88493931398417,8.72468694613939,2.20067652585809e-10,3.44913724725836e-08,2.2158228825138e-08,"Atp1b2/Neto1/Kcnj10/Kcnip3/Nlgn3/P2rx7/Slc6a9/Rgs7/Kcnj16/Cav1/Dpp6/Atp1a2/Scn1b/Atp1b1/Adcyap1r1/Dbi/Ehd3/Gria1/Kcnip1/Reln/Plp1/Cacna2d1/Fyn/Bmp4",24
"GO:0099173","GO:0099173","postsynapse organization","22/379","314/28928",0.0700636942675159,5.34776397828681,8.9251875334814,2.29357998864833e-10,3.46160683471924e-08,2.22383369659587e-08,"Shisa7/Nlgn3/Adgrb1/C1ql2/Zdhhc2/Dock10/Slitrk3/Csmd2/Ncan/Ptn/Nrxn3/Adgrl3/Il1rap/Etv5/Dnm3/Apoe/Tmem108/Fzd9/Reln/Shisa6/Grid1/Fyn",22
"GO:0031589","GO:0031589","cell-substrate adhesion","24/379","377/28928",0.0636604774535809,4.8590245165625,8.68987247644214,2.45147718628994e-10,3.56777483361839e-08,2.29203900838461e-08,"Cspg5/Ptprz1/Lrp1/Bcan/Atp1b2/Prex1/Spry4/Itgav/Rin2/Ttyh1/Antxr1/Adam9/Itgb8/Ptprj/Ptn/Ajap1/Sorbs3/Pik3r1/Rsu1/Dab2/Cdh11/Cntn2/Lims2/Epdr1",24
"GO:0019226","GO:0019226","transmission of nerve impulse","14/379","114/28928",0.12280701754386,9.37351293801787,10.3212951621607,3.30540584605484e-10,4.64466511126672e-08,2.98386364397038e-08,"Cacng4/Tnr/P2rx7/Chrna4/Dpp6/Atp1a2/Ntrk2/Scn1b/Gria1/Kcna1/Kcna2/Nfasc/Kcnd2/Pmp22",14
"GO:2000177","GO:2000177","regulation of neural precursor cell proliferation","15/379","137/28928",0.109489051094891,8.35699015850394,9.94507210802843,3.98232229757672e-10,5.40932112087505e-08,3.47510019441169e-08,"Ptprz1/Bcan/Gpr37l1/Ascl1/Sox10/Vcan/Ncan/Ptn/Sox2/Sirt2/Rsu1/Trf/Fzd9/Lims2/Lhx1",15
"GO:0071805","GO:0071805","potassium ion transmembrane transport","18/379","212/28928",0.0849056603773585,6.48060934933041,9.22806527479955,4.77454757071669e-10,6.18873201132903e-08,3.97581569575081e-08,"Atp1b2/Neto1/Kcnj10/Kcnip3/Slc9a9/Rgs7/Slc1a3/Kcnj16/Cav1/Dpp6/Atp1a2/Atp1b1/Slc12a4/Kcnip1/Slc17a6/Kcna1/Kcna2/Kcnd2",18
"GO:0050807","GO:0050807","regulation of synapse organization","24/379","390/28928",0.0615384615384615,4.69705703267709,8.46939794990591,4.85986317454059e-10,6.18873201132903e-08,3.97581569575081e-08,"Sparcl1/Nlgn3/Adgrb1/C1ql2/Dock10/Slitrk3/Slitrk2/Ncan/Ntrk2/Ptn/Adgrl3/Il1rap/Lrrtm3/Etv5/Mdga2/Pik3r1/Prkca/Ptprt/Dnm3/Apoe/Reln/Sparc/Grid1/Fyn",24
"GO:0010976","GO:0010976","positive regulation of neuron projection development","19/379","241/28928",0.0788381742738589,6.01749526489232,9.01215761100283,5.51963877992336e-10,6.8159175842993e-08,4.37873736703968e-08,"Ptprz1/Lrp1/Atp1b2/Serpine2/Cntn1/Arsb/Qki/Bmp7/Plppr5/Rit2/Ntrk2/Scn1b/Ptn/Apoe/Enc1/Reln/Plxnb3/Fyn/Bmp4",19
"GO:0045685","GO:0045685","regulation of glial cell differentiation","13/379","99/28928",0.131313131313131,10.0227605874044,10.3613917603643,6.11486063881465e-10,7.32884032446168e-08,4.70825337731642e-08,"Ptprz1/Serpine2/Gpr37l1/Olig2/Qki/Ptn/Zfp488/Sirt2/Nkx2-2/Cntn2/Wdr1/Bmp4/Dusp15",13
"GO:0031623","GO:0031623","receptor internalization","16/379","165/28928",0.096969696969697,7.40142320300632,9.50117404391237,6.36588874583509e-10,7.411713325508e-08,4.76149332658402e-08,"Lrp1/Cacng4/Susd4/Rab31/Hip1/Tspan7/Cd81/Cav1/Dnm1/Sirt2/Gria1/Calcrl/Dnm3/Dab2/Cntn2/Lmbrd1",16
"GO:0006813","GO:0006813","potassium ion transport","19/379","249/28928",0.0763052208835341,5.82416208369096,8.8087729293549,9.56025826209506e-10,1.08216812272326e-07,6.95215271866387e-08,"Atp1b2/Neto1/Kcnj10/Kcnip3/Adora1/Slc9a9/Rgs7/Slc1a3/Kcnj16/Cav1/Dpp6/Atp1a2/Atp1b1/Slc12a4/Kcnip1/Slc17a6/Kcna1/Kcna2/Kcnd2",19
"GO:0030100","GO:0030100","regulation of endocytosis","22/379","355/28928",0.0619718309859155,4.73013489910439,8.14773033270812,2.28892278173586e-09,2.52090819880369e-07,1.61950240630927e-07,"Lrp1/Rap1gap/Susd4/Rab31/Hip1/Itgav/Epn2/Tspan7/Ptprj/Scamp5/Cav1/Rit2/Dnm1/Sirt2/Ppt1/Prkca/Trf/Dab2/Apoe/Clu/B2m/Cnn2",22
"GO:0050678","GO:0050678","regulation of epithelial cell proliferation","24/379","432/28928",0.0555555555555556,4.2403987100557,7.81851413112339,3.68614663977896e-09,3.95290725186823e-07,2.53945891776462e-07,"Sulf2/Rap1gap/Ptprn/Eya1/Ednrb/F3/Stat3/Cav1/Ptn/Sox2/Sema5a/Prkca/Dab2/Apoe/Lims2/Nr4a1/Sparc/Cav2/Tgfa/Fa2h/Plxnb3/B2m/Ppp1r16b/Bmp4",24
"GO:0014015","GO:0014015","positive regulation of gliogenesis","12/379","94/28928",0.127659574468085,9.7438949082131,9.78345521837745,3.91269813911643e-09,4.01223098511893e-07,2.57757015434053e-07,"Ptprz1/Serpine2/Olig2/Sox10/Qki/Ptn/Zfp488/Etv5/Nkx2-2/Trf/Atxn1/Sox8",12
"GO:0099560","GO:0099560","synaptic membrane adhesion","9/379","43/28928",0.209302325581395,15.9754556053261,11.3228026620695,3.93838624306152e-09,4.01223098511893e-07,2.57757015434053e-07,"Lrrc4c/Sparcl1/Slitrk3/Pcdh17/Slitrk2/Il1rap/Mdga2/Igsf9b/Elfn1",9
"GO:0048713","GO:0048713","regulation of oligodendrocyte differentiation","10/379","59/28928",0.169491525423729,12.9368096238988,10.5748509679519,4.70057248569329e-09,4.67191045834151e-07,3.00136682205885e-07,"Ptprz1/Olig2/Qki/Ptn/Zfp488/Sirt2/Nkx2-2/Wdr1/Bmp4/Dusp15",10
"GO:0031345","GO:0031345","negative regulation of cell projection organization","17/379","218/28928",0.0779816513761468,5.95211929026167,8.45626532060583,5.31310981112257e-09,5.1549815429344e-07,3.31170528828618e-07,"Ptprz1/Lrp1/Xylt1/Rap1gap/Tnr/Cspg4/Nlgn3/Rit2/Neu4/Sema5a/Dnm3/Dab2/Apoe/Plxnb3/B2m/Fyn/Pmp22",17
"GO:0099072","GO:0099072","regulation of postsynaptic membrane neurotransmitter receptor levels","15/379","166/28928",0.0903614457831325,6.89703404647614,8.77918075254664,5.80756974085174e-09,5.50368527766763e-07,3.53572238567889e-07,"Lrp1/Cacng4/Neto1/Susd4/C1ql2/Zdhhc2/Hip1/Tspan7/Nrxn3/Olfm2/Sirt2/Dnm3/Tmem108/Shisa6/Grid1",15
"GO:0010959","GO:0010959","regulation of metal ion transport","24/379","447/28928",0.0536912751677852,4.098103451329,7.60585274157962,7.15193866978149e-09,6.62367047258172e-07,4.25523240950875e-07,"Atp1b2/Serpine2/Neto1/Kcnip3/Cntn1/Plpp4/Adora1/P2rx7/Rgs7/Cav1/Dpp6/Atp1a2/Scn1b/Atp1b1/Adcyap1r1/Dbi/Ehd3/Trf/Kcnip1/Plp1/Cacna2d1/B2m/Fyn/Bmp4",24
"GO:0022010","GO:0022010","central nervous system myelination","8/379","33/28928",0.242424242424242,18.5035580075158,11.5917181064336,8.41127517772011e-09,7.45129268461075e-07,4.78692022127916e-07,"Kcnj10/Cntn1/Sox10/Omg/Cntn2/Plp1/Clu/Fa2h",8
"GO:0032291","GO:0032291","axon ensheathment in central nervous system","8/379","33/28928",0.242424242424242,18.5035580075158,11.5917181064336,8.41127517772011e-09,7.45129268461075e-07,4.78692022127916e-07,"Kcnj10/Cntn1/Sox10/Omg/Cntn2/Plp1/Clu/Fa2h",8
"GO:0030534","GO:0030534","adult behavior","16/379","198/28928",0.0808080808080808,6.16785266917193,8.40718798632141,9.05024776589326e-09,7.84675737149256e-07,5.04097787094659e-07,"Kcnj10/Pcdh15/Nlgn3/Slc1a1/Chrna4/Atp1a2/Pcdh17/Npc1/Chl1/Chrna3/Nrxn3/Ppt1/Atxn1/Cntn2/Cnp/Pmp22",16
"GO:0010038","GO:0010038","response to metal ion","22/379","384/28928",0.0572916666666667,4.37291116974494,7.66635545875375,9.59693211495683e-09,8.14739549342689e-07,5.23411626532843e-07,"Kcnj10/Pcdh15/Kcnip3/Gatm/Slc1a1/P2rx7/Cp/Adam9/Mt2/Cpne2/Cav1/Atp1a2/Npc1/Sox2/Ncam1/Gria1/Lcat/Trf/Cpne8/Kcna1/B2m/Anxa5",22
"GO:2000179","GO:2000179","positive regulation of neural precursor cell proliferation","11/379","83/28928",0.132530120481928,10.1156499348317,9.58224489032802,1.17350108745684e-08,9.66314817230602e-07,6.20787846419763e-07,"Bcan/Gpr37l1/Ascl1/Sox10/Vcan/Ncan/Sox2/Rsu1/Trf/Fzd9/Lhx1",11
"GO:0061351","GO:0061351","neural precursor cell proliferation","17/379","230/28928",0.0739130434782609,5.64157393598715,8.14290236625712,1.18566235243019e-08,9.66314817230602e-07,6.20787846419763e-07,"Ptprz1/Bcan/Gpr37l1/Ascl1/Sox10/Vcan/Ncan/Ptn/Sox2/Fabp7/Sirt2/Rsu1/Trf/Fzd9/Lims2/Lhx1/Kcna1",17
"GO:0008016","GO:0008016","regulation of heart contraction","16/379","205/28928",0.0780487804878049,5.95724306583435,8.20688027555501,1.48428013667066e-08,1.18596893273195e-06,7.61899834860666e-07,"Epas1/S100a1/Adora1/Slc1a1/Ednrb/Cav1/Atp1a2/Hey2/Scn1b/Atp1b1/Ehd3/Pik3r1/Prkca/Kcnip1/Cacna2d1/Kcnd2",16
"GO:0035640","GO:0035640","exploration behavior","9/379","50/28928",0.18,13.7388918205805,10.387450044738,1.61395499969685e-08,1.240918230899e-06,7.97200811171018e-07,"Tnr/Brinp3/Minar2/Chrna4/Atp1a2/Brinp1/Chl1/Apoe/Lsamp",9
"GO:0086009","GO:0086009","membrane repolarization","9/379","50/28928",0.18,13.7388918205805,10.387450044738,1.61395499969685e-08,1.240918230899e-06,7.97200811171018e-07,"Atp1b2/Cav1/Scn1b/Atp1b1/Kcnip1/Cacna2d1/Kcna1/Wdr1/Kcnd2",9
"GO:0048863","GO:0048863","stem cell differentiation","19/379","297/28928",0.063973063973064,4.88288336309444,7.74979409304629,1.72829773698593e-08,1.28759660230604e-06,8.27188311252213e-07,"Pdgfra/Sox10/Zfp36l2/Ednrb/Ttyh1/Sox6/Sema3d/Sema5b/Stat3/Bmp7/Shc4/Ptn/Sox2/Zic2/Lbh/Sema5a/Prkca/Sox8/Bmp4",19
"GO:0031099","GO:0031099","regeneration","17/379","236/28928",0.0720338983050847,5.49814409015697,7.99438033433134,1.73786044483024e-08,1.28759660230604e-06,8.27188311252213e-07,"Cspg5/Lrp1/Xylt1/Sulf2/Tnr/Cpt1a/Cpq/Prrx1/Cd81/Chl1/Lifr/Ptn/Sox2/Mmp2/Omg/Fzd9/Tnc",17
"GO:0048167","GO:0048167","regulation of synaptic plasticity","22/379","402/28928",0.054726368159204,4.1771091770698,7.39095535804695,2.18211224398381e-08,1.58787632039894e-06,1.02009645691499e-06,"Serpine2/Tnr/Neto1/Kcnj10/Shisa7/Adora1/Nlgn3/Adgrb1/Slc1a1/Zdhhc2/Gria3/Grm5/Ntrk2/Ptn/Dbi/S100b/Shisa9/Gria1/Apoe/Cntn2/Reln/Shisa6",22
"GO:0006836","GO:0006836","neurotransmitter transport","17/379","240/28928",0.0708333333333333,5.40650835532102,7.89816014163905,2.22770319613352e-08,1.5926123726744e-06,1.02313903024636e-06,"Cspg5/Kcnj10/P2rx7/Slc6a9/Slc6a1/Atp1a2/Ntrk2/Sv2b/Chrna3/Trim9/Syde1/Nrxn3/Ppt1/Prkca/Slc17a6/Nr4a1/Slc6a11",17
"GO:0010977","GO:0010977","negative regulation of neuron projection development","14/379","160/28928",0.0875,6.67862796833773,8.29897441832761,2.82610591150577e-08,1.92965443939852e-06,1.23966434376083e-06,"Ptprz1/Lrp1/Xylt1/Tnr/Cspg4/Nlgn3/Rit2/Neu4/Sema5a/Dnm3/Dab2/Apoe/B2m/Pmp22",14
"GO:0099565","GO:0099565","chemical synaptic transmission, postsynaptic","13/379","135/28928",0.0962962962962963,7.35002443076322,8.52068821863222,2.82991498849819e-08,1.92965443939852e-06,1.23966434376083e-06,"Neto1/Adora1/Nlgn3/P2rx7/Anks1b/Chrna4/Chrna3/Gria1/Atxn1/Tmem108/Igsf9b/Insyn2b/Reln",13
"GO:0051056","GO:0051056","regulation of small GTPase mediated signal transduction","17/379","244/28928",0.069672131147541,5.31787707080756,7.80407047438745,2.84120899052542e-08,1.92965443939852e-06,1.23966434376083e-06,"Rap1gap/Spry4/Spry1/Itgav/Dock10/Rasa3/Mmd2/Rit2/Frmd7/Adcyap1r1/Syde1/Timp2/Arhgef3/Apoe/Reln/Tns3/Dock9",17
"GO:0001941","GO:0001941","postsynaptic membrane organization","9/379","55/28928",0.163636363636364,12.4899016550732,9.82714927967431,3.8663941952313e-08,2.55528615114152e-06,1.64158777084636e-06,"Shisa7/Nlgn3/Zdhhc2/Ptn/Etv5/Apoe/Fzd9/Reln/Shisa6",9
"GO:0045665","GO:0045665","negative regulation of neuron differentiation","11/379","93/28928",0.118279569892473,9.02794564076375,8.93432552313223,3.94326194712287e-08,2.55528615114152e-06,1.64158777084636e-06,"Rap1gap/Gpr37l1/Olig2/Ascl1/Bmp7/Cav1/Sox2/Nkx2-2/Cntn2/Sox8/B2m",11
"GO:0031102","GO:0031102","neuron projection regeneration","10/379","73/28928",0.136986301369863,10.4557776412332,9.32017343785983,3.9505037428691e-08,2.55528615114152e-06,1.64158777084636e-06,"Cspg5/Lrp1/Xylt1/Tnr/Prrx1/Chl1/Ptn/Mmp2/Omg/Tnc",10
"GO:0045666","GO:0045666","positive regulation of neuron differentiation","12/379","117/28928",0.102564102564103,7.82842838779514,8.52727710719221,4.79396459158588e-08,3.0252882770143e-06,1.94353037001862e-06,"Ascl1/Brinp3/Bmp7/Mmd2/Brinp1/Sox2/S100b/Timp2/Etv5/Nkx2-2/Neurod1/Bmp4",12
"GO:0021953","GO:0021953","central nervous system neuron differentiation","17/379","253/28928",0.0671936758893281,5.12870357817014,7.59972895556576,4.8256132025995e-08,3.0252882770143e-06,1.94353037001862e-06,"Olig2/Ascl1/Brinp3/Brinp1/Ntrk2/Scn1b/Sox2/Faim2/Nkx2-2/Prkca/Nhlh2/Cdh11/Cntn2/Lhx1/B2m/Prdm8/Gsx1",17
"GO:0007215","GO:0007215","glutamate receptor signaling pathway","9/379","57/28928",0.157894736842105,12.0516594917373,9.62298618984631,5.34580593473194e-08,3.30063017939889e-06,2.12041776071425e-06,"Nlgn3/Slc1a1/Gria3/Grm5/Grik3/Grin3a/Gria1/Plp1/Fyn",9
"GO:0003015","GO:0003015","heart process","17/379","256/28928",0.06640625,5.06860158311346,7.53376388489523,5.72773863069688e-08,3.48366192837161e-06,2.23800250974755e-06,"Epas1/S100a1/Adora1/Slc1a1/Ednrb/Cav1/Atp1a2/Hey2/Scn1b/Atp1b1/Ehd3/Pik3r1/Prkca/Kcnip1/Cacna2d1/Kcnd2/Fyn",17
"GO:0048678","GO:0048678","response to axon injury","11/379","97/28928",0.11340206185567,8.65565922258793,8.70190744899587,6.14027902184911e-08,3.62632420493263e-06,2.32965277304939e-06,"Cspg5/Lrp1/Xylt1/Tnr/Slc1a1/Matn4/Chl1/Ptn/Mmp2/Omg/Tnc",11
"GO:0048708","GO:0048708","astrocyte differentiation","11/379","97/28928",0.11340206185567,8.65565922258793,8.70190744899587,6.14027902184911e-08,3.62632420493263e-06,2.32965277304939e-06,"Lrp1/Serpine2/Gpr37l1/Plpp3/Sox6/Qki/Stat3/Nkx2-2/Cntn2/Plp1/Sox8",11
"GO:0021537","GO:0021537","telencephalon development","19/379","322/28928",0.0590062111801242,4.50377751192252,7.28470118756378,6.24643831475569e-08,3.63631944751849e-06,2.3360739983154e-06,"Bcan/Atp1b2/Tnr/Ascl1/Atp1a2/Ntrk2/Sox2/Dbi/Mfsd2a/Gria1/Tmem108/Cntn2/Reln/Lhx1/Kcna1/Kcna2/Neurod1/Prdm8/Bmp4",19
"GO:0007411","GO:0007411","axon guidance","17/379","258/28928",0.0658914728682171,5.02931009797304,7.49035758617278,6.41211869668561e-08,3.68019488577378e-06,2.36426081521973e-06,"Lrp1/Dscam/Cntn1/Sema3d/Sema5b/Bmp7/Ptprj/Chl1/Scn1b/Zic2/Ncam1/Sema5a/Cntn2/Reln/Lhx1/Celsr3/Nfasc",17
"GO:0097485","GO:0097485","neuron projection guidance","17/379","259/28928",0.0656370656370656,5.00989191226658,7.46882232974243,6.78161296038493e-08,3.83820455744008e-06,2.46577067726277e-06,"Lrp1/Dscam/Cntn1/Sema3d/Sema5b/Bmp7/Ptprj/Chl1/Scn1b/Zic2/Ncam1/Sema5a/Cntn2/Reln/Lhx1/Celsr3/Nfasc",17
"GO:1905475","GO:1905475","regulation of protein localization to membrane","16/379","230/28928",0.0695652173913043,5.30971664563497,7.5607115938734,7.43795483672042e-08,4.15200903556654e-06,2.66736750957804e-06,"Lrp1/Shisa7/Slc1a1/Zdhhc2/Cd81/Dpp6/Ptn/Pid1/Pik3r1/Gpc5/Dab2/Tmem108/Fzd9/Shisa6/Fyn/Rhoq",16
"GO:0031103","GO:0031103","axon regeneration","9/379","61/28928",0.147540983606557,11.2613867381807,9.24370335386029,9.84027257467492e-08,5.41879874889193e-06,3.48118888950449e-06,"Cspg5/Lrp1/Xylt1/Tnr/Chl1/Ptn/Mmp2/Omg/Tnc",9
"GO:0007612","GO:0007612","learning","15/379","206/28928",0.0728155339805825,5.55780413453903,7.56410905729083,1.04996254435e-07,5.70479649096832e-06,3.66492189164694e-06,"Tnr/Neto1/Nlgn3/Slc1a1/Grm5/Slc6a1/Atp1a2/Ntrk2/Ptn/Nrxn3/Ppt1/Gria1/Atxn1/Cntn2/Reln",15
"GO:0043113","GO:0043113","receptor clustering","10/379","81/28928",0.123456790123457,9.42310824456823,8.74662317396221,1.08837045781318e-07,5.83567054682725e-06,3.74899907005731e-06,"Shisa7/Zdhhc2/Slitrk3/Cd81/Ptn/Etv5/Apoe/Fzd9/Reln/Shisa6",10
"GO:0034767","GO:0034767","positive regulation of monoatomic ion transmembrane transport","14/379","181/28928",0.0773480662983425,5.9037595300223,7.62514383983589,1.32939588290285e-07,7.03543925042743e-06,4.51976426627395e-06,"Atp1b2/Nlgn3/P2rx7/Rgs7/Cav1/Dpp6/Scn1b/Atp1b1/Adcyap1r1/Dbi/Ehd3/Reln/Plp1/Bmp4",14
"GO:0031503","GO:0031503","protein-containing complex localization","17/379","272/28928",0.0625,4.77044854881266,7.1985585118542,1.37183545609602e-07,7.10284038431988e-06,4.56306465245167e-06,"Lrp1/Cacng4/Neto1/Susd4/C1ql2/Slc1a1/Zdhhc2/Hip1/Anks1b/Tspan7/Nrxn3/Olfm2/Sirt2/Dnm3/Tmem108/Reln/Shisa6",17
"GO:0007422","GO:0007422","peripheral nervous system development","10/379","83/28928",0.120481927710843,9.19604539530152,8.61556934189956,1.37699236898471e-07,7.10284038431988e-06,4.56306465245167e-06,"Ascl1/Sox10/Ednrb/Ntrk2/Sirt2/Nhlh2/Erbb3/Sox8/Fa2h/Pmp22",10
"GO:0051965","GO:0051965","positive regulation of synapse assembly","10/379","84/28928",0.119047619047619,9.08656866440507,8.55169160254323,1.54503673005045e-07,7.8700308436945e-06,5.05592940478352e-06,"Nlgn3/Adgrb1/Slitrk3/Slitrk2/Ntrk2/Adgrl3/Il1rap/Lrrtm3/Pik3r1/Prkca",10
"GO:0098739","GO:0098739","import across plasma membrane","15/379","213/28928",0.0704225352112676,5.37515329443681,7.38421814411907,1.623845176914e-07,8.09645046896731e-06,5.20138774719321e-06,"Slc38a3/Atp1b2/Kcnj10/Slc9a9/Slc1a1/Slc6a9/Slc7a3/Slc6a1/Slc1a3/Kcnj16/Cav1/Atp1a2/Atp1b1/Slc12a4/Fyn",15
"GO:0001508","GO:0001508","action potential","14/379","184/28928",0.0760869565217391,5.80750258116324,7.53755836447884,1.62922438884741e-07,8.09645046896731e-06,5.20138774719321e-06,"P2rx7/Chrna4/Cav1/Dpp6/Atp1a2/Ntrk2/Scn1b/Gria1/Kcnip1/Cacna2d1/Kcna1/Kcna2/Kcnd2/Pmp22",14
"GO:0031641","GO:0031641","regulation of myelination","9/379","65/28928",0.138461538461538,10.5683783235234,8.89815844296917,1.73217893318596e-07,8.50437247317202e-06,5.46344832826059e-06,"Ptprz1/Sox10/Jam2/Qki/Ptn/S100b/Zfp488/Sirt2/Trf",9
"GO:0060047","GO:0060047","heart contraction","16/379","246/28928",0.0650406504065041,4.96436922152863,7.19470159524328,1.87012382151673e-07,9.0723268722389e-06,5.8283182257044e-06,"Epas1/S100a1/Adora1/Slc1a1/Ednrb/Cav1/Atp1a2/Hey2/Scn1b/Atp1b1/Ehd3/Pik3r1/Prkca/Kcnip1/Cacna2d1/Kcnd2",16
"GO:0015800","GO:0015800","acidic amino acid transport","10/379","86/28928",0.116279069767442,8.87525311407008,8.42707604462859,1.93598491292205e-07,9.28133943547926e-06,5.96259378134631e-06,"Kcnj10/Adora1/Slc1a1/P2rx7/Ttyh1/Slc6a1/Slc1a3/Ntrk2/Slc25a18/Slc17a6",10
"GO:1903522","GO:1903522","regulation of blood circulation","17/379","279/28928",0.0609318996415771,4.65075987554496,7.06002906678034,1.970239409069e-07,9.31634815855992e-06,5.98508437076875e-06,"Epas1/S100a1/Adora1/Slc1a1/Ednrb/Cav1/Atp1a2/Hey2/Scn1b/Atp1b1/Mmp2/Ehd3/Pik3r1/Prkca/Kcnip1/Cacna2d1/Kcnd2",17
"GO:1901890","GO:1901890","positive regulation of cell junction assembly","12/379","133/28928",0.0902255639097744,6.886662566707,7.83993159825144,1.98901175409746e-07,9.31634815855992e-06,5.98508437076875e-06,"Nlgn3/Adgrb1/Slitrk3/Ptprj/Cav1/Slitrk2/Ntrk2/Adgrl3/Il1rap/Lrrtm3/Pik3r1/Prkca",12
"GO:0006865","GO:0006865","amino acid transport","14/379","190/28928",0.0736842105263158,5.62410776281072,7.36804601244286,2.41811656420111e-07,1.11975284080904e-05,7.19360753010545e-06,"Slc38a3/Kcnj10/Adora1/Slc1a1/P2rx7/Slc6a9/Slc7a3/Ttyh1/Slc6a1/Slc1a3/Ntrk2/Slc25a18/Slc17a6/Slc6a11",14
"GO:0099601","GO:0099601","regulation of neurotransmitter receptor activity","8/379","50/28928",0.16,12.2123482849604,9.14268755356487,2.67840946718976e-07,1.22635040211217e-05,7.87842027782489e-06,"Cacng4/Neto1/Shisa7/Nlgn3/Slc6a9/Shisa9/Reln/Shisa6",8
"GO:0043270","GO:0043270","positive regulation of monoatomic ion transport","16/379","253/28928",0.0632411067193676,4.82701513239542,7.04440925932109,2.73496854540883e-07,1.23833298028233e-05,7.95539973383832e-06,"Atp1b2/Cntn1/Adora1/Nlgn3/P2rx7/Rgs7/Cav1/Dpp6/Scn1b/Atp1b1/Adcyap1r1/Dbi/Ehd3/Reln/Plp1/Bmp4",16
"GO:0003333","GO:0003333","amino acid transmembrane transport","11/379","113/28928",0.0973451327433628,7.43007915567282,7.89081899729633,2.97757598580819e-07,1.33263506837478e-05,8.56122289970444e-06,"Slc38a3/Kcnj10/Slc1a1/Slc6a9/Slc7a3/Ttyh1/Slc6a1/Slc1a3/Slc25a18/Slc17a6/Slc6a11",11
"GO:0072578","GO:0072578","neurotransmitter-gated ion channel clustering","6/379","22/28928",0.272727272727273,20.8165027584553,10.7132244991005,3.03787929392215e-07,1.33263506837478e-05,8.56122289970444e-06,"Shisa7/Zdhhc2/Slitrk3/Apoe/Reln/Shisa6",6
"GO:0034764","GO:0034764","positive regulation of transmembrane transport","16/379","255/28928",0.0627450980392157,4.78915619018056,7.00248009098572,3.0413511989903e-07,1.33263506837478e-05,8.56122289970444e-06,"Atp1b2/Nlgn3/P2rx7/Rgs7/Cav1/Dpp6/Scn1b/Atp1b1/Adcyap1r1/Dbi/Ehd3/Reln/Plp1/Erbb3/Rhoq/Bmp4",16
"GO:0060042","GO:0060042","retina morphogenesis in camera-type eye","10/379","91/28928",0.10989010989011,8.38760184406622,8.13251720901053,3.31588263206763e-07,1.43747039634847e-05,9.23471456433618e-06,"Dscam/Slc1a1/Stat3/Ntrk2/Ptn/Sox2/Mfsd2a/Lhx1/Sox8/Megf11",10
"GO:0006814","GO:0006814","sodium ion transport","16/379","260/28928",0.0615384615384615,4.69705703267709,6.89953749038402,3.94805326557162e-07,1.69350705865309e-05,1.08795661733813e-05,"Slc38a3/Atp1b2/Serpine2/Neto1/Cntn1/Slc9a9/P2rx7/Slc6a9/Ednrb/Slc6a1/Atp1a2/Scn1b/Atp1b1/Slc17a6/Slc4a4/Slc6a11",16
"GO:0048259","GO:0048259","regulation of receptor-mediated endocytosis","12/379","144/28928",0.0833333333333333,6.36059806508355,7.43010191484287,4.72318128951559e-07,2.00489205778917e-05,1.28799910822645e-05,"Lrp1/Susd4/Hip1/Itgav/Tspan7/Sirt2/Ppt1/Prkca/Trf/Dab2/Clu/B2m",12
"GO:0099084","GO:0099084","postsynaptic specialization organization","9/379","73/28928",0.123287671232877,9.41019987710991,8.28959018240077,4.79753379520693e-07,2.01545878509982e-05,1.29478747137055e-05,"Nlgn3/C1ql2/Slitrk3/Csmd2/Nrxn3/Adgrl3/Il1rap/Tmem108/Reln",9
"GO:0007264","GO:0007264","small GTPase-mediated signal transduction","21/379","444/28928",0.0472972972972973,3.61006917207445,6.38585225209879,5.16843688927849e-07,2.14912044120509e-05,1.38065548266763e-05,"Rap1gap/Spry4/Spry1/Itgav/Dock10/Rhoj/Rasa3/Cdc42ep1/Mmd2/Rit2/Frmd7/Adcyap1r1/Syde1/Timp2/Rsu1/Arhgef3/Apoe/Reln/Tns3/Dock9/Rhoq",21
"GO:1990778","GO:1990778","protein localization to cell periphery","20/379","409/28928",0.0488997555012225,3.73238028268962,6.41226559730753,5.76094381892483e-07,2.37129758203219e-05,1.52338833361681e-05,"Lrp1/Neto1/Kcnip3/Rab31/C1ql2/Slc1a1/Zdhhc2/Cd81/Dpp6/Atp1b1/Nrxn3/Pid1/Olfm2/Ehd3/Pik3r1/Dab2/Tmem108/Prkg2/Nfasc/Rhoq",20
"GO:0031646","GO:0031646","positive regulation of nervous system process","8/379","56/28928",0.142857142857143,10.9038823972861,8.54745663631947,6.61783015150574e-07,2.69676578673859e-05,1.73247827229419e-05,"Tnr/Nlgn3/Sox10/Qki/S100b/Zfp488/Trf/Igsf9b",8
"GO:1902003","GO:1902003","regulation of amyloid-beta formation","7/379","39/28928",0.179487179487179,13.6997496786415,9.14401779004729,6.72076701322844e-07,2.71159659197088e-05,1.74200599915572e-05,"Gsap/Spon1/Ntrk2/Abcg1/Lrrtm3/Apoe/Clu",7
"GO:1904062","GO:1904062","regulation of monoatomic cation transmembrane transport","18/379","340/28928",0.0529411764705882,4.04085053546485,6.49858043068447,6.83342174873495e-07,2.73001898295048e-05,1.75384106182702e-05,"Atp1b2/Neto1/Kcnip3/P2rx7/Rgs7/Cav1/Dpp6/Atp1a2/Scn1b/Atp1b1/Adcyap1r1/Dbi/Ehd3/Kcnip1/Plp1/Cacna2d1/Fyn/Bmp4",18
"GO:0042982","GO:0042982","amyloid precursor protein metabolic process","9/379","77/28928",0.116883116883117,8.92135832505226,8.01937345887353,7.61340723159661e-07,3.01210043385982e-05,1.93505812825557e-05,"Gsap/Spon1/Adam9/Ntrk2/Abcg1/Lrrtm3/Apoe/Soat1/Clu",9
"GO:0007413","GO:0007413","axonal fasciculation","6/379","26/28928",0.230769230769231,17.6139638725391,9.76499083158923,8.96763539754738e-07,3.44746360801939e-05,2.21474768954323e-05,"Ptprz1/Ncam2/Ncam1/Sema5a/Cntn2/Celsr3",6
"GO:0106030","GO:0106030","neuron projection fasciculation","6/379","26/28928",0.230769230769231,17.6139638725391,9.76499083158923,8.96763539754738e-07,3.44746360801939e-05,2.21474768954323e-05,"Ptprz1/Ncam2/Ncam1/Sema5a/Cntn2/Celsr3",6
"GO:1902993","GO:1902993","positive regulation of amyloid precursor protein catabolic process","6/379","26/28928",0.230769230769231,17.6139638725391,9.76499083158923,8.96763539754738e-07,3.44746360801939e-05,2.21474768954323e-05,"Gsap/Spon1/Abcg1/Lrrtm3/Apoe/Clu",6
"GO:1902475","GO:1902475","L-alpha-amino acid transmembrane transport","9/379","79/28928",0.113924050632911,8.69550115226612,7.89152476630925,9.49202956953501e-07,3.61495518652852e-05,2.32234899551732e-05,"Slc38a3/Kcnj10/Slc1a1/Slc6a9/Slc7a3/Ttyh1/Slc1a3/Slc25a18/Slc17a6",9
"GO:0097120","GO:0097120","receptor localization to synapse","10/379","102/28928",0.0980392156862745,7.48305654715712,7.55724595607199,9.67410592019831e-07,3.6275657340218e-05,2.33045036629312e-05,"Cacng4/Neto1/C1ql2/Zdhhc2/Anks1b/Nrxn3/Olfm2/Tmem108/Reln/Shisa6",10
"GO:0001936","GO:0001936","regulation of endothelial cell proliferation","12/379","154/28928",0.0779220779220779,5.9475722167015,7.09297183465335,9.70318196339574e-07,3.6275657340218e-05,2.33045036629312e-05,"F3/Stat3/Cav1/Sema5a/Prkca/Apoe/Nr4a1/Sparc/Cav2/Plxnb3/Ppp1r16b/Bmp4",12
"GO:0097106","GO:0097106","postsynaptic density organization","8/379","59/28928",0.135593220338983,10.349447699119,8.28270024956234,9.98344614087972e-07,3.69841300218953e-05,2.3759646461596e-05,"C1ql2/Slitrk3/Csmd2/Nrxn3/Adgrl3/Il1rap/Tmem108/Reln",8
"GO:0098962","GO:0098962","regulation of postsynaptic neurotransmitter receptor activity","5/379","15/28928",0.333333333333333,25.4423922603342,10.9098458284252,1.01347459399094e-06,3.72063871217393e-05,2.3902430680469e-05,"Cacng4/Neto1/Shisa7/Shisa9/Shisa6",5
"GO:0050806","GO:0050806","positive regulation of synaptic transmission","18/379","351/28928",0.0512820512820513,3.91421419389757,6.32910881440251,1.07941730249945e-06,3.92734420329041e-05,2.52303649559787e-05,"Cacng4/Serpine2/Tnr/Shisa7/Adora1/Nlgn3/Slc1a1/Zdhhc2/Gria3/Slc1a3/Ntrk2/Ptn/Syde1/Dbi/S100b/Gria1/Apoe/Reln",18
"GO:0001938","GO:0001938","positive regulation of endothelial cell proliferation","10/379","104/28928",0.0961538461538462,7.33915161355795,7.46185037797208,1.15826055170509e-06,4.17691305150288e-05,2.68336655062e-05,"F3/Stat3/Cav1/Sema5a/Prkca/Nr4a1/Cav2/Plxnb3/Ppp1r16b/Bmp4",10
"GO:0099003","GO:0099003","vesicle-mediated transport in synapse","17/379","317/28928",0.0536277602523659,4.09325553715156,6.38050074814631,1.16937829092737e-06,4.18001450485001e-05,2.68535901157558e-05,"Cspg5/Lrp1/Susd4/Nlgn3/P2rx7/Hip1/Tspan7/Scamp5/Pcdh17/Sv2b/Dnm1/Trim9/Syde1/Sirt2/Prkca/Dnm3/Slc17a6",17
"GO:0045765","GO:0045765","regulation of angiogenesis","17/379","319/28928",0.0532915360501567,4.06759249303149,6.34771648935366,1.27440080376501e-06,4.5136182013088e-05,2.89967541921989e-05,"Ddah1/S100a1/Adgrb1/Rhoj/F3/Epn2/Qki/Stat3/Itgb8/Sash1/Ptn/Sema5a/Prkca/Sparc/Tlr3/Fyn/Ppp1r16b",17
"GO:0001755","GO:0001755","neural crest cell migration","8/379","61/28928",0.131147540983607,10.0101215450495,8.11653364888472,1.29593455105063e-06,4.5136182013088e-05,2.89967541921989e-05,"Sox10/Ednrb/Sema3d/Sema5b/Bmp7/Sema5a/Sox8/Bmp4",8
"GO:0042987","GO:0042987","amyloid precursor protein catabolic process","8/379","61/28928",0.131147540983607,10.0101215450495,8.11653364888472,1.29593455105063e-06,4.5136182013088e-05,2.89967541921989e-05,"Gsap/Spon1/Adam9/Ntrk2/Abcg1/Lrrtm3/Apoe/Clu",8
"GO:0031579","GO:0031579","membrane raft organization","6/379","28/28928",0.214285714285714,16.3558235959291,9.36653717576095,1.43530419948027e-06,4.91501227973287e-05,3.15754227696368e-05,"Cav1/Npc1/Ppt1/Cav2/Fa2h/Pmp22",6
"GO:1903909","GO:1903909","regulation of receptor clustering","6/379","28/28928",0.214285714285714,16.3558235959291,9.36653717576095,1.43530419948027e-06,4.91501227973287e-05,3.15754227696368e-05,"Shisa7/Zdhhc2/Cd81/Ptn/Fzd9/Shisa6",6
"GO:0043524","GO:0043524","negative regulation of neuron apoptotic process","14/379","221/28928",0.0633484162895928,4.83520576893229,6.59427044681582,1.49373955427604e-06,5.07249056972904e-05,3.25871076446009e-05,"Ptprz1/Lrp1/Slc1a1/Chl1/Ntrk2/Faim2/Mdga2/Ppt1/Apoe/Fzd9/Erbb3/Clu/Grina/Fyn",14
"GO:0050905","GO:0050905","neuromuscular process","14/379","222/28928",0.0630630630630631,4.81342556276593,6.57175361818553,1.57561193146578e-06,5.30629638076287e-05,3.40891420057017e-05,"Tnr/Pcdh15/Ascl1/Nlgn3/Gm2a/Npas3/Slc1a3/Grin3a/Sox2/Fabp7/Mdga2/Nr4a1/Kcna1/Pmp22",14
"GO:0090497","GO:0090497","mesenchymal cell migration","8/379","63/28928",0.126984126984127,9.69233990869875,7.95787379065249,1.6659507486564e-06,5.56454860719248e-05,3.57482270225062e-05,"Sox10/Ednrb/Sema3d/Sema5b/Bmp7/Sema5a/Sox8/Bmp4",8
"GO:1901342","GO:1901342","regulation of vasculature development","17/379","326/28928",0.0521472392638037,3.98025154992958,6.23504186482102,1.71260553617848e-06,5.67387606498154e-05,3.64505773938885e-05,"Ddah1/S100a1/Adgrb1/Rhoj/F3/Epn2/Qki/Stat3/Itgb8/Sash1/Ptn/Sema5a/Prkca/Sparc/Tlr3/Fyn/Ppp1r16b",17
"GO:1904064","GO:1904064","positive regulation of cation transmembrane transport","12/379","163/28928",0.0736196319018405,5.61917865872412,6.81400151103077,1.77002146254184e-06,5.8168044031113e-05,3.73687892813376e-05,"Atp1b2/P2rx7/Rgs7/Cav1/Dpp6/Scn1b/Atp1b1/Adcyap1r1/Dbi/Ehd3/Plp1/Bmp4",12
"GO:0019228","GO:0019228","neuronal action potential","8/379","64/28928",0.125,9.54089709762533,7.88117681353322,1.88237751747532e-06,6.13655070696954e-05,3.94229295659884e-05,"P2rx7/Chrna4/Dpp6/Gria1/Kcna1/Kcna2/Kcnd2/Pmp22",8
"GO:0006936","GO:0006936","muscle contraction","17/379","329/28928",0.0516717325227964,3.94395746284816,6.18770938454761,1.93892727962955e-06,6.27073703530986e-05,4.02849803211253e-05,"Sulf2/Adora1/Ednrb/Gucy1a1/Cav1/Atp1a2/Scn1b/Chrna3/Atp1b1/Ehd3/Prkca/Calcrl/Kcnip1/Nr4a1/Cacna2d1/Kcna1/Kcnd2",17
"GO:0043523","GO:0043523","regulation of neuron apoptotic process","17/379","331/28928",0.0513595166163142,3.92012690416026,6.15646390114606,2.10445179827855e-06,6.75247328975203e-05,4.33797896586717e-05,"Ptprz1/Lrp1/Kcnip3/Ascl1/Slc1a1/Chl1/Ntrk2/Mmp2/Faim2/Mdga2/Ppt1/Apoe/Fzd9/Erbb3/Clu/Grina/Fyn",17
"GO:0048593","GO:0048593","camera-type eye morphogenesis","12/379","166/28928",0.072289156626506,5.51762723718091,6.72559557487025,2.14346754000953e-06,6.77571018339538e-05,4.35290700060815e-05,"Dscam/Slc1a1/Stat3/Bmp7/Ntrk2/Ptn/Sox2/Mfsd2a/Lhx1/Sox8/Megf11/Bmp4",12
"GO:0098698","GO:0098698","postsynaptic specialization assembly","7/379","46/28928",0.152173913043478,11.6150051623265,8.30159125441068,2.16157625482552e-06,6.77571018339538e-05,4.35290700060815e-05,"Nlgn3/C1ql2/Slitrk3/Csmd2/Nrxn3/Il1rap/Reln",7
"GO:1902991","GO:1902991","regulation of amyloid precursor protein catabolic process","7/379","46/28928",0.152173913043478,11.6150051623265,8.30159125441068,2.16157625482552e-06,6.77571018339538e-05,4.35290700060815e-05,"Gsap/Spon1/Ntrk2/Abcg1/Lrrtm3/Apoe/Clu",7
"GO:0048762","GO:0048762","mesenchymal cell differentiation","15/379","263/28928",0.0570342205323194,4.35326103313703,6.29426633811825,2.34491324819781e-06,7.29429121099701e-05,4.6860580540522e-05,"Sox10/Spry1/Ednrb/Qki/Sema3d/Sema5b/Bmp7/Hey2/Tmem100/Zic2/Ncam1/Sema5a/Dab2/Sox8/Bmp4",15
"GO:0051966","GO:0051966","regulation of synaptic transmission, glutamatergic","9/379","88/28928",0.102272727272727,7.80618853442072,7.36755752757072,2.375977667828e-06,7.3349310578781e-05,4.71216623595553e-05,"Cacng4/Serpine2/Tnr/Adora1/Nlgn3/Grm5/Grik3/Ntrk2/Reln",9
"GO:0021781","GO:0021781","glial cell fate commitment","5/379","18/28928",0.277777777777778,21.2019935502785,9.87830172728565,2.79940550715795e-06,8.57712589599145e-05,5.51018717554556e-05,"Olig2/Ascl1/Sox6/Nkx2-2/Sox8",5
"GO:0045807","GO:0045807","positive regulation of endocytosis","13/379","203/28928",0.0640394088669951,4.88794728154204,6.4049275309842,3.13596417488936e-06,9.43913303870651e-05,6.06396483494042e-05,"Lrp1/Rap1gap/Rab31/Hip1/Ptprj/Cav1/Dnm1/Ppt1/Trf/Dab2/Apoe/Clu/B2m",13
"GO:0048663","GO:0048663","neuron fate commitment","9/379","91/28928",0.0989010989010989,7.5488416596596,7.20918217040141,3.14886275417515e-06,9.43913303870651e-05,6.06396483494042e-05,"Olig1/Olig2/Ascl1/Eya1/Prrx1/Sox2/Nkx2-2/Gsx1/Bmp4",9
"GO:0008344","GO:0008344","adult locomotory behavior","10/379","116/28928",0.0862068965517241,6.57992903284505,6.93820007836931,3.15023826567874e-06,9.43913303870651e-05,6.06396483494042e-05,"Kcnj10/Pcdh15/Atp1a2/Npc1/Chl1/Ppt1/Atxn1/Cntn2/Cnp/Pmp22",10
"GO:0034205","GO:0034205","amyloid-beta formation","7/379","49/28928",0.142857142857143,10.9038823972861,7.99444449982348,3.35397071719394e-06,9.97622676829583e-05,6.40900896939018e-05,"Gsap/Spon1/Ntrk2/Abcg1/Lrrtm3/Apoe/Clu",7
"GO:0043542","GO:0043542","endothelial cell migration","14/379","237/28928",0.0590717299578059,4.5087783752491,6.24932513683646,3.3885265437009e-06,0.000100059751199864,6.42812014811911e-05,"Adgrb1/Plpp3/Itgav/Rin2/Rhoj/Sash1/Ptn/Sema5a/Prkca/Apoe/Nr4a1/Tns3/Sparc/Bmp4",14
"GO:0003012","GO:0003012","muscle system process","20/379","460/28928",0.0434782608695652,3.31857290352185,5.77559917686225,3.47487795608681e-06,0.000101871422093912,6.54450698734411e-05,"Sulf2/Adora1/Gatm/Ednrb/Gucy1a1/Cav1/Atp1a2/Hey2/Scn1b/Chrna3/Atp1b1/Ehd3/Prkca/Calcrl/Kcnip1/Nr4a1/Cacna2d1/Kcna1/Kcnd2/Bmp4",20
"GO:0043010","GO:0043010","camera-type eye development","19/379","423/28928",0.0449172576832151,3.42840746770461,5.79705036050986,3.82533783059198e-06,0.000111344654711874,7.15309412382125e-05,"Dscam/Pdgfra/Slc1a1/Spry1/Rhoj/Cryab/Stat3/Bmp7/Ntrk2/Ptn/Sox2/Mfsd2a/Slc17a6/Lhx1/Sox8/Mab21l1/Megf11/Neurod1/Bmp4",19
"GO:0007613","GO:0007613","memory","12/379","176/28928",0.0681818181818182,5.20412568961382,6.44575579954276,3.93967400634276e-06,0.000113859372878346,7.31464669934636e-05,"Neto1/Shisa7/Slc1a1/Slc6a1/Brinp1/Ntrk2/Ptn/S100b/Gria1/Atxn1/Apoe/Reln",12
"GO:0019722","GO:0019722","calcium-mediated signaling","14/379","241/28928",0.0580912863070539,4.43394387939434,6.16786700028993,4.11342032991766e-06,0.000117218096814087,7.53042058189564e-05,"Pdgfra/Gria3/Ednrb/Grm5/Grik3/Ptprj/Rit2/Tmem100/Atp1b1/Ncam1/Gria1/Car8/Itpr2/Erbb3",14
"GO:0050679","GO:0050679","positive regulation of epithelial cell proliferation","14/379","241/28928",0.0580912863070539,4.43394387939434,6.16786700028993,4.11342032991766e-06,0.000117218096814087,7.53042058189564e-05,"Ptprn/Eya1/F3/Stat3/Cav1/Ptn/Sema5a/Prkca/Nr4a1/Cav2/Tgfa/Plxnb3/Ppp1r16b/Bmp4",14
"GO:0001935","GO:0001935","endothelial cell proliferation","12/379","177/28928",0.0677966101694915,5.1747238495595,6.41894657864446,4.17707895963157e-06,0.000117390322486198,7.54148484399543e-05,"F3/Stat3/Cav1/Sema5a/Prkca/Apoe/Nr4a1/Sparc/Cav2/Plxnb3/Ppp1r16b/Bmp4",12
"GO:1903034","GO:1903034","regulation of response to wounding","12/379","177/28928",0.0677966101694915,5.1747238495595,6.41894657864446,4.17707895963157e-06,0.000117390322486198,7.54148484399543e-05,"Lrp1/Xylt1/Serpine2/Tnr/Pdgfra/Stat3/Cav1/Ptn/Ajap1/Omg/Apoe/Anxa5",12
"GO:0043603","GO:0043603","amide metabolic process","20/379","466/28928",0.0429184549356223,3.27584449703874,5.70661650445062,4.21610527220419e-06,0.000117675540987891,7.55980808361343e-05,"Gsap/Spon1/Slc1a1/P2rx7/Gm2a/St6gal2/Plpp3/Itgb8/Ugt8a/Abhd4/Ntrk2/Acss1/Abcg1/Neu4/Lrrtm3/Pcsk1n/Apoe/Degs1/Clu/Fa2h",20
"GO:0008038","GO:0008038","neuron recognition","7/379","51/28928",0.137254901960784,10.47627916602,7.80409864697089,4.41991109505375e-06,0.000122524746342476,7.8713346891505e-05,"Ptprz1/Dscam/Ncam2/Ncam1/Sema5a/Cntn2/Celsr3",7
"GO:0060079","GO:0060079","excitatory postsynaptic potential","10/379","121/28928",0.0826446280991736,6.30803113892584,6.74144480720052,4.61156209632177e-06,0.000126973753665616,8.15715144633872e-05,"Neto1/Adora1/Nlgn3/P2rx7/Chrna4/Chrna3/Gria1/Atxn1/Tmem108/Reln",10
"GO:0015813","GO:0015813","L-glutamate transmembrane transport","6/379","34/28928",0.176470588235294,13.4695017848828,8.38224940176679,4.79487262161952e-06,0.000131134939148319,8.42447771809803e-05,"Kcnj10/Slc1a1/Ttyh1/Slc1a3/Slc25a18/Slc17a6",6
"GO:1902004","GO:1902004","positive regulation of amyloid-beta formation","5/379","20/28928",0.25,19.0817941952507,9.32015959543709,4.95742545228196e-06,0.000134676724786993,8.65201199987735e-05,"Gsap/Abcg1/Lrrtm3/Apoe/Clu",5
"GO:0051932","GO:0051932","synaptic transmission, GABAergic","8/379","73/28928",0.10958904109589,8.36462211298659,7.25900692694172,5.16000493334263e-06,0.000139251788764048,8.9459269914417e-05,"Adora1/Gabra3/Slc6a1/Gabbr2/Slitrk3/Dbi/Gabrg3/Gabrg1",8
"GO:0006816","GO:0006816","calcium ion transport","20/379","473/28928",0.0422832980972516,3.22736476875275,5.62753848671143,5.26001608105297e-06,0.000141016878488756,9.05932132519303e-05,"Cacng4/Plpp4/P2rx7/Itgav/Ednrb/Chrna4/Grin3a/Cav1/Atp1a2/Atp1b1/Adcyap1r1/Dbi/Ehd3/Calcrl/Mcur1/Plp1/Itpr2/Cacna2d1/Fyn/Bmp4",20
"GO:0007269","GO:0007269","neurotransmitter secretion","12/379","182/28928",0.0659340659340659,5.03256110643973,6.28787345648081,5.56312438308636e-06,0.000147206051045954,9.45693119667518e-05,"Cspg5/P2rx7/Slc6a9/Ntrk2/Sv2b/Chrna3/Trim9/Syde1/Nrxn3/Ppt1/Prkca/Nr4a1",12
"GO:0099643","GO:0099643","signal release from synapse","12/379","182/28928",0.0659340659340659,5.03256110643973,6.28787345648081,5.56312438308636e-06,0.000147206051045954,9.45693119667518e-05,"Cspg5/P2rx7/Slc6a9/Ntrk2/Sv2b/Chrna3/Trim9/Syde1/Nrxn3/Ppt1/Prkca/Nr4a1",12
"GO:0048714","GO:0048714","positive regulation of oligodendrocyte differentiation","6/379","35/28928",0.171428571428571,13.0846588767433,8.24229115313051,5.72332033026007e-06,0.000149503399652627,9.60451933964696e-05,"Ptprz1/Olig2/Qki/Ptn/Zfp488/Nkx2-2",6
"GO:0097107","GO:0097107","postsynaptic density assembly","6/379","35/28928",0.171428571428571,13.0846588767433,8.24229115313051,5.72332033026007e-06,0.000149503399652627,9.60451933964696e-05,"C1ql2/Slitrk3/Csmd2/Nrxn3/Il1rap/Reln",6
"GO:0007405","GO:0007405","neuroblast proliferation","9/379","98/28928",0.0918367346938776,7.00963868396963,6.86617599176996,5.83389422851129e-06,0.000151421140007538,9.72772037968997e-05,"Bcan/Ascl1/Sox10/Vcan/Ncan/Ptn/Sox2/Fzd9/Kcna1",9
"GO:0033555","GO:0033555","multicellular organismal response to stress","10/379","125/28928",0.08,6.10617414248021,6.59185459200456,6.1723692770535e-06,0.00015919243546831,0.000102269702811673,"Kcnip3/Slc1a1/Ednrb/Atp1a2/Brinp1/Ncam1/Dbi/Gria1/Apoe/Reln",10
"GO:0051402","GO:0051402","neuron apoptotic process","18/379","398/28928",0.0452261306532663,3.45198286949258,5.67523610945988,6.25927334000235e-06,0.000160418483399431,0.000103057350523574,"Ptprz1/Lrp1/Kcnip3/Ascl1/Slc1a1/Minar2/Chl1/Ntrk2/Mmp2/Faim2/Mdga2/Ppt1/Apoe/Fzd9/Erbb3/Clu/Grina/Fyn",18
"GO:0060041","GO:0060041","retina development in camera-type eye","13/379","217/28928",0.0599078341013825,4.5725958440232,6.08646947810309,6.4980128528199e-06,0.000164433359864944,0.000105636620209007,"Dscam/Pdgfra/Slc1a1/Rhoj/Stat3/Ntrk2/Ptn/Sox2/Mfsd2a/Lhx1/Sox8/Megf11/Neurod1",13
"GO:0060560","GO:0060560","developmental growth involved in morphogenesis","15/379","286/28928",0.0524475524475524,4.00317360739524,5.88081662451193,6.49959609171899e-06,0.000164433359864944,0.000105636620209007,"Lrp1/Bcan/Dscam/Tnr/Nlgn3/Spry1/Sema5b/S100b/Sema5a/Omg/Apoe/Tmem108/Lhx1/Tnc/Bmp4",15
"GO:0099054","GO:0099054","presynapse assembly","7/379","54/28928",0.12962962962963,9.89426365679664,7.53753350481268,6.53698264984564e-06,0.000164433359864944,0.000105636620209007,"Nlgn3/Slitrk3/Pcdh17/Slitrk2/Il1rap/Lrrtm3/Mdga2",7
"GO:0070588","GO:0070588","calcium ion transmembrane transport","17/379","361/28928",0.0470914127423823,3.59435458525497,5.71513468173539,6.67894239694544e-06,0.000166973559923636,0.000107268516249295,"Cacng4/P2rx7/Itgav/Ednrb/Grin3a/Cav1/Atp1a2/Atp1b1/Adcyap1r1/Dbi/Ehd3/Mcur1/Plp1/Itpr2/Cacna2d1/Fyn/Bmp4",17
"GO:0098659","GO:0098659","inorganic cation import across plasma membrane","10/379","127/28928",0.078740157480315,6.01001391976399,6.5194785665985,7.11112309930936e-06,0.000175623191695064,0.000112825283240717,"Atp1b2/Kcnj10/Slc9a9/Slc6a1/Kcnj16/Cav1/Atp1a2/Atp1b1/Slc12a4/Fyn",10
"GO:0099587","GO:0099587","inorganic ion import across plasma membrane","10/379","127/28928",0.078740157480315,6.01001391976399,6.5194785665985,7.11112309930936e-06,0.000175623191695064,0.000112825283240717,"Atp1b2/Kcnj10/Slc9a9/Slc6a1/Kcnj16/Cav1/Atp1a2/Atp1b1/Slc12a4/Fyn",10
"GO:0007162","GO:0007162","negative regulation of cell adhesion","16/379","326/28928",0.049079754601227,3.74611910581608,5.74520885357904,7.43608568969895e-06,0.00018142797271039,0.000116554438006003,"Ptprz1/Lrp1/Dscam/Serpine2/Tnr/Spry4/Gpnmb/Jam2/Ajap1/Mmp2/Sema5a/Pik3r1/Erbb3/Tnc/Plxnb3/Bmp4",16
"GO:0001570","GO:0001570","vasculogenesis","9/379","101/28928",0.0891089108910891,6.80143159434677,6.72933255468969,7.47972991787622e-06,0.00018142797271039,0.000116554438006003,"Itgav/Rin2/Qki/Itgb8/Ptprj/Cav1/Hey2/Ntrk2/Tmem100",9
"GO:0014033","GO:0014033","neural crest cell differentiation","9/379","101/28928",0.0891089108910891,6.80143159434677,6.72933255468969,7.47972991787622e-06,0.00018142797271039,0.000116554438006003,"Sox10/Ednrb/Sema3d/Sema5b/Bmp7/Zic2/Sema5a/Sox8/Bmp4",9
"GO:0043087","GO:0043087","regulation of GTPase activity","13/379","220/28928",0.0590909090909091,4.51024226433197,6.02175129991183,7.53761054620442e-06,0.000181750076779781,0.000116761366729433,"Rap1gap/Mtss2/Prex1/Spry1/Dock10/Rgs7/Ntrk2/Syde1/Rsu1/Tns3/Dock9/Cav2/Plxnb3",13
"GO:0006821","GO:0006821","chloride transport","10/379","128/28928",0.078125,5.96306068601583,6.48386821202169,7.62508657128469e-06,0.000182777810458736,0.000117421611781951,"Slc1a1/Ttyh1/Gabra3/Slc6a1/Slc1a3/Slc12a4/Gabrg3/Prkg2/Slc17a6/Gabrg1",10
"GO:0062012","GO:0062012","regulation of small molecule metabolic process","18/379","405/28928",0.0444444444444444,3.39231896804456,5.5863076146907,7.93875023570831e-06,0.000189183667897727,0.000121536914965876,"Cpt1a/P2rx7/Qki/Stat3/Cav1/Abcg1/Me1/Adcyap1r1/Dbi/Mfsd2a/Pid1/Sirt2/Igfbp3/Cyp2j6/Dab2/Apoe/Slc4a4/Pgp",18
"GO:0060485","GO:0060485","mesenchyme development","16/379","328/28928",0.0487804878048781,3.72327691614647,5.71507011062772,8.0276324115756e-06,0.000190189546960294,0.000122183119997482,"Sox10/Spry1/Ednrb/Qki/Sema3d/Sema5b/Bmp7/Hey2/Tmem100/Zic2/Ncam1/Sema5a/Dab2/Erbb3/Sox8/Bmp4",16
"GO:0015807","GO:0015807","L-amino acid transport","9/379","102/28928",0.0882352941176471,6.73475089244141,6.68495217892054,8.10995436876556e-06,0.000191029271981038,0.000122722582994341,"Slc38a3/Kcnj10/Slc1a1/Slc6a9/Slc7a3/Ttyh1/Slc1a3/Slc25a18/Slc17a6",9
"GO:0048771","GO:0048771","tissue remodeling","13/379","222/28928",0.0585585585585586,4.46960945113979,5.97924833956388,8.30969041225517e-06,0.0001946091289077,0.000125022383879483,"Lrp1/Epas1/Cspg4/P2rx7/Gpnmb/Itgav/Cav1/Ptn/Mmp2/Prkca/Trf/Tns3/Cst3",13
"GO:0008306","GO:0008306","associative learning","10/379","130/28928",0.0769230769230769,5.87132129084636,6.41376642146754,8.75000372617383e-06,0.000203750086766619,0.000130894792583425,"Tnr/Neto1/Nlgn3/Slc1a1/Slc6a1/Atp1a2/Ppt1/Gria1/Atxn1/Reln",10
"GO:0048168","GO:0048168","regulation of neuronal synaptic plasticity","8/379","79/28928",0.10126582278481,7.72933435756989,6.90074729283883,9.35408281862154e-06,0.000216578906169789,0.000139136387379855,"Neto1/Kcnj10/Zdhhc2/Grm5/S100b/Shisa9/Cntn2/Shisa6",8
"GO:0099590","GO:0099590","neurotransmitter receptor internalization","7/379","57/28928",0.12280701754386,9.37351293801787,7.29104976707701,9.43543879641304e-06,0.000217228322572786,0.000139553590762291,"Lrp1/Cacng4/Susd4/Hip1/Tspan7/Sirt2/Dnm3",7
"GO:0003407","GO:0003407","neural retina development","9/379","104/28928",0.0865384615384615,6.60523645220215,6.59795478783514,9.50757388994978e-06,0.000217659346076098,0.000139830492396837,"Dscam/Slc1a1/Stat3/Ntrk2/Ptn/Lhx1/Sox8/Megf11/Neurod1",9
"GO:0042176","GO:0042176","regulation of protein catabolic process","17/379","372/28928",0.0456989247311828,3.48806990665872,5.56494932844374,9.88002383687696e-06,0.000224922330364657,0.000144496438002429,"Lrp1/Serpine2/Adgrb1/Zdhhc2/Adam9/Cd81/Cav1/Timp2/Sirt2/Trf/Timp4/Dab2/Apoe/Clu/Trib2/Cst3/Fyn",17
"GO:0019233","GO:0019233","sensory perception of pain","9/379","105/28928",0.0857142857142857,6.54232943837165,6.55531020747894,1.02802742494368e-05,0.00023271604101993,0.000149503337169278,"Kcnip3/Adora1/P2rx7/Chrna4/Tmem100/Kcna1/Kcna2/Kcnd2/Fyn",9
"GO:0007601","GO:0007601","visual perception","11/379","162/28928",0.0679012345679012,5.18270953451252,6.15107932865968,1.03365897974497e-05,0.00023271604101993,0.000149503337169278,"Epas1/Kcnj10/Pcdh15/Rlbp1/Sema5b/Zic2/Sema5a/Olfm2/Ppt1/Gucy2f/Elfn1",11
"GO:0045687","GO:0045687","positive regulation of glial cell differentiation","7/379","58/28928",0.120689655172414,9.21190064598308,7.21290386083107,1.06106934247794e-05,0.000237574591791077,0.00015262460698338,"Ptprz1/Serpine2/Olig2/Qki/Ptn/Zfp488/Nkx2-2",7
"GO:0060291","GO:0060291","long-term synaptic potentiation","14/379","263/28928",0.0532319391634981,4.0630436309279,5.74951136455386,1.11476734973897e-05,0.000248233713124935,0.000159472326649458,"Serpine2/Tnr/Shisa7/Adora1/Nlgn3/Slc1a1/Zdhhc2/Gria3/Ntrk2/Ptn/Dbi/Gria1/Apoe/Reln",14
"GO:0045862","GO:0045862","positive regulation of proteolysis","16/379","339/28928",0.0471976401179941,3.60246262093228,5.55342255387698,1.20971984846843e-05,0.000267422921550858,0.000171800014439002,"Spon1/Slc1a1/Hip1/F3/Antxr1/Adam9/Stat3/Cav1/Sirt2/Trf/Dab2/Apoe/Cntn2/Clu/Trib2/St18",16
"GO:0016311","GO:0016311","dephosphorylation","13/379","230/28928",0.0565217391304348,4.31414477457841,5.81413927672225,1.21406725121249e-05,0.000267422921550858,0.000171800014439002,"Ptprz1/Plpp4/Plpp3/Eya1/Ptprj/Plppr5/Nceh1/Mtmr10/Ptprt/Ptpre/Dusp6/Tns3/Dusp15",13
"GO:0001964","GO:0001964","startle response","6/379","40/28928",0.15,11.4490765171504,7.61947449923476,1.28072311942126e-05,0.000280492647517909,0.000180196374395102,"Pcdh15/Nlgn3/Npas3/Grin3a/Fabp7/Kcna1",6
"GO:0043266","GO:0043266","regulation of potassium ion transport","9/379","108/28928",0.0833333333333333,6.36059806508355,6.43063688540153,1.29282338934461e-05,0.000280492647517909,0.000180196374395102,"Atp1b2/Neto1/Kcnip3/Adora1/Rgs7/Cav1/Dpp6/Atp1b1/Kcnip1",9
"GO:0090596","GO:0090596","sensory organ morphogenesis","16/379","341/28928",0.0469208211143695,3.58133380790628,5.52475368900022,1.30085990730565e-05,0.000280492647517909,0.000180196374395102,"Dscam/Pcdh15/Slc1a1/Eya1/Prrx1/Stat3/Bmp7/Ntrk2/Ptn/Sox2/Mfsd2a/Lhx1/Sox8/Sparc/Megf11/Bmp4",16
"GO:0050953","GO:0050953","sensory perception of light stimulus","11/379","166/28928",0.0662650602409639,5.05782496741584,6.04106718231145,1.30143948744176e-05,0.000280492647517909,0.000180196374395102,"Epas1/Kcnj10/Pcdh15/Rlbp1/Sema5b/Zic2/Sema5a/Olfm2/Ppt1/Gucy2f/Elfn1",11
"GO:0032412","GO:0032412","regulation of monoatomic ion transmembrane transporter activity","12/379","198/28928",0.0606060606060606,4.62588950187895,5.89868492996534,1.30781847922461e-05,0.000280492647517909,0.000180196374395102,"Cacng4/Atp1b2/Neto1/Nlgn3/Slc6a9/Cav1/Atp1a2/Scn1b/Atp1b1/Shisa9/Ehd3/Reln",12
"GO:0019227","GO:0019227","neuronal action potential propagation","4/379","12/28928",0.333333333333333,25.4423922603342,9.75755655183059,1.32102145655328e-05,0.000281840965207049,0.000181062571642217,"Atp1a2/Ntrk2/Scn1b/Pmp22",4
"GO:1900271","GO:1900271","regulation of long-term synaptic potentiation","7/379","60/28928",0.116666666666667,8.90483729111697,7.06213579911897,1.33265592271865e-05,0.000282842337764505,0.000181705881568053,"Shisa7/Adora1/Nlgn3/Zdhhc2/Ptn/Apoe/Reln",7
"GO:0046942","GO:0046942","carboxylic acid transport","17/379","381/28928",0.0446194225721785,3.40567455453293,5.44621745041301,1.34544056241457e-05,0.000284076180924319,0.000182498537154351,"Slc38a3/Kcnj10/Adora1/Slc1a1/P2rx7/Slc6a9/Slc7a3/Ttyh1/Slc6a1/Slc1a3/Ntrk2/Mfsd2a/Fabp7/Apoe/Slc25a18/Slc17a6/Slc6a11",17
"GO:0009612","GO:0009612","response to mechanical stimulus","14/379","269/28928",0.0520446096654275,3.97241812243136,5.6432771118223,1.43606103039023e-05,0.000300720574482659,0.000193191364220438,"Serpine2/Pcdh15/P2rx7/Slc1a3/Cav1/Atp1a2/Ptn/Sox2/Mmp2/Kcna1/Tnc/Tlr3/Cnn2/Fyn",14
"GO:0015849","GO:0015849","organic acid transport","17/379","383/28928",0.0443864229765013,3.38789035320377,5.42031588202324,1.43905057818553e-05,0.000300720574482659,0.000193191364220438,"Slc38a3/Kcnj10/Adora1/Slc1a1/P2rx7/Slc6a9/Slc7a3/Ttyh1/Slc6a1/Slc1a3/Ntrk2/Mfsd2a/Fabp7/Apoe/Slc25a18/Slc17a6/Slc6a11",17
"GO:0048592","GO:0048592","eye morphogenesis","12/379","200/28928",0.06,4.57963060686016,5.85297092883857,1.44641061591659e-05,0.000300720574482659,0.000193191364220438,"Dscam/Slc1a1/Stat3/Bmp7/Ntrk2/Ptn/Sox2/Mfsd2a/Lhx1/Sox8/Megf11/Bmp4",12
"GO:0050435","GO:0050435","amyloid-beta metabolic process","7/379","61/28928",0.114754098360656,8.75885635191834,6.98936394390914,1.4886084648167e-05,0.000307922816960815,0.000197818287576764,"Gsap/Spon1/Ntrk2/Abcg1/Lrrtm3/Apoe/Clu",7
"GO:0051899","GO:0051899","membrane depolarization","9/379","110/28928",0.0818181818181818,6.24495082753658,6.35011656600795,1.49994684800005e-05,0.00030870118210102,0.000198318331258698,"P2rx7/Chrna4/Cav1/Atp1a2/Scn1b/Chrna3/Fzd9/Cacna2d1/B2m",9
"GO:0010810","GO:0010810","regulation of cell-substrate adhesion","13/379","235/28928",0.0553191489361702,4.22235446022568,5.71472209590764,1.52569730480054e-05,0.00031242294055589,0.000200709293680981,"Cspg5/Ptprz1/Lrp1/Prex1/Spry4/Rin2/Ptprj/Ptn/Ajap1/Pik3r1/Rsu1/Dab2/Lims2",13
"GO:0006937","GO:0006937","regulation of muscle contraction","11/379","169/28928",0.0650887573964497,4.96804109225461,5.96085387140279,1.53998738070273e-05,0.000313772428818182,0.000201576242937247,"Adora1/Gucy1a1/Cav1/Atp1a2/Chrna3/Atp1b1/Ehd3/Prkca/Calcrl/Nr4a1/Kcna1",11
"GO:0062013","GO:0062013","positive regulation of small molecule metabolic process","12/379","202/28928",0.0594059405940594,4.53428772956451,5.80785629585786,1.59766401836845e-05,0.000320391531848794,0.000205828541093433,"Cpt1a/P2rx7/Qki/Stat3/Abcg1/Adcyap1r1/Pid1/Sirt2/Cyp2j6/Dab2/Apoe/Slc4a4",12
"GO:1901379","GO:1901379","regulation of potassium ion transmembrane transport","8/379","85/28928",0.0941176470588235,7.18373428527084,6.57833400048367,1.61177066364043e-05,0.000320391531848794,0.000205828541093433,"Atp1b2/Neto1/Kcnip3/Rgs7/Cav1/Dpp6/Atp1b1/Kcnip1",8
"GO:0007156","GO:0007156","homophilic cell adhesion via plasma membrane adhesion molecules","9/379","111/28928",0.0810810810810811,6.18869000927049,6.3106004458705,1.61368568890877e-05,0.000320391531848794,0.000205828541093433,"Dscam/Pcdh15/Pcdh10/Ptprt/Cadm2/Igsf9b/Cdh11/Celsr3/Plxnb3",9
"GO:0021954","GO:0021954","central nervous system neuron development","9/379","111/28928",0.0810810810810811,6.18869000927049,6.3106004458705,1.61368568890877e-05,0.000320391531848794,0.000205828541093433,"Ascl1/Brinp1/Ntrk2/Scn1b/Prkca/Nhlh2/Cdh11/Cntn2/Prdm8",9
"GO:1902476","GO:1902476","chloride transmembrane transport","9/379","111/28928",0.0810810810810811,6.18869000927049,6.3106004458705,1.61368568890877e-05,0.000320391531848794,0.000205828541093433,"Slc1a1/Ttyh1/Gabra3/Slc6a1/Slc1a3/Slc12a4/Gabrg3/Slc17a6/Gabrg1",9
"GO:1901888","GO:1901888","regulation of cell junction assembly","15/379","309/28928",0.0485436893203883,3.70520275635935,5.50842811331489,1.62664254747466e-05,0.000320391531848794,0.000205828541093433,"Lrp1/Nlgn3/Adgrb1/Dock10/Slitrk3/Ptprj/Cav1/Slitrk2/Ntrk2/Adgrl3/Il1rap/Lrrtm3/Mdga2/Pik3r1/Prkca",15
"GO:0050680","GO:0050680","negative regulation of epithelial cell proliferation","11/379","170/28928",0.0647058823529412,4.9388173211237,5.93453659941004,1.62751035810308e-05,0.000320391531848794,0.000205828541093433,"Rap1gap/Cav1/Ptn/Sox2/Dab2/Apoe/Lims2/Sparc/Cav2/B2m/Bmp4",11
"GO:0098656","GO:0098656","monoatomic anion transmembrane transport","10/379","140/28928",0.0714285714285714,5.45194119864305,6.08392067436669,1.678596705706e-05,0.00032885969114192,0.000211268725055203,"Slc1a1/Ttyh1/Gabra3/Slc6a1/Slc1a3/Slc12a4/Gabrg3/Slc17a6/Slc4a4/Gabrg1",10
"GO:0070570","GO:0070570","regulation of neuron projection regeneration","6/379","42/28928",0.142857142857143,10.9038823972861,7.40052055024978,1.71211740750866e-05,0.000332232306457038,0.000213435388093937,"Lrp1/Xylt1/Tnr/Prrx1/Ptn/Omg",6
"GO:0071827","GO:0071827","plasma lipoprotein particle organization","6/379","42/28928",0.142857142857143,10.9038823972861,7.40052055024978,1.71211740750866e-05,0.000332232306457038,0.000213435388093937,"Abcg1/Mfsd2a/Lcat/Pla2g7/Apoe/Soat1",6
"GO:0006835","GO:0006835","dicarboxylic acid transport","9/379","112/28928",0.0803571428571429,6.13343384847343,6.27156584064835,1.73468482190898e-05,0.000333435879682976,0.000214208597422425,"Kcnj10/Adora1/Slc1a1/P2rx7/Ttyh1/Slc1a3/Ntrk2/Slc25a18/Slc17a6",9
"GO:0035418","GO:0035418","protein localization to synapse","9/379","112/28928",0.0803571428571429,6.13343384847343,6.27156584064835,1.73468482190898e-05,0.000333435879682976,0.000214208597422425,"Neto1/Nlgn3/C1ql2/Zdhhc2/Slitrk3/Nrxn3/Olfm2/Tmem108/Reln",9
"GO:0050731","GO:0050731","positive regulation of peptidyl-tyrosine phosphorylation","11/379","172/28928",0.063953488372093,4.88138921273854,5.88251486070858,1.81557102003656e-05,0.000347345159936573,0.000223144310690928,"Ptprz1/Cspg4/Cntn1/Pdgfra/Plpp3/Ptprj/Gfra1/Reln/Cav2/Tgfa/Fyn",11
"GO:0001654","GO:0001654","eye development","19/379","473/28928",0.040169133192389,3.06599653031512,5.21983428617802,1.84482490276776e-05,0.000351292592466291,0.000225680252493036,"Dscam/Pdgfra/Slc1a1/Spry1/Rhoj/Cryab/Stat3/Bmp7/Ntrk2/Ptn/Sox2/Mfsd2a/Slc17a6/Lhx1/Sox8/Mab21l1/Megf11/Neurod1/Bmp4",19
"GO:0010469","GO:0010469","regulation of signaling receptor activity","9/379","113/28928",0.079646017699115,6.07915567282322,6.2330022855131,1.86331843016757e-05,0.000353163841996876,0.00022688239587891,"Cacng4/Neto1/Shisa7/Nlgn3/Slc6a9/Ptprj/Shisa9/Reln/Shisa6",9
"GO:0098870","GO:0098870","action potential propagation","4/379","13/28928",0.307692307692308,23.4852851633854,9.34295657005367,1.88841600656311e-05,0.000356263667904846,0.000228873811321757,"Atp1a2/Ntrk2/Scn1b/Pmp22",4
"GO:0014032","GO:0014032","neural crest cell development","8/379","87/28928",0.0919540229885057,7.01859096836806,6.477764432509,1.91308630596781e-05,0.000358237818767621,0.000230142061420749,"Sox10/Ednrb/Sema3d/Sema5b/Bmp7/Sema5a/Sox8/Bmp4",8
"GO:0006820","GO:0006820","monoatomic anion transport","11/379","173/28928",0.0635838150289017,4.85317309012155,5.85680462320369,1.91646244150531e-05,0.000358237818767621,0.000230142061420749,"Slc1a1/Ttyh1/Gabra3/Slc6a1/Slc1a3/Slc12a4/Gabrg3/Prkg2/Slc17a6/Slc4a4/Gabrg1",11
"GO:0010721","GO:0010721","negative regulation of cell development","15/379","314/28928",0.0477707006369427,3.64620271246828,5.43218435461,1.96201074219782e-05,0.00036286499157238,0.0002331146875145,"Tnr/Gpr37l1/Tmem176a/Sox10/Ednrb/Tmem176b/Qki/Bmp7/Brinp1/Ptn/Sema5a/Sirt2/Pik3r1/B2m/Bmp4",15
"GO:0045165","GO:0045165","cell fate commitment","15/379","314/28928",0.0477707006369427,3.64620271246828,5.43218435461,1.96201074219782e-05,0.00036286499157238,0.0002331146875145,"Olig1/Epas1/Olig2/Ascl1/Eya1/Prrx1/Sox6/Stat3/Hey2/Sox2/Nkx2-2/Sox8/Neurod1/Gsx1/Bmp4",15
"GO:0099174","GO:0099174","regulation of presynapse organization","6/379","43/28928",0.13953488372093,10.6503037368841,7.29650487581211,1.96793038374223e-05,0.00036286499157238,0.0002331146875145,"Nlgn3/Slitrk3/Slitrk2/Il1rap/Lrrtm3/Mdga2",6
"GO:0150063","GO:0150063","visual system development","19/379","476/28928",0.0399159663865546,3.04667302277111,5.18765867846879,2.0122766075266e-05,0.000369370593498689,0.000237294069365512,"Dscam/Pdgfra/Slc1a1/Spry1/Rhoj/Cryab/Stat3/Bmp7/Ntrk2/Ptn/Sox2/Mfsd2a/Slc17a6/Lhx1/Sox8/Mab21l1/Megf11/Neurod1/Bmp4",19
"GO:0051963","GO:0051963","regulation of synapse assembly","12/379","208/28928",0.0576923076923077,4.40349096813477,5.67596755960034,2.13734963069701e-05,0.000390569495295529,0.000250912840762023,"Nlgn3/Adgrb1/Dock10/Slitrk3/Slitrk2/Ntrk2/Adgrl3/Il1rap/Lrrtm3/Mdga2/Pik3r1/Prkca",12
"GO:0022898","GO:0022898","regulation of transmembrane transporter activity","12/379","209/28928",0.0574162679425837,4.382421633359,5.65447231465051,2.24124351583967e-05,0.000407286763877066,0.000261652484794902,"Cacng4/Atp1b2/Neto1/Nlgn3/Slc6a9/Cav1/Atp1a2/Scn1b/Atp1b1/Shisa9/Ehd3/Reln",12
"GO:0015698","GO:0015698","inorganic anion transport","11/379","176/28928",0.0625,4.77044854881266,5.78084300867306,2.24882262263411e-05,0.000407286763877066,0.000261652484794902,"Slc1a1/Ttyh1/Gabra3/Slc6a1/Slc1a3/Slc12a4/Gabrg3/Prkg2/Slc17a6/Slc4a4/Gabrg1",11
"GO:0050730","GO:0050730","regulation of peptidyl-tyrosine phosphorylation","13/379","244/28928",0.0532786885245902,4.06661187767637,5.54255130901725,2.26662365913089e-05,0.000408694310219397,0.000262556732196484,"Ptprz1/Cspg4/Cntn1/Pdgfra/Plpp3/Ptprj/Cav1/Gfra1/Prkca/Reln/Cav2/Tgfa/Fyn",13
"GO:0030856","GO:0030856","regulation of epithelial cell differentiation","11/379","177/28928",0.0621468926553672,4.74349686209621,5.75590320247271,2.37016155030509e-05,0.000425480542620847,0.00027334068052904,"Ascl1/Spry1/Bmp7/Cav1/Hey2/Tmem100/Sox2/Ajap1/Nkx2-2/Lhx1/Bmp4",11
"GO:0002028","GO:0002028","regulation of sodium ion transport","8/379","90/28928",0.0888888888888889,6.78463793608912,6.33272632314072,2.45283887282155e-05,0.000437228795686994,0.000280888089085839,"Atp1b2/Serpine2/Neto1/Cntn1/P2rx7/Atp1a2/Scn1b/Atp1b1",8
"GO:0048880","GO:0048880","sensory system development","19/379","483/28928",0.0393374741200828,3.00251834128168,5.11355523390216,2.45706488864593e-05,0.000437228795686994,0.000280888089085839,"Dscam/Pdgfra/Slc1a1/Spry1/Rhoj/Cryab/Stat3/Bmp7/Ntrk2/Ptn/Sox2/Mfsd2a/Slc17a6/Lhx1/Sox8/Mab21l1/Megf11/Neurod1/Bmp4",19
"GO:0050770","GO:0050770","regulation of axonogenesis","11/379","178/28928",0.0617977528089888,4.71684800332039,5.73114940962431,2.49712019871721e-05,0.000442424556946636,0.000284225992412343,"Lrp1/Dscam/Tnr/Lrrc4c/Ntrk2/Metrn/Sema5a/Omg/Apoe/Cntn2/Plxnb3",11
"GO:0099171","GO:0099171","presynaptic modulation of chemical synaptic transmission","7/379","66/28928",0.106060606060606,8.09530662828816,6.6489914975077,2.51240143909111e-05,0.000443123085435814,0.000284674746781755,"P2rx7/Hip1/Chrna4/Grin3a/Chrna3/Nrxn3/Prkca",7
"GO:0040013","GO:0040013","negative regulation of locomotion","16/379","360/28928",0.0444444444444444,3.39231896804456,5.2626715738129,2.52281118579408e-05,0.000443123085435814,0.000284674746781755,"Lrp1/Atp1b2/Abhd2/Adora1/Adgrb1/Stat3/Ptprj/Cav1/Ptn/Sema5a/Igfbp3/Ptprt/Apoe/Cdh11/Plxnb3/Cnn2",16
"GO:1902414","GO:1902414","protein localization to cell junction","10/379","147/28928",0.0680272108843537,5.19232495108862,5.87133036829912,2.56270045927241e-05,0.00044408333563276,0.000285291638545347,"Neto1/Nlgn3/C1ql2/Zdhhc2/Slitrk3/Hepacam/Nrxn3/Olfm2/Tmem108/Reln",10
"GO:0001504","GO:0001504","neurotransmitter uptake","6/379","45/28928",0.133333333333333,10.1769569041337,7.09838664565302,2.57186913397132e-05,0.00044408333563276,0.000285291638545347,"Kcnj10/Slc6a9/Slc6a1/Atp1a2/Slc17a6/Slc6a11",6
"GO:0051938","GO:0051938","L-glutamate import","6/379","45/28928",0.133333333333333,10.1769569041337,7.09838664565302,2.57186913397132e-05,0.00044408333563276,0.000285291638545347,"Kcnj10/Slc1a1/Ttyh1/Slc1a3/Slc25a18/Slc17a6",6
"GO:1904861","GO:1904861","excitatory synapse assembly","6/379","45/28928",0.133333333333333,10.1769569041337,7.09838664565302,2.57186913397132e-05,0.00044408333563276,0.000285291638545347,"C1ql2/Slitrk3/Csmd2/Nrxn3/Il1rap/Reln",6
"GO:0048484","GO:0048484","enteric nervous system development","4/379","14/28928",0.285714285714286,21.8077647945722,8.97245341271543,2.61646278486034e-05,0.000446112378590204,0.000286595152871511,"Ascl1/Sox10/Ednrb/Sox8",4
"GO:0097113","GO:0097113","AMPA glutamate receptor clustering","4/379","14/28928",0.285714285714286,21.8077647945722,8.97245341271543,2.61646278486034e-05,0.000446112378590204,0.000286595152871511,"Shisa7/Zdhhc2/Apoe/Shisa6",4
"GO:0097688","GO:0097688","glutamate receptor clustering","4/379","14/28928",0.285714285714286,21.8077647945722,8.97245341271543,2.61646278486034e-05,0.000446112378590204,0.000286595152871511,"Shisa7/Zdhhc2/Apoe/Shisa6",4
"GO:0070371","GO:0070371","ERK1 and ERK2 cascade","16/379","362/28928",0.0441988950276243,3.37357687429846,5.23610954437191,2.69745035827149e-05,0.000458004592081514,0.000294235045658824,"Lrp1/Pdgfra/Zfp36l2/Spry4/Gpnmb/Spry1/Itgav/Cav1/Ndrg2/Prkca/Trf/Dab2/Apoe/Dusp6/Bmp4/Dusp15",16
"GO:0010594","GO:0010594","regulation of endothelial cell migration","11/379","181/28928",0.0607734806629834,4.63866820216038,5.65797899693988,2.91390212050534e-05,0.000492574189276729,0.000316443528248299,"Adgrb1/Plpp3/Rin2/Rhoj/Sash1/Ptn/Sema5a/Prkca/Apoe/Sparc/Bmp4",11
"GO:0071825","GO:0071825","protein-lipid complex organization","6/379","46/28928",0.130434782608696,9.95571871056556,7.00392651606574,2.92522586024463e-05,0.000492574189276729,0.000316443528248299,"Abcg1/Mfsd2a/Lcat/Pla2g7/Apoe/Soat1",6
"GO:0055074","GO:0055074","calcium ion homeostasis","16/379","365/28928",0.0438356164383562,3.34584884519464,5.19661329016297,2.97950244509591e-05,0.000499649072582956,0.000320988632486616,"Adora1/P2rx7/Itgav/Cav1/Sv2b/Atp1b1/Nt5e/Dbi/S100b/Prkca/Mcur1/Apoe/Fzd9/Itpr2/Cav2/Grina",16
"GO:0030336","GO:0030336","negative regulation of cell migration","15/379","326/28928",0.0460122699386503,3.51198666170258,5.25537584233707,3.0279851783514e-05,0.000505698344335326,0.000324874854985329,"Lrp1/Atp1b2/Abhd2/Adora1/Adgrb1/Stat3/Ptprj/Cav1/Ptn/Igfbp3/Ptprt/Apoe/Cdh11/Plxnb3/Cnn2",15
"GO:0099172","GO:0099172","presynapse organization","7/379","68/28928",0.102941176470588,7.85720937451498,6.52273231012881,3.05812687459376e-05,0.000508647633223247,0.000326769561207934,"Nlgn3/Slitrk3/Pcdh17/Slitrk2/Il1rap/Lrrtm3/Mdga2",7
"GO:0001764","GO:0001764","neuron migration","12/379","216/28928",0.0555555555555556,4.2403987100557,5.50768959384078,3.09980048310752e-05,0.000513483210108258,0.000329876071950723,"Ptprz1/Ascl1/Stat3/Chl1/Ntrk2/Adgrl3/Mdga2/Cntn2/Reln/Lhx1/Celsr3/Fyn",12
"GO:0035725","GO:0035725","sodium ion transmembrane transport","11/379","184/28928",0.0597826086956522,4.56303774234255,5.58639428358862,3.38941336031823e-05,0.000559184592846023,0.000359235927002405,"Atp1b2/Neto1/Slc9a9/Slc6a9/Slc6a1/Atp1a2/Scn1b/Atp1b1/Slc17a6/Slc4a4/Slc6a11",11
"GO:0031643","GO:0031643","positive regulation of myelination","5/379","29/28928",0.172413793103448,13.1598580656901,7.54852242618183,3.44627911443546e-05,0.000563999493627491,0.000362329154834115,"Sox10/Qki/S100b/Zfp488/Trf",5
"GO:0035235","GO:0035235","ionotropic glutamate receptor signaling pathway","5/379","29/28928",0.172413793103448,13.1598580656901,7.54852242618183,3.44627911443546e-05,0.000563999493627491,0.000362329154834115,"Gria3/Grik3/Grin3a/Gria1/Plp1",5
"GO:0097475","GO:0097475","motor neuron migration","4/379","15/28928",0.266666666666667,20.3539138082674,8.63860679330821,3.53105017593716e-05,0.000575561178677756,0.000369756706844451,"Ascl1/Reln/Lhx1/Celsr3",4
"GO:0016358","GO:0016358","dendrite development","15/379","331/28928",0.0453172205438066,3.45893550367081,5.184140333774,3.60513068251731e-05,0.000585295120767253,0.000376010065314345,"Ptprz1/Dscam/Nlgn3/Prex1/Dock10/Bmp7/Grin3a/Ntrk2/Ptn/Chrna3/Mfsd2a/Dnm3/Apoe/Reln/Fyn",15
"GO:0032409","GO:0032409","regulation of transporter activity","12/379","220/28928",0.0545454545454545,4.16330055169105,5.42657964172809,3.70858817376689e-05,0.000599702254289686,0.000385265613540445,"Cacng4/Atp1b2/Neto1/Nlgn3/Slc6a9/Cav1/Atp1a2/Scn1b/Atp1b1/Shisa9/Ehd3/Reln",12
"GO:1990573","GO:1990573","potassium ion import across plasma membrane","6/379","48/28928",0.125,9.54089709762533,6.82340840566422,3.74881498215778e-05,0.000603811108786283,0.000387905257359118,"Atp1b2/Kcnj10/Kcnj16/Atp1a2/Atp1b1/Slc12a4",6
"GO:0048706","GO:0048706","embryonic skeletal system development","10/379","154/28928",0.0649350649350649,4.95631018058459,5.67187207198512,3.81915618053637e-05,0.000612718954160854,0.000393627908039534,"Xylt1/Sulf2/Pdgfra/Chst11/Eya1/Prrx1/Bmp7/Mmp16/Lhx1/Bmp4",10
"GO:0030198","GO:0030198","extracellular matrix organization","15/379","333/28928",0.045045045045045,3.43816111626138,5.15602862352588,3.86182045879577e-05,0.00061713405370952,0.000396464292302377,"Sulf2/Tnr/Pdgfra/Antxr1/Aebp1/Matn4/Mmp16/Cav1/Mmp15/Mmp2/Sema5a/Cyp2j6/Cav2/Cst3/Pmp22",15
"GO:1903035","GO:1903035","negative regulation of response to wounding","8/379","96/28928",0.0833333333333333,6.36059806508355,6.06160077288776,3.91978483002108e-05,0.000623950124309996,0.000400843127971317,"Xylt1/Serpine2/Tnr/Pdgfra/Stat3/Ajap1/Apoe/Anxa5",8
"GO:0045229","GO:0045229","external encapsulating structure organization","15/379","334/28928",0.0449101796407186,3.42786722070371,5.14205314697112,3.99609454293414e-05,0.000633621994648117,0.000407056609800418,"Sulf2/Tnr/Pdgfra/Antxr1/Aebp1/Matn4/Mmp16/Cav1/Mmp15/Mmp2/Sema5a/Cyp2j6/Cav2/Cst3/Pmp22",15
"GO:0043062","GO:0043062","extracellular structure organization","15/379","335/28928",0.0447761194029851,3.41763478123892,5.12813074028595,4.13445903482985e-05,0.000653020177012854,0.000419518548332184,"Sulf2/Tnr/Pdgfra/Antxr1/Aebp1/Matn4/Mmp16/Cav1/Mmp15/Mmp2/Sema5a/Cyp2j6/Cav2/Cst3/Pmp22",15
"GO:0055088","GO:0055088","lipid homeostasis","11/379","189/28928",0.0582010582010582,4.44232245815359,5.47044276602661,4.33097093021339e-05,0.000679803189933234,0.000436724709942255,"Adora1/Minar2/Cav1/Abhd4/Npc1/Abcg1/Lcat/Scd1/Apoe/Soat1/Tlcd1",11
"GO:0021700","GO:0021700","developmental maturation","17/379","418/28928",0.0406698564593301,3.10421532362929,4.99293099224122,4.33739458607708e-05,0.000679803189933234,0.000436724709942255,"Xylt1/Epas1/Bcan/Cspg4/Abhd2/Ascl1/Sox10/C1ql2/Ednrb/Mmp2/Sirt2/Srrm4/Cntn2/Reln/Sox8/Nfasc/Pmp22",17
"GO:0048864","GO:0048864","stem cell development","8/379","98/28928",0.0816326530612245,6.23078994130634,5.97632007541352,4.54755691875959e-05,0.000710011281377216,0.000456131238433358,"Sox10/Ednrb/Sema3d/Sema5b/Bmp7/Sema5a/Sox8/Bmp4",8
"GO:0036293","GO:0036293","response to decreased oxygen levels","16/379","379/28928",0.0422163588390501,3.22225548415842,5.01757639791597,4.67063585005535e-05,0.000726444316373112,0.000466688282807861,"Ddah1/Epas1/Cpt1a/Adora1/Slc1a1/Cryab/Arnt2/Stat3/Chrna4/Cav1/Sox2/Atp1b1/Mmp2/Sirt2/Itpr2/Kcnd2",16
"GO:0006874","GO:0006874","intracellular calcium ion homeostasis","15/379","339/28928",0.0442477876106195,3.37730870712401,5.07296423221679,4.73097295643536e-05,0.000733030980892551,0.00047091974155112,"Adora1/P2rx7/Itgav/Cav1/Sv2b/Atp1b1/Dbi/S100b/Prkca/Mcur1/Apoe/Fzd9/Itpr2/Cav2/Grina",15
"GO:1903825","GO:1903825","organic acid transmembrane transport","10/379","158/28928",0.0632911392405063,4.83083397348118,5.56323999148113,4.74950817314902e-05,0.000733115371423571,0.000470973956404371,"Slc38a3/Kcnj10/Slc1a1/Slc6a9/Slc7a3/Ttyh1/Slc1a3/Slc25a18/Slc17a6/Slc6a11",10
"GO:0001894","GO:0001894","tissue homeostasis","14/379","301/28928",0.0465116279069767,3.55010124562803,5.12422988127309,4.93717842225046e-05,0.000756353461303407,0.000485902759641349,"Atp1b2/Pcdh15/Adora1/Slc1a1/P2rx7/Itgav/Minar2/Brinp1/Nt5e/Mfsd2a/Prkca/Trf/Tns3/Neurod1",14
"GO:0060249","GO:0060249","anatomical structure homeostasis","14/379","301/28928",0.0465116279069767,3.55010124562803,5.12422988127309,4.93717842225046e-05,0.000756353461303407,0.000485902759641349,"Atp1b2/Pcdh15/Adora1/Slc1a1/P2rx7/Itgav/Minar2/Brinp1/Nt5e/Mfsd2a/Prkca/Trf/Tns3/Neurod1",14
"GO:2000146","GO:2000146","negative regulation of cell motility","15/379","342/28928",0.043859649122807,3.34768319214924,5.03212825485681,5.22672255006612e-05,0.000796529596166059,0.00051171303988763,"Lrp1/Atp1b2/Abhd2/Adora1/Adgrb1/Stat3/Ptprj/Cav1/Ptn/Igfbp3/Ptprt/Apoe/Cdh11/Plxnb3/Cnn2",15
"GO:1903169","GO:1903169","regulation of calcium ion transmembrane transport","11/379","193/28928",0.0569948186528497,4.35025359891725,5.38054897305066,5.23852593306758e-05,0.000796529596166059,0.00051171303988763,"P2rx7/Cav1/Atp1a2/Atp1b1/Adcyap1r1/Dbi/Ehd3/Plp1/Cacna2d1/Fyn/Bmp4",11
"GO:0008347","GO:0008347","glial cell migration","7/379","74/28928",0.0945945945945946,7.2201383441489,6.17289290994498,5.30781776667603e-05,0.000800398223235903,0.000514198354843446,"Ptprz1/Lrp1/Atp1b2/Cspg4/Vcan/Reln/Pmp22",7
"GO:0098884","GO:0098884","postsynaptic neurotransmitter receptor internalization","6/379","51/28928",0.117647058823529,8.97966785658855,6.57157878444339,5.32289370544613e-05,0.000800398223235903,0.000514198354843446,"Lrp1/Susd4/Hip1/Tspan7/Sirt2/Dnm3",6
"GO:0140239","GO:0140239","postsynaptic endocytosis","6/379","51/28928",0.117647058823529,8.97966785658855,6.57157878444339,5.32289370544613e-05,0.000800398223235903,0.000514198354843446,"Lrp1/Susd4/Hip1/Tspan7/Sirt2/Dnm3",6
"GO:0048754","GO:0048754","branching morphogenesis of an epithelial tube","11/379","194/28928",0.0567010309278351,4.32782961129396,5.35845706862069,5.4893918073851e-05,0.000822399691731408,0.000528332717684472,"Pdgfra/Spry1/Eya1/Bmp7/Sox2/Sema5a/Etv5/Lhx1/Sox8/Tnc/Bmp4",11
"GO:0060402","GO:0060402","calcium ion transport into cytosol","5/379","32/28928",0.15625,11.9261213720317,7.12521539945718,5.65839932114086e-05,0.000844614550683113,0.000542604168562842,"P2rx7/Cav1/Adcyap1r1/Cacna2d1/Bmp4",5
"GO:0034248","GO:0034248","regulation of amide metabolic process","7/379","75/28928",0.0933333333333333,7.12386983289358,6.11838705209244,5.78904304792776e-05,0.000860961694171738,0.000553106033814688,"Gsap/Spon1/Ntrk2/Abcg1/Lrrtm3/Apoe/Clu",7
"GO:0010524","GO:0010524","positive regulation of calcium ion transport into cytosol","4/379","17/28928",0.235294117647059,17.9593357131771,8.05893389723792,6.03025141103996e-05,0.000890336032608255,0.000571976935898413,"P2rx7/Cav1/Adcyap1r1/Bmp4",4
"GO:0061000","GO:0061000","negative regulation of dendritic spine development","4/379","17/28928",0.235294117647059,17.9593357131771,8.05893389723792,6.03025141103996e-05,0.000890336032608255,0.000571976935898413,"Nlgn3/Grin3a/Dnm3/Apoe",4
"GO:0022612","GO:0022612","gland morphogenesis","10/379","163/28928",0.0613496932515337,4.6826488822701,5.43247553350003,6.17839803776298e-05,0.000905244474702481,0.000581554538866018,"Sulf2/Bmp7/Cav1/Ptn/Mmp2/Etv5/Lims2/Tgfa/Tnc/Bmp4",10
"GO:0050768","GO:0050768","negative regulation of neurogenesis","10/379","163/28928",0.0613496932515337,4.6826488822701,5.43247553350003,6.17839803776298e-05,0.000905244474702481,0.000581554538866018,"Tnr/Gpr37l1/Sox10/Bmp7/Brinp1/Ptn/Sema5a/Sirt2/B2m/Bmp4",10
"GO:0061138","GO:0061138","morphogenesis of a branching epithelium","12/379","232/28928",0.0517241379310345,3.94795741970703,5.19433995253031,6.19787014581576e-05,0.000905244474702481,0.000581554538866018,"Pdgfra/Sox10/Spry1/Eya1/Bmp7/Sox2/Sema5a/Etv5/Lhx1/Sox8/Tnc/Bmp4",12
"GO:0099505","GO:0099505","regulation of presynaptic membrane potential","5/379","33/28928",0.151515151515152,11.5647237546974,6.99648034897881,6.59753125956947e-05,0.000960176424383771,0.000616844370020649,"Gria3/Grik3/Gria1/Kcna1/Kcna2",5
"GO:0098661","GO:0098661","inorganic anion transmembrane transport","9/379","133/28928",0.0676691729323308,5.16499692503025,5.54699553934701,6.75489224480141e-05,0.00097957956930839,0.000629309496640611,"Slc1a1/Ttyh1/Gabra3/Slc6a1/Slc1a3/Slc12a4/Gabrg3/Slc17a6/Gabrg1",9
"GO:0015711","GO:0015711","organic anion transport","18/379","477/28928",0.0377358490566038,2.88027082192463,4.7709699469813,6.8233846942889e-05,0.000986003284724371,0.000633436272291769,"Slc38a3/Kcnj10/Adora1/Slc1a1/P2rx7/Slc6a9/Slc7a3/Ttyh1/Slc6a1/Slc1a3/Ntrk2/Mfsd2a/Fabp7/Apoe/Slc25a18/Slc17a6/Slc4a4/Slc6a11",18
"GO:0006979","GO:0006979","response to oxidative stress","17/379","434/28928",0.0391705069124424,2.98977420570748,4.81224581923975,6.88337255619704e-05,0.000991157002349927,0.000636747165603944,"Epas1/Gpr37l1/Ptprn/Pdgfra/Slc1a1/Adam9/Cryab/Chrna4/Adcyap1r1/Mmp2/Etv5/Sirt2/Prkca/Apoe/Cst3/Fyn/Bmp4",17
"GO:0099068","GO:0099068","postsynapse assembly","8/379","104/28928",0.0769230769230769,5.87132129084636,5.7340591976982,6.95407683962879e-05,0.000997812081742511,0.000641022575988021,"Nlgn3/C1ql2/Dock10/Slitrk3/Csmd2/Nrxn3/Il1rap/Reln",8
"GO:0006672","GO:0006672","ceramide metabolic process","8/379","105/28928",0.0761904761904762,5.81540394521925,5.695523332966,7.44282318310798e-05,0.0010616523914278,0.000682035388435501,"P2rx7/Gm2a/Plpp3/Itgb8/Ugt8a/Neu4/Degs1/Fa2h",8
"GO:0051057","GO:0051057","positive regulation of small GTPase mediated signal transduction","7/379","78/28928",0.0897435897435897,6.84987483932075,5.96069389031249,7.45110635456074e-05,0.0010616523914278,0.000682035388435501,"Itgav/Mmd2/Frmd7/Adcyap1r1/Arhgef3/Reln/Tns3",7
"GO:0021761","GO:0021761","limbic system development","9/379","135/28928",0.0666666666666667,5.08847845206684,5.48606553541568,7.58305406507834e-05,0.00107312233354249,0.000689404002200886,"Bcan/Atp1a2/Mfsd2a/Nhlh2/Tmem108/Reln/Kcna1/Neurod1/Gsx1",9
"GO:0006935","GO:0006935","chemotaxis","18/379","481/28928",0.0374220374220374,2.85631846581715,4.73023414980884,7.58427563338007e-05,0.00107312233354249,0.000689404002200886,"Lrp1/Dscam/Cmtm5/Pdgfra/Prex1/Itgav/Ednrb/Sema3d/Ptprj/Ptn/Mmp2/Sema5a/Pde4b/Prkca/Pla2g7/Nr4a1/Plxnb3/Bmp4",18
"GO:0007214","GO:0007214","gamma-aminobutyric acid signaling pathway","5/379","34/28928",0.147058823529412,11.2245848207357,6.87317115595015,7.65236643153629e-05,0.00107528942098312,0.000690796200189864,"Shisa7/Gabra3/Gabbr2/Gabrg3/Gabrg1",5
"GO:0034250","GO:0034250","positive regulation of amide metabolic process","5/379","34/28928",0.147058823529412,11.2245848207357,6.87317115595015,7.65236643153629e-05,0.00107528942098312,0.000690796200189864,"Gsap/Abcg1/Lrrtm3/Apoe/Clu",5
"GO:0042330","GO:0042330","taxis","18/379","483/28928",0.0372670807453416,2.84449106016159,4.710022734942,7.99210809027878e-05,0.00111916977552873,0.000718986175457527,"Lrp1/Dscam/Cmtm5/Pdgfra/Prex1/Itgav/Ednrb/Sema3d/Ptprj/Ptn/Mmp2/Sema5a/Pde4b/Prkca/Pla2g7/Nr4a1/Plxnb3/Bmp4",18
"GO:0072659","GO:0072659","protein localization to plasma membrane","14/379","315/28928",0.0444444444444444,3.39231896804456,4.91890591319241,8.02746281695509e-05,0.00112027092394151,0.000719693584202138,"Lrp1/Kcnip3/Rab31/Zdhhc2/Cd81/Dpp6/Atp1b1/Pid1/Ehd3/Pik3r1/Dab2/Prkg2/Nfasc/Rhoq",14
"GO:0048701","GO:0048701","embryonic cranial skeleton morphogenesis","6/379","55/28928",0.109090909090909,8.3266011033821,6.26633759948435,8.19924912697952e-05,0.00114033925571473,0.000732586045582829,"Pdgfra/Chst11/Prrx1/Mmp16/Lhx1/Bmp4",6
"GO:0048545","GO:0048545","response to steroid hormone","15/379","357/28928",0.0420168067226891,3.20702423449591,4.8345309175414,8.45269785820387e-05,0.00117158992422384,0.000752662354935661,"Abhd2/Sox10/Zfp36l2/Adam9/Cav1/Cdo1/Atp1a2/Npc1/Ntrk2/Lbh/Pik3r1/Lcat/Nkx2-2/Dab2/Bmp4",15
"GO:0042632","GO:0042632","cholesterol homeostasis","8/379","107/28928",0.0747663551401869,5.70670480605627,5.61992060044891,8.50608147784492e-05,0.00117499261092265,0.000754848336677977,"Minar2/Cav1/Npc1/Abcg1/Lcat/Scd1/Apoe/Soat1",8
"GO:0001667","GO:0001667","ameboidal-type cell migration","13/379","278/28928",0.0467625899280576,3.56925646817638,4.95956282273425,8.64351504031784e-05,0.00118994337125997,0.000764453126076475,"Sox10/Ednrb/Arsb/Adam9/Sema3d/Sema5b/Bmp7/Sash1/Syde1/Sema5a/Sox8/Pmp22/Bmp4",13
"GO:0052547","GO:0052547","regulation of peptidase activity","16/379","400/28928",0.04,3.05308707124011,4.76406362985019,8.79008658842314e-05,0.00119973055236106,0.00077074068678643,"Serpine2/Slc1a1/Serpina3n/Hip1/F3/Antxr1/Cryab/Stat3/Cav1/Sox2/Timp2/Timp4/Pcsk1n/Nr4a1/Cst3/St18",16
"GO:0048679","GO:0048679","regulation of axon regeneration","5/379","35/28928",0.142857142857143,10.9038823972861,6.75490165650375,8.83237216462134e-05,0.00119973055236106,0.00077074068678643,"Lrp1/Xylt1/Tnr/Ptn/Omg",5
"GO:0050654","GO:0050654","chondroitin sulfate proteoglycan metabolic process","5/379","35/28928",0.142857142857143,10.9038823972861,6.75490165650375,8.83237216462134e-05,0.00119973055236106,0.00077074068678643,"Xylt1/Chst11/Arsb/B3gat2/Ugdh",5
"GO:0055075","GO:0055075","potassium ion homeostasis","5/379","35/28928",0.142857142857143,10.9038823972861,6.75490165650375,8.83237216462134e-05,0.00119973055236106,0.00077074068678643,"Atp1b2/Kcnj10/Atp1a2/Atp1b1/Slc12a4",5
"GO:0007160","GO:0007160","cell-matrix adhesion","12/379","241/28928",0.0497925311203319,3.80052332519515,5.03015075600476,8.90941025417831e-05,0.00120617431181982,0.000774880339295032,"Lrp1/Bcan/Itgav/Rin2/Adam9/Itgb8/Ptprj/Ajap1/Pik3r1/Cdh11/Cntn2/Epdr1",12
"GO:0070482","GO:0070482","response to oxygen levels","17/379","444/28928",0.0382882882882883,2.92243694882217,4.70347623369571,9.07480573917525e-05,0.00122157769501878,0.000784775906364019,"Ddah1/Epas1/Cpt1a/Adora1/Slc1a1/Gucy1a1/Cryab/Arnt2/Stat3/Chrna4/Cav1/Sox2/Atp1b1/Mmp2/Sirt2/Itpr2/Kcnd2",17
"GO:0055092","GO:0055092","sterol homeostasis","8/379","108/28928",0.0740740740740741,5.65386494674094,5.5828314719438,9.08314212492493e-05,0.00122157769501878,0.000784775906364019,"Minar2/Cav1/Npc1/Abcg1/Lcat/Scd1/Apoe/Soat1",8
"GO:1902430","GO:1902430","negative regulation of amyloid-beta formation","4/379","19/28928",0.210526315789474,16.0688793223163,7.57036942872852,9.61915916862447e-05,0.00128941031618897,0.000828353492118042,"Spon1/Ntrk2/Apoe/Clu",4
"GO:0050848","GO:0050848","regulation of calcium-mediated signaling","8/379","109/28928",0.073394495412844,5.60199462612863,5.54620291988133,9.69225372291732e-05,0.00129494865314387,0.000831911475716838,"Pdgfra/Grm5/Ptprj/Rit2/Tmem100/Ncam1/Car8/Erbb3",8
"GO:0051961","GO:0051961","negative regulation of nervous system development","10/379","173/28928",0.0578034682080925,4.41197553647414,5.18618645695183,0.000101541605337349,0.00135222889460686,0.000868709915631194,"Tnr/Gpr37l1/Sox10/Bmp7/Brinp1/Ptn/Sema5a/Sirt2/B2m/Bmp4",10
"GO:0014009","GO:0014009","glial cell proliferation","7/379","82/28928",0.0853658536585366,6.51573460325632,5.76292994735625,0.000102532482277015,0.00136097675986592,0.000874329790580958,"Sox10/Ptn/Dbi/Etv5/Atxn1/Clu/Pmp22",7
"GO:0048704","GO:0048704","embryonic skeletal system morphogenesis","8/379","110/28928",0.0727272727272727,5.55106740225474,5.5100246798024,0.000103347875954599,0.00136734608608763,0.00087842162508232,"Pdgfra/Chst11/Eya1/Prrx1/Bmp7/Mmp16/Lhx1/Bmp4",8
"GO:0007369","GO:0007369","gastrulation","11/379","209/28928",0.0526315789473684,4.01721983057909,5.04395603166755,0.000106902757017889,0.00140980173089935,0.000905696326702403,"Plpp3/Itgav/Eya1/Bmp7/Mmp15/Sox2/Mmp2/Lhx1/Lmbrd1/Ugdh/Bmp4",11
"GO:0019915","GO:0019915","lipid storage","8/379","111/28928",0.0720720720720721,5.50105778601821,5.47428680853666,0.000110121547338328,0.00144666784104971,0.000929380153875526,"Cpt1a/Gm2a/Itgav/Cav1/Npc1/Abcg1/Apoe/Soat1",8
"GO:0046578","GO:0046578","regulation of Ras protein signal transduction","6/379","58/28928",0.103448275862069,7.89591483941407,6.0570107839167,0.000110763280100002,0.00144666784104971,0.000929380153875526,"Spry4/Spry1/Rasa3/Mmd2/Syde1/Timp2",6
"GO:0089718","GO:0089718","amino acid import across plasma membrane","6/379","58/28928",0.103448275862069,7.89591483941407,6.0570107839167,0.000110763280100002,0.00144666784104971,0.000929380153875526,"Slc38a3/Kcnj10/Slc1a1/Slc6a9/Slc7a3/Slc1a3",6
"GO:0045834","GO:0045834","positive regulation of lipid metabolic process","10/379","175/28928",0.0571428571428571,4.36155295891444,5.13917317408717,0.000111662024704057,0.001451587534365,0.000932540703381533,"Cpt1a/Adora1/Qki/Abcg1/Dbi/Mfsd2a/Sirt2/Dab2/Apoe/Eef1a2",10
"GO:0009582","GO:0009582","detection of abiotic stimulus","9/379","142/28928",0.0633802816901408,4.83763796499312,5.28193881375646,0.00011185238915107,0.001451587534365,0.000932540703381533,"Serpine2/Pcdh15/Adora1/Sema5b/Sox2/Sema5a/Gucy2f/Kcna1/Fyn",9
"GO:0061744","GO:0061744","motor behavior","5/379","37/28928",0.135135135135135,10.3144833487841,6.53212065553112,0.000116076377205545,0.00150162297496062,0.000964684879232046,"Atp1b2/Slc1a1/Mfsd2a/Mdga2/Pmp22",5
"GO:0009410","GO:0009410","response to xenobiotic stimulus","18/379","498/28928",0.036144578313253,2.75881361859046,4.56164951127671,0.000117202081985763,0.00151138760788602,0.000970957954359068,"Cpt1a/Sox10/Slc1a1/P2rx7/Arnt2/Slc1a3/Npc1/Chrna3/Ncam1/Nceh1/Mmp2/Pde4b/Gria1/Cyp2j6/Gabrg3/Dusp6/Tlr3/Slc6a11",18
"GO:0009581","GO:0009581","detection of external stimulus","9/379","143/28928",0.0629370629370629,4.80380832887429,5.25387068720085,0.000118009093228091,0.00151409147466385,0.000972694994507976,"Serpine2/Pcdh15/Adora1/Sema5b/Sox2/Sema5a/Gucy2f/Kcna1/Fyn",9
"GO:0051345","GO:0051345","positive regulation of hydrolase activity","15/379","368/28928",0.0407608695652174,3.11116209705174,4.69615302893868,0.000118154868452296,0.00151409147466385,0.000972694994507976,"Rap1gap/Slc1a1/Mtss2/Prex1/Hip1/Dock10/F3/Antxr1/Stat3/Rgs7/Syde1/Rsu1/Dock9/Cav2/St18",15
"GO:0040037","GO:0040037","negative regulation of fibroblast growth factor receptor signaling pathway","4/379","20/28928",0.2,15.2654353562005,7.35303879595654,0.000119000133244736,0.00151539232178843,0.000973530695327821,"Sulf2/Spry4/Spry1/Fgfrl1",4
"GO:2000311","GO:2000311","regulation of AMPA receptor activity","4/379","20/28928",0.2,15.2654353562005,7.35303879595654,0.000119000133244736,0.00151539232178843,0.000973530695327821,"Cacng4/Nlgn3/Shisa9/Reln",4
"GO:0032535","GO:0032535","regulation of cellular component size","16/379","411/28928",0.0389294403892944,2.97137427857918,4.63782045216775,0.000120168250304351,0.00152550037380134,0.000980024392546062,"Lrp1/Dscam/Tnr/P2rx7/Prex1/Fchsd2/Cdc42ep1/Dnm1/Slc12a4/Sema5a/Omg/Aqp4/Apoe/Prkg2/Cntn2/Wdr1",16
"GO:0048469","GO:0048469","cell maturation","12/379","250/28928",0.048,3.66370448548813,4.873685140952,0.000125852850465357,0.0015877720298648,0.00102002945773943,"Epas1/Cspg4/Abhd2/Ascl1/Sox10/Ednrb/Sirt2/Srrm4/Cntn2/Sox8/Nfasc/Pmp22",12
"GO:0097191","GO:0097191","extrinsic apoptotic signaling pathway","12/379","250/28928",0.048,3.66370448548813,4.873685140952,0.000125852850465357,0.0015877720298648,0.00102002945773943,"P2rx7/Itgav/Eya1/Cav1/Faim2/Pik3r1/Dab2/Erbb3/Tlr3/Grina/Fyn/Bmp4",12
"GO:0021543","GO:0021543","pallium development","11/379","213/28928",0.0516431924882629,3.94177908258699,4.96502339820874,0.000126375630599512,0.00158944658855868,0.00102110524139372,"Bcan/Ascl1/Ntrk2/Sox2/Mfsd2a/Gria1/Tmem108/Reln/Kcna1/Kcna2/Neurod1",11
"GO:1905606","GO:1905606","regulation of presynapse assembly","5/379","38/28928",0.131578947368421,10.0430495764477,6.42700727687242,0.000132236890467161,0.00165804716508825,0.00106517618329337,"Slitrk3/Slitrk2/Il1rap/Lrrtm3/Mdga2",5
"GO:0010595","GO:0010595","positive regulation of endothelial cell migration","8/379","114/28928",0.0701754385964912,5.35629310743878,5.36962052935042,0.000132679704222503,0.00165849630278129,0.00106546472199343,"Plpp3/Rin2/Rhoj/Sash1/Sema5a/Prkca/Sparc/Bmp4",8
"GO:0090659","GO:0090659","walking behavior","6/379","60/28928",0.1,7.63271767810026,5.92563151332649,0.000134024628537822,0.00167018459110589,0.00107297360751188,"Kcnj10/Pcdh15/Minar2/Npc1/Cntn2/Pmp22",6
"GO:0001763","GO:0001763","morphogenesis of a branching structure","12/379","252/28928",0.0476190476190476,3.63462746576203,4.83989624974696,0.000135589229333392,0.00168453082174869,0.0010821900300133,"Pdgfra/Sox10/Spry1/Eya1/Bmp7/Sox2/Sema5a/Etv5/Lhx1/Sox8/Tnc/Bmp4",12
"GO:0034103","GO:0034103","regulation of tissue remodeling","7/379","86/28928",0.0813953488372093,6.21267717984905,5.57793208096463,0.000138579052303615,0.00171644266911013,0.00110269109927721,"Lrp1/P2rx7/Gpnmb/Itgav/Prkca/Trf/Cst3",7
"GO:0071695","GO:0071695","anatomical structure maturation","14/379","332/28928",0.0421686746987952,3.21861588835553,4.68462000803478,0.000139389278022784,0.00172124638770559,0.00110577714335778,"Xylt1/Epas1/Cspg4/Abhd2/Ascl1/Sox10/Ednrb/Mmp2/Sirt2/Srrm4/Cntn2/Sox8/Nfasc/Pmp22",14
"GO:0002027","GO:0002027","regulation of heart rate","8/379","115/28928",0.0695652173913043,5.30971664563497,5.33555068989976,0.000140995900211291,0.00173582565970093,0.00111514327818566,"Epas1/Slc1a1/Ednrb/Cav1/Hey2/Scn1b/Pik3r1/Cacna2d1",8
"GO:0120032","GO:0120032","regulation of plasma membrane bounded cell projection assembly","11/379","216/28928",0.0509259259259259,3.88703215088439,4.90707420823421,0.000142892559923281,0.00175387705327521,0.00112674000167787,"Rap1gap/P2rx7/Cdc42ep1/Plppr5/Cav1/Frmd7/Pik3r1/Dnm3/Plxnb3/Rhoq/Ppp1r16b",11
"GO:0010522","GO:0010522","regulation of calcium ion transport into cytosol","4/379","21/28928",0.19047619047619,14.5385098630481,7.15080366905226,0.000145485621336305,0.00176808377330405,0.00113586679863278,"P2rx7/Cav1/Adcyap1r1/Bmp4",4
"GO:0034377","GO:0034377","plasma lipoprotein particle assembly","4/379","21/28928",0.19047619047619,14.5385098630481,7.15080366905226,0.000145485621336305,0.00176808377330405,0.00113586679863278,"Mfsd2a/Lcat/Apoe/Soat1",4
"GO:1902992","GO:1902992","negative regulation of amyloid precursor protein catabolic process","4/379","21/28928",0.19047619047619,14.5385098630481,7.15080366905226,0.000145485621336305,0.00176808377330405,0.00113586679863278,"Spon1/Ntrk2/Apoe/Clu",4
"GO:0033002","GO:0033002","muscle cell proliferation","13/379","293/28928",0.0443686006825939,3.38653002782606,4.73072793106997,0.000145785557749732,0.00176808377330405,0.00113586679863278,"Stat3/Cav1/Hey2/Ncam1/Mmp2/Igfbp3/Ndrg2/Pik3r1/Prkca/Calcrl/Apoe/Cav2/Bmp4",13
"GO:0021515","GO:0021515","cell differentiation in spinal cord","6/379","61/28928",0.0983606557377049,7.50759115878714,5.86219423893357,0.000147021560598512,0.00177252325277792,0.00113871884524603,"Olig2/Ascl1/Sox6/Nkx2-2/Lhx1/Gsx1",6
"GO:0050918","GO:0050918","positive chemotaxis","6/379","61/28928",0.0983606557377049,7.50759115878714,5.86219423893357,0.000147021560598512,0.00177252325277792,0.00113871884524603,"Lrp1/Ptprj/Sema5a/Prkca/Plxnb3/Bmp4",6
"GO:0021510","GO:0021510","spinal cord development","8/379","116/28928",0.0689655172413793,5.26394322627604,5.30187589350516,0.000149737088064384,0.00179329659523591,0.00115206422534109,"Olig2/Ascl1/Sox6/Gria1/Nkx2-2/Reln/Lhx1/Gsx1",8
"GO:0060441","GO:0060441","epithelial tube branching involved in lung morphogenesis","5/379","39/28928",0.128205128205128,9.78553548474393,6.32572253787791,0.000150064819380477,0.00179329659523591,0.00115206422534109,"Pdgfra/Spry1/Sox2/Tnc/Bmp4",5
"GO:0099149","GO:0099149","regulation of postsynaptic neurotransmitter receptor internalization","5/379","39/28928",0.128205128205128,9.78553548474393,6.32572253787791,0.000150064819380477,0.00179329659523591,0.00115206422534109,"Lrp1/Susd4/Hip1/Tspan7/Sirt2",5
"GO:0043409","GO:0043409","negative regulation of MAPK cascade","10/379","182/28928",0.0549450549450549,4.19380092203311,4.98001530860027,0.000154069237808388,0.00183576650312626,0.00117934808996448,"P2rx7/Spry4/Spry1/Ptprj/Cav1/Ndrg2/Prkca/Dab2/Apoe/Dusp6",10
"GO:0060491","GO:0060491","regulation of cell projection assembly","11/379","219/28928",0.0502283105022831,3.83378513511885,4.8501569788757,0.000161210519164145,0.00191525616791222,0.00123041448875626,"Rap1gap/P2rx7/Cdc42ep1/Plppr5/Cav1/Frmd7/Pik3r1/Dnm3/Plxnb3/Rhoq/Ppp1r16b",11
"GO:0007265","GO:0007265","Ras protein signal transduction","8/379","118/28928",0.0677966101694915,5.1747238495595,5.23567861313005,0.000168561201344531,0.00199097650863467,0.0012790593676395,"Spry4/Spry1/Rasa3/Mmd2/Rit2/Syde1/Timp2/Rsu1",8
"GO:0071774","GO:0071774","response to fibroblast growth factor","8/379","118/28928",0.0677966101694915,5.1747238495595,5.23567861313005,0.000168561201344531,0.00199097650863467,0.0012790593676395,"Sulf2/Zfp36l2/Spry4/Spry1/Fgfrl1/Lhx1/Nr4a1/Tnc",8
"GO:0021536","GO:0021536","diencephalon development","7/379","89/28928",0.0786516853932584,6.00326109513504,5.44670588302539,0.00017185043652735,0.00202396106603743,0.00130024957603748,"Olig2/Sox2/Ncam1/Sema5a/Nhlh2/Gsx1/Bmp4",7
"GO:0035641","GO:0035641","locomotory exploration behavior","4/379","22/28928",0.181818181818182,13.8776685056368,6.96194254897063,0.000175984506402209,0.00205483342002579,0.00132008284549025,"Tnr/Atp1a2/Apoe/Lsamp",4
"GO:0036376","GO:0036376","sodium ion export across plasma membrane","4/379","22/28928",0.181818181818182,13.8776685056368,6.96194254897063,0.000175984506402209,0.00205483342002579,0.00132008284549025,"Atp1b2/Atp1a2/Atp1b1/Slc4a4",4
"GO:0099550","GO:0099550","trans-synaptic signaling, modulating synaptic transmission","4/379","22/28928",0.181818181818182,13.8776685056368,6.96194254897063,0.000175984506402209,0.00205483342002579,0.00132008284549025,"Grm5/Gucy1a1/Ntrk2/Nrxn3",4
"GO:0018108","GO:0018108","peptidyl-tyrosine phosphorylation","13/379","299/28928",0.0434782608695652,3.31857290352185,4.64332533330462,0.000177880769376446,0.00207104038631148,0.00133049465696007,"Ptprz1/Cspg4/Cntn1/Pdgfra/Plpp3/Ptprj/Cav1/Gfra1/Prkca/Reln/Cav2/Tgfa/Fyn",13
"GO:0032102","GO:0032102","negative regulation of response to external stimulus","16/379","426/28928",0.0375586854460094,2.86674842369963,4.47227785236158,0.000180606028496934,0.00209677939066953,0.0013470301180743,"Xylt1/Serpine2/Tnr/Susd4/Adora1/Pdgfra/Nlgn3/Gpr17/Stat3/Grin3a/Nt5e/Ajap1/Fabp7/Sema5a/Apoe/Anxa5",16
"GO:0099504","GO:0099504","synaptic vesicle cycle","12/379","261/28928",0.0459770114942529,3.50929548418403,4.69198686835465,0.000187803462980897,0.00217414520354305,0.00139673209459776,"Cspg5/Nlgn3/P2rx7/Scamp5/Pcdh17/Sv2b/Dnm1/Trim9/Syde1/Prkca/Dnm3/Slc17a6",12
"GO:0001666","GO:0001666","response to hypoxia","14/379","343/28928",0.0408163265306122,3.11539497065317,4.54093496190632,0.000195155458334755,0.00225285691987005,0.00144729871739537,"Ddah1/Epas1/Cpt1a/Adora1/Cryab/Arnt2/Stat3/Chrna4/Cav1/Atp1b1/Mmp2/Sirt2/Itpr2/Kcnd2",14
"GO:0018212","GO:0018212","peptidyl-tyrosine modification","13/379","303/28928",0.0429042904290429,3.27476336024104,4.58628082246073,0.000202499102380057,0.00233102780282128,0.00149751789360453,"Ptprz1/Cspg4/Cntn1/Pdgfra/Plpp3/Ptprj/Cav1/Gfra1/Prkca/Reln/Cav2/Tgfa/Fyn",13
"GO:0048260","GO:0048260","positive regulation of receptor-mediated endocytosis","6/379","65/28928",0.0923076923076923,7.04558554901563,5.62212072691714,0.000209311018605618,0.00239590562027498,0.00153919723025479,"Hip1/Ppt1/Trf/Dab2/Clu/B2m",6
"GO:0050850","GO:0050850","positive regulation of calcium-mediated signaling","6/379","65/28928",0.0923076923076923,7.04558554901563,5.62212072691714,0.000209311018605618,0.00239590562027498,0.00153919723025479,"Pdgfra/Grm5/Ptprj/Ncam1/Car8/Erbb3",6
"GO:0034249","GO:0034249","negative regulation of amide metabolic process","4/379","23/28928",0.173913043478261,13.2742916140874,6.78499794912545,0.000210840866902736,0.00240665695414188,0.00154610418984846,"Spon1/Ntrk2/Apoe/Clu",4
"GO:0035270","GO:0035270","endocrine system development","9/379","155/28928",0.0580645161290323,4.43190058728402,4.93609861684278,0.000216866899079236,0.00246165073467378,0.00158143374288245,"Rap1gap/Ascl1/Pdgfra/Sox2/Nkx2-2/Clu/Neurod1/Gsx1/Bmp4",9
"GO:1905039","GO:1905039","carboxylic acid transmembrane transport","9/379","155/28928",0.0580645161290323,4.43190058728402,4.93609861684278,0.000216866899079236,0.00246165073467378,0.00158143374288245,"Slc38a3/Kcnj10/Slc1a1/Slc6a9/Slc7a3/Ttyh1/Slc1a3/Slc25a18/Slc17a6",9
"GO:0016042","GO:0016042","lipid catabolic process","14/379","348/28928",0.0402298850574713,3.07063354866103,4.4775207633052,0.000226281672137287,0.00255646998632337,0.00164234829989958,"Lrp1/Cpt1a/Abhd2/Adora1/Gm2a/Abhd4/Neu4/Dbi/Nceh1/Mfsd2a/Sirt2/Ppt1/Pla2g7/Apoe",14
"GO:0030858","GO:0030858","positive regulation of epithelial cell differentiation","6/379","66/28928",0.0909090909090909,6.93883425281842,5.56526455032487,0.000227729719027088,0.00255646998632337,0.00164234829989958,"Bmp7/Tmem100/Sox2/Nkx2-2/Lhx1/Bmp4",6
"GO:0060688","GO:0060688","regulation of morphogenesis of a branching structure","6/379","66/28928",0.0909090909090909,6.93883425281842,5.56526455032487,0.000227729719027088,0.00255646998632337,0.00164234829989958,"Pdgfra/Bmp7/Etv5/Lhx1/Sox8/Bmp4",6
"GO:1902692","GO:1902692","regulation of neuroblast proliferation","6/379","66/28928",0.0909090909090909,6.93883425281842,5.56526455032487,0.000227729719027088,0.00255646998632337,0.00164234829989958,"Bcan/Sox10/Vcan/Ncan/Ptn/Sox2",6
"GO:0032368","GO:0032368","regulation of lipid transport","9/379","157/28928",0.0573248407643312,4.37544325496193,4.88628744501217,0.000238634418086133,0.00267152542225547,0.00171626315147545,"Lrp1/P2rx7/Itgav/Cav1/Abcg1/Dbi/Igfbp3/Dab2/Apoe",9
"GO:0051968","GO:0051968","positive regulation of synaptic transmission, glutamatergic","5/379","43/28928",0.116279069767442,8.87525311407008,5.95440561372633,0.0002403595753474,0.00268346649189221,0.0017239344308262,"Cacng4/Tnr/Nlgn3/Ntrk2/Reln",5
"GO:0007528","GO:0007528","neuromuscular junction development","6/379","67/28928",0.0895522388059701,6.83526956247785,5.5095799516739,0.000247400602585071,0.00273955830308197,0.00175996938967126,"Ptn/Etv5/Ppfibp1/Fzd9/Tnc/Pmp22",6
"GO:0042220","GO:0042220","response to cocaine","6/379","67/28928",0.0895522388059701,6.83526956247785,5.5095799516739,0.000247400602585071,0.00273955830308197,0.00175996938967126,"Cacng4/Slc1a1/Slc1a3/Ncam1/Adgrl3/Gria1",6
"GO:0048008","GO:0048008","platelet-derived growth factor receptor signaling pathway","6/379","67/28928",0.0895522388059701,6.83526956247785,5.5095799516739,0.000247400602585071,0.00273955830308197,0.00175996938967126,"Lrp1/Cspg4/Pdgfra/Hip1/F3/Ptprj",6
"GO:0021957","GO:0021957","corticospinal tract morphogenesis","3/379","10/28928",0.3,22.8981530343008,7.97993239867222,0.000250043778721934,0.00274054427297132,0.00176060280448942,"Scn1b/Cdh11/Prdm8",3
"GO:0106104","GO:0106104","regulation of glutamate receptor clustering","3/379","10/28928",0.3,22.8981530343008,7.97993239867222,0.000250043778721934,0.00274054427297132,0.00176060280448942,"Shisa7/Zdhhc2/Shisa6",3
"GO:1904717","GO:1904717","regulation of AMPA glutamate receptor clustering","3/379","10/28928",0.3,22.8981530343008,7.97993239867222,0.000250043778721934,0.00274054427297132,0.00176060280448942,"Shisa7/Zdhhc2/Shisa6",3
"GO:0043547","GO:0043547","positive regulation of GTPase activity","9/379","158/28928",0.0569620253164557,4.34775057613306,4.86169330635935,0.000250179747127688,0.00274054427297132,0.00176060280448942,"Rap1gap/Mtss2/Prex1/Dock10/Rgs7/Syde1/Rsu1/Dock9/Cav2",9
"GO:0002052","GO:0002052","positive regulation of neuroblast proliferation","5/379","44/28928",0.113636363636364,8.67354281602303,5.86907207989782,0.000268285591516829,0.00291613391816936,0.00187340653651591,"Bcan/Sox10/Vcan/Ncan/Sox2",5
"GO:1990806","GO:1990806","ligand-gated ion channel signaling pathway","5/379","44/28928",0.113636363636364,8.67354281602303,5.86907207989782,0.000268285591516829,0.00291613391816936,0.00187340653651591,"Gria3/Grik3/Grin3a/Gria1/Plp1",5
"GO:0033344","GO:0033344","cholesterol efflux","6/379","68/28928",0.0882352941176471,6.73475089244141,5.45502447040468,0.000268383118763051,0.00291613391816936,0.00187340653651591,"Lrp1/Cav1/Npc1/Abcg1/Apoe/Soat1",6
"GO:0007219","GO:0007219","Notch signaling pathway","10/379","195/28928",0.0512820512820513,3.91421419389757,4.70461556253603,0.000269071497725566,0.00291613391816936,0.00187340653651591,"Cntn1/Ascl1/Ttyh1/Epn2/Stat3/Bmp7/Hey2/Tmem100/Sox2/Timp4",10
"GO:0032963","GO:0032963","collagen metabolic process","8/379","127/28928",0.062992125984252,4.80801113581119,4.9553249509652,0.000278992219940488,0.00301563208556364,0.00193732696074828,"P2rx7/Mmp16/Mmp15/Mmp2/Cyp2j6/P3h2/Cst3/Bmp4",8
"GO:0001704","GO:0001704","formation of primary germ layer","8/379","128/28928",0.0625,4.77044854881266,4.92580950291281,0.000294251354563646,0.00317215415303402,0.00203788114397045,"Itgav/Eya1/Bmp7/Mmp15/Sox2/Mmp2/Lhx1/Bmp4",8
"GO:0010842","GO:0010842","retina layer formation","4/379","25/28928",0.16,12.2123482849604,6.46205983462376,0.00029503587998755,0.00317221955395585,0.00203792315936408,"Dscam/Slc1a1/Lhx1/Megf11",4
"GO:0055078","GO:0055078","sodium ion homeostasis","5/379","45/28928",0.111111111111111,8.4807974201114,5.78640534770684,0.000298606454038969,0.00320216131633895,0.00205715859056764,"Atp1b2/Ednrb/Slc1a3/Atp1a2/Atp1b1",5
"GO:0043405","GO:0043405","regulation of MAP kinase activity","9/379","162/28928",0.0555555555555556,4.2403987100557,4.76532002941536,0.000301096868857579,0.00322039301993343,0.00206887115029369,"P2rx7/Spry4/Spry1/Adam9/Sash1/Ptprj/Cav1/Apoe/Trib2",9
"GO:0042551","GO:0042551","neuron maturation","6/379","70/28928",0.0857142857142857,6.54232943837165,5.34914160390281,0.000314528268336364,0.00334648222838298,0.00214987440800477,"Cspg4/Ednrb/Srrm4/Cntn2/Nfasc/Pmp22",6
"GO:0097006","GO:0097006","regulation of plasma lipoprotein particle levels","6/379","70/28928",0.0857142857142857,6.54232943837165,5.34914160390281,0.000314528268336364,0.00334648222838298,0.00214987440800477,"Abcg1/Mfsd2a/Lcat/Pla2g7/Apoe/Soat1",6
"GO:0045859","GO:0045859","regulation of protein kinase activity","17/379","494/28928",0.034412955465587,2.62664373537863,4.2015815016982,0.000318625244224534,0.00338124445368483,0.00217220664031364,"Slc1a1/P2rx7/Spry4/Spry1/Adam9/Mmd2/Sash1/Ptprj/Cav1/Traf4/Chrna3/Prkca/Ptprt/Apoe/Reln/Trib2/Pmp22",17
"GO:0006633","GO:0006633","fatty acid biosynthetic process","9/379","164/28928",0.0548780487804878,4.18868653066478,4.71829362157272,0.000329601171278932,0.00348863577392636,0.00224119784817691,"Abhd2/Qki/Acss1/Sirt2/Scd1/Scd2/Plp1/Degs1/Fa2h",9
"GO:1904427","GO:1904427","positive regulation of calcium ion transmembrane transport","7/379","99/28928",0.0707070707070707,5.39687108552544,5.04919790297275,0.000332109925892601,0.00350608276687137,0.00225240628768721,"P2rx7/Cav1/Adcyap1r1/Dbi/Ehd3/Plp1/Bmp4",7
"GO:0009150","GO:0009150","purine ribonucleotide metabolic process","14/379","362/28928",0.0386740331491713,2.95187976501115,4.30584590611249,0.000337148660804526,0.00355007956790296,0.00228067107145616,"P2rx7/Gucy1a1/Ampd3/Stat3/Atp1a2/Atp1b1/Nt5e/Pde7b/Ak5/Pid1/Aldoc/Gucy2f/Slc4a4/Rhoq",14
"GO:0035176","GO:0035176","social behavior","6/379","71/28928",0.0845070422535211,6.45018395332417,5.29773948104532,0.000339817189661569,0.00355115719004917,0.00228136336626471,"Nlgn3/Brinp3/Brinp1/Nrxn3/Atxn1/Grid1",6
"GO:0099612","GO:0099612","protein localization to axon","3/379","11/28928",0.272727272727273,20.8165027584553,7.57395271826879,0.000340473129620401,0.00355115719004917,0.00228136336626471,"Ugt8a/Cntn2/Nfasc",3
"GO:0010640","GO:0010640","regulation of platelet-derived growth factor receptor signaling pathway","4/379","26/28928",0.153846153846154,11.7426425816927,6.31407454127547,0.000345094048407232,0.00355115719004917,0.00228136336626471,"Lrp1/Hip1/F3/Ptprj",4
"GO:0050650","GO:0050650","chondroitin sulfate proteoglycan biosynthetic process","4/379","26/28928",0.153846153846154,11.7426425816927,6.31407454127547,0.000345094048407232,0.00355115719004917,0.00228136336626471,"Xylt1/Chst11/B3gat2/Ugdh",4
"GO:0051043","GO:0051043","regulation of membrane protein ectodomain proteolysis","4/379","26/28928",0.153846153846154,11.7426425816927,6.31407454127547,0.000345094048407232,0.00355115719004917,0.00228136336626471,"Adam9/Timp2/Timp4/Apoe",4
"GO:0060080","GO:0060080","inhibitory postsynaptic potential","4/379","26/28928",0.153846153846154,11.7426425816927,6.31407454127547,0.000345094048407232,0.00355115719004917,0.00228136336626471,"Nlgn3/Chrna4/Igsf9b/Insyn2b",4
"GO:0060221","GO:0060221","retinal rod cell differentiation","4/379","26/28928",0.153846153846154,11.7426425816927,6.31407454127547,0.000345094048407232,0.00355115719004917,0.00228136336626471,"Stat3/Ntrk2/Ptn/Sox8",4
"GO:0065005","GO:0065005","protein-lipid complex assembly","4/379","26/28928",0.153846153846154,11.7426425816927,6.31407454127547,0.000345094048407232,0.00355115719004917,0.00228136336626471,"Mfsd2a/Lcat/Apoe/Soat1",4
"GO:0071359","GO:0071359","cellular response to dsRNA","4/379","26/28928",0.153846153846154,11.7426425816927,6.31407454127547,0.000345094048407232,0.00355115719004917,0.00228136336626471,"P2rx7/Cav1/Gria1/Tlr3",4
"GO:1990138","GO:1990138","neuron projection extension","10/379","202/28928",0.0495049504950495,3.77857310797043,4.56599873961473,0.000356221486037352,0.00365642961108869,0.00234899333362029,"Lrp1/Bcan/Dscam/Tnr/Nlgn3/Sema5b/S100b/Sema5a/Apoe/Tmem108",10
"GO:0014044","GO:0014044","Schwann cell development","5/379","47/28928",0.106382978723404,8.11991242351092,5.62850841767954,0.000366965119251594,0.00374740055906084,0.00240743563200111,"Ntrk2/Sirt2/Erbb3/Fa2h/Pmp22",5
"GO:0043268","GO:0043268","positive regulation of potassium ion transport","5/379","47/28928",0.106382978723404,8.11991242351092,5.62850841767954,0.000366965119251594,0.00374740055906084,0.00240743563200111,"Atp1b2/Adora1/Rgs7/Dpp6/Atp1b1",5
"GO:0071560","GO:0071560","cellular response to transforming growth factor beta stimulus","12/379","281/28928",0.0427046263345196,3.25952356360154,4.38537072564826,0.000367842999662413,0.00374740055906084,0.00240743563200111,"Lrp1/Chst11/Zfp36l2/Spry1/Adam9/Sox6/Stat3/Itgb8/Cav1/Dab2/Cav2/Fyn",12
"GO:0001656","GO:0001656","metanephros development","7/379","101/28928",0.0693069306930693,5.2900023511586,4.97616011011458,0.0003752453907691,0.00378496279055466,0.00243156666712546,"Pdgfra/Spry1/Eya1/Bmp7/Lhx1/Sox8/Bmp4",7
"GO:0034446","GO:0034446","substrate adhesion-dependent cell spreading","7/379","101/28928",0.0693069306930693,5.2900023511586,4.97616011011458,0.0003752453907691,0.00378496279055466,0.00243156666712546,"Cspg5/Prex1/Spry4/Itgav/Antxr1/Dab2/Lims2",7
"GO:0050772","GO:0050772","positive regulation of axonogenesis","7/379","101/28928",0.0693069306930693,5.2900023511586,4.97616011011458,0.0003752453907691,0.00378496279055466,0.00243156666712546,"Lrp1/Dscam/Ntrk2/Metrn/Sema5a/Apoe/Plxnb3",7
"GO:2000027","GO:2000027","regulation of animal organ morphogenesis","7/379","101/28928",0.0693069306930693,5.2900023511586,4.97616011011458,0.0003752453907691,0.00378496279055466,0.00243156666712546,"Spry1/Bmp7/Ajap1/Etv5/Lhx1/Sox8/Bmp4",7
"GO:0008037","GO:0008037","cell recognition","9/379","167/28928",0.0538922155688623,4.11344066484445,4.6491407080245,0.000376509488721349,0.00378833621367777,0.0024337338491228,"Ptprz1/Dscam/Ncam2/Adgrb1/Cd81/Ncam1/Sema5a/Cntn2/Celsr3",9
"GO:0001558","GO:0001558","regulation of cell growth","16/379","456/28928",0.0350877192982456,2.67814655371939,4.16178050689748,0.000384207610461544,0.00383736767801665,0.00246523304235774,"Lrp1/Dscam/Serpine2/Tnr/Cryab/Taf9b/Ptprj/Mfsd2a/Sema5a/Igfbp3/Ppt1/Omg/Igfbp7/Dab2/Apoe/Tnc",16
"GO:0006163","GO:0006163","purine nucleotide metabolic process","16/379","456/28928",0.0350877192982456,2.67814655371939,4.16178050689748,0.000384207610461544,0.00383736767801665,0.00246523304235774,"P2rx7/Gucy1a1/Ampd3/Stat3/Atp1a2/Me1/Atp1b1/Nt5e/Pde7b/Nmnat2/Ak5/Pid1/Aldoc/Gucy2f/Slc4a4/Rhoq",16
"GO:0006869","GO:0006869","lipid transport","16/379","456/28928",0.0350877192982456,2.67814655371939,4.16178050689748,0.000384207610461544,0.00383736767801665,0.00246523304235774,"Lrp1/P2rx7/Gm2a/Itgav/Cav1/Npc1/Abcg1/Dbi/Mfsd2a/Fabp7/Igfbp3/Lcat/Dab2/Apoe/Gltp/Soat1",16
"GO:0045471","GO:0045471","response to ethanol","9/379","168/28928",0.0535714285714286,4.08895589898228,4.62644880141365,0.000393316990995041,0.00391874508142981,0.00251751217759533,"Cpt1a/Grin3a/Cdo1/Ncam1/Gria1/Prkca/Itpr2/Tnc/Fyn",9
"GO:0045732","GO:0045732","positive regulation of protein catabolic process","10/379","205/28928",0.0487804878048781,3.72327691614647,4.50847523738178,0.000400180726372078,0.00394652260422456,0.0025353572403504,"Lrp1/Adam9/Cd81/Cav1/Sirt2/Trf/Dab2/Apoe/Clu/Trib2",10
"GO:0032288","GO:0032288","myelin assembly","4/379","27/28928",0.148148148148148,11.3077298934819,6.17396736089172,0.000400947327153121,0.00394652260422456,0.0025353572403504,"Cntn1/Ugt8a/Nfasc/Pmp22",4
"GO:0034368","GO:0034368","protein-lipid complex remodeling","4/379","27/28928",0.148148148148148,11.3077298934819,6.17396736089172,0.000400947327153121,0.00394652260422456,0.0025353572403504,"Abcg1/Lcat/Pla2g7/Apoe",4
"GO:0034369","GO:0034369","plasma lipoprotein particle remodeling","4/379","27/28928",0.148148148148148,11.3077298934819,6.17396736089172,0.000400947327153121,0.00394652260422456,0.0025353572403504,"Abcg1/Lcat/Pla2g7/Apoe",4
"GO:0046580","GO:0046580","negative regulation of Ras protein signal transduction","4/379","27/28928",0.148148148148148,11.3077298934819,6.17396736089172,0.000400947327153121,0.00394652260422456,0.0025353572403504,"Spry4/Spry1/Rasa3/Timp2",4
"GO:0022604","GO:0022604","regulation of cell morphogenesis","12/379","284/28928",0.0422535211267606,3.22509197666208,4.34176344384782,0.000404572836146387,0.00397261278866633,0.00255211830943834,"Rhoj/Cdc42ep1/Ptn/Mfsd2a/S100b/Cntn2/Reln/Sparc/Wdr1/Plxnb3/Fyn/Rhoq",12
"GO:0030902","GO:0030902","hindbrain development","10/379","206/28928",0.0485436893203883,3.70520275635935,4.48954103054177,0.000415800454318727,0.00407304531574234,0.00261663899263835,"Atp1b2/Serpine2/Gpr37l1/Cntn1/Ascl1/Bmp7/Faim2/Nhlh2/Lhx1/Neurod1",10
"GO:0070252","GO:0070252","actin-mediated cell contraction","7/379","103/28928",0.0679611650485437,5.18728385890309,4.90503612059928,0.000422750959316229,0.00413119942257466,0.00265399882827076,"Adora1/Qki/Cav1/Atp1a2/Scn1b/Cacna2d1/Epdr1",7
"GO:0051703","GO:0051703","biological process involved in intraspecies interaction between organisms","6/379","74/28928",0.0810810810810811,6.18869000927049,5.14927900281463,0.000425337541346045,0.0041465322511606,0.00266384906906979,"Nlgn3/Brinp3/Brinp1/Nrxn3/Atxn1/Grid1",6
"GO:0006066","GO:0006066","alcohol metabolic process","14/379","372/28928",0.0376344086021505,2.87252815842483,4.18819595455506,0.00044231282100408,0.00423085480250807,0.00271802025026479,"Lrp1/Plpp3/Ednrb/Qki/Abhd4/Npc1/Abcg1/Adcyap1r1/Lcat/Dab2/Apoe/Soat1/Pgp/Pmp22",14
"GO:0030111","GO:0030111","regulation of Wnt signaling pathway","13/379","329/28928",0.0395136778115502,3.01596747158977,4.2372286285789,0.000445296351428072,0.00423085480250807,0.00271802025026479,"Lrp1/Sulf2/Sox10/Plpp3/Cav1/Sox2/Sema5a/Gpc5/Dab2/Apoe/Fzd9/Shisa6/Lypd6",13
"GO:0010543","GO:0010543","regulation of platelet activation","5/379","49/28928",0.102040816326531,7.78848742663292,5.47968804484571,0.000446529273884087,0.00423085480250807,0.00271802025026479,"Serpine2/Pdgfra/Ptprj/Prkca/Apoe",5
"GO:0030501","GO:0030501","positive regulation of bone mineralization","5/379","49/28928",0.102040816326531,7.78848742663292,5.47968804484571,0.000446529273884087,0.00423085480250807,0.00271802025026479,"P2rx7/Bmp7/Ptn/Fzd9/Bmp4",5
"GO:0060219","GO:0060219","camera-type eye photoreceptor cell differentiation","5/379","49/28928",0.102040816326531,7.78848742663292,5.47968804484571,0.000446529273884087,0.00423085480250807,0.00271802025026479,"Dscam/Stat3/Ntrk2/Ptn/Sox8",5
"GO:1904645","GO:1904645","response to amyloid-beta","5/379","49/28928",0.102040816326531,7.78848742663292,5.47968804484571,0.000446529273884087,0.00423085480250807,0.00271802025026479,"Lrp1/Grm5/Mmp2/Cacna2d1/Fyn",5
"GO:0032370","GO:0032370","positive regulation of lipid transport","7/379","104/28928",0.0673076923076923,5.13740612949056,4.87016360756126,0.000448240354537256,0.00423085480250807,0.00271802025026479,"Lrp1/P2rx7/Cav1/Abcg1/Dbi/Dab2/Apoe",7
"GO:2001237","GO:2001237","negative regulation of extrinsic apoptotic signaling pathway","7/379","104/28928",0.0673076923076923,5.13740612949056,4.87016360756126,0.000448240354537256,0.00423085480250807,0.00271802025026479,"Itgav/Eya1/Faim2/Dab2/Grina/Fyn/Bmp4",7
"GO:0036135","GO:0036135","Schwann cell migration","3/379","12/28928",0.25,19.0817941952507,7.21836584322569,0.000449560767972023,0.00423085480250807,0.00271802025026479,"Ptprz1/Lrp1/Pmp22",3
"GO:0048934","GO:0048934","peripheral nervous system neuron differentiation","3/379","12/28928",0.25,19.0817941952507,7.21836584322569,0.000449560767972023,0.00423085480250807,0.00271802025026479,"Ascl1/Ntrk2/Pmp22",3
"GO:0048935","GO:0048935","peripheral nervous system neuron development","3/379","12/28928",0.25,19.0817941952507,7.21836584322569,0.000449560767972023,0.00423085480250807,0.00271802025026479,"Ascl1/Ntrk2/Pmp22",3
"GO:0070445","GO:0070445","regulation of oligodendrocyte progenitor proliferation","3/379","12/28928",0.25,19.0817941952507,7.21836584322569,0.000449560767972023,0.00423085480250807,0.00271802025026479,"Ptprz1/Sirt2/Trf",3
"GO:0097090","GO:0097090","presynaptic membrane organization","3/379","12/28928",0.25,19.0817941952507,7.21836584322569,0.000449560767972023,0.00423085480250807,0.00271802025026479,"Nlgn3/Apoe/Cntn2",3
"GO:1905907","GO:1905907","negative regulation of amyloid fibril formation","3/379","12/28928",0.25,19.0817941952507,7.21836584322569,0.000449560767972023,0.00423085480250807,0.00271802025026479,"Cryab/Apoe/Clu",3
"GO:1990416","GO:1990416","cellular response to brain-derived neurotrophic factor stimulus","3/379","12/28928",0.25,19.0817941952507,7.21836584322569,0.000449560767972023,0.00423085480250807,0.00271802025026479,"Ntrk2/Gria1/Tmem108",3
"GO:1905330","GO:1905330","regulation of morphogenesis of an epithelium","6/379","75/28928",0.08,6.10617414248021,5.10160251794873,0.000457289464030111,0.00429352622874046,0.00275828213907072,"Pdgfra/Bmp7/Etv5/Lhx1/Sox8/Bmp4",6
"GO:0071559","GO:0071559","response to transforming growth factor beta","12/379","288/28928",0.0416666666666667,3.18029903254178,4.28451484210854,0.000458327339755117,0.00429352622874046,0.00275828213907072,"Lrp1/Chst11/Zfp36l2/Spry1/Adam9/Sox6/Stat3/Itgb8/Cav1/Dab2/Cav2/Fyn",12
"GO:0006883","GO:0006883","intracellular sodium ion homeostasis","4/379","28/28928",0.142857142857143,10.9038823972861,6.04103596782245,0.000462966961705328,0.00431714043237806,0.00277345256837565,"Atp1b2/Slc1a3/Atp1a2/Atp1b1",4
"GO:0035335","GO:0035335","peptidyl-tyrosine dephosphorylation","4/379","28/28928",0.142857142857143,10.9038823972861,6.04103596782245,0.000462966961705328,0.00431714043237806,0.00277345256837565,"Ptprz1/Ptprj/Ptprt/Dusp6",4
"GO:0051924","GO:0051924","regulation of calcium ion transport","12/379","289/28928",0.041522491349481,3.16929453761949,4.27035885287611,0.000472668921530498,0.00439754761469585,0.00282510840626376,"Plpp4/P2rx7/Cav1/Atp1a2/Atp1b1/Adcyap1r1/Dbi/Ehd3/Plp1/Cacna2d1/Fyn/Bmp4",12
"GO:0031400","GO:0031400","negative regulation of protein modification process","15/379","420/28928",0.0357142857142857,2.72597059932152,4.10535309604053,0.000483195303005418,0.00448524113837603,0.00288144519499934,"Adgrb1/Spry4/Spry1/Plpp3/Ptprj/Cav1/Dbi/Pid1/Sirt2/Igfbp3/Prkca/Ptprt/Apoe/Dusp6/Fyn",15
"GO:0016053","GO:0016053","organic acid biosynthetic process","13/379","332/28928",0.0391566265060241,2.98871475347299,4.19918246024054,0.000484928571093616,0.00448689570867264,0.00288250813754443,"Abhd2/Gatm/Qki/Slc1a3/Cdo1/Acss1/Sirt2/Scd1/Scd2/Plp1/Degs1/Fa2h/Ugdh",13
"GO:0006509","GO:0006509","membrane protein ectodomain proteolysis","5/379","50/28928",0.1,7.63271767810026,5.40840008004541,0.000490867337792731,0.00448689570867264,0.00288250813754443,"P2rx7/Adam9/Timp2/Timp4/Apoe",5
"GO:0007628","GO:0007628","adult walking behavior","5/379","50/28928",0.1,7.63271767810026,5.40840008004541,0.000490867337792731,0.00448689570867264,0.00288250813754443,"Kcnj10/Pcdh15/Npc1/Cntn2/Pmp22",5
"GO:0099633","GO:0099633","protein localization to postsynaptic specialization membrane","5/379","50/28928",0.1,7.63271767810026,5.40840008004541,0.000490867337792731,0.00448689570867264,0.00288250813754443,"Neto1/C1ql2/Nrxn3/Olfm2/Tmem108",5
"GO:0099645","GO:0099645","neurotransmitter receptor localization to postsynaptic specialization membrane","5/379","50/28928",0.1,7.63271767810026,5.40840008004541,0.000490867337792731,0.00448689570867264,0.00288250813754443,"Neto1/C1ql2/Nrxn3/Olfm2/Tmem108",5
"GO:0050805","GO:0050805","negative regulation of synaptic transmission","6/379","76/28928",0.0789473684210526,6.02582974586863,5.05478233726842,0.000491081100875583,0.00448689570867264,0.00288250813754443,"Tnr/Adora1/Slc6a1/Grik3/Pcdh17/Gria1",6
"GO:1903539","GO:1903539","protein localization to postsynaptic membrane","6/379","76/28928",0.0789473684210526,6.02582974586863,5.05478233726842,0.000491081100875583,0.00448689570867264,0.00288250813754443,"Neto1/C1ql2/Zdhhc2/Nrxn3/Olfm2/Tmem108",6
"GO:0016055","GO:0016055","Wnt signaling pathway","16/379","467/28928",0.0342612419700214,2.61506387258253,4.05414163990713,0.000497504563120256,0.00453541631927303,0.00291367914395403,"Lrp1/Sulf2/Sox10/Plpp3/Ednrb/Cav1/Sox2/Sema5a/Ndrg2/Gpc5/Dab2/Apoe/Fzd9/Shisa6/Celsr3/Lypd6",16
"GO:0070372","GO:0070372","regulation of ERK1 and ERK2 cascade","13/379","333/28928",0.039039039039039,2.9797396340932,4.1865954437684,0.000498786438579897,0.00453695253842206,0.00291466605438958,"Lrp1/Pdgfra/Spry4/Gpnmb/Spry1/Cav1/Ndrg2/Prkca/Dab2/Apoe/Dusp6/Bmp4/Dusp15",13
"GO:0030204","GO:0030204","chondroitin sulfate metabolic process","4/379","29/28928",0.137931034482759,10.5278864525521,5.91466316240442,0.000531527628995084,0.0048132779736777,0.00309218529429421,"Xylt1/Chst11/Arsb/Ugdh",4
"GO:0034367","GO:0034367","protein-containing complex remodeling","4/379","29/28928",0.137931034482759,10.5278864525521,5.91466316240442,0.000531527628995084,0.0048132779736777,0.00309218529429421,"Abcg1/Lcat/Pla2g7/Apoe",4
"GO:0007266","GO:0007266","Rho protein signal transduction","8/379","140/28928",0.0571428571428571,4.36155295891444,4.59382112929786,0.000536729638864488,0.00484960815603722,0.00311552482636476,"Dock10/Rhoj/Cdc42ep1/Rit2/Arhgef3/Apoe/Tns3/Dock9",8
"GO:0042326","GO:0042326","negative regulation of phosphorylation","13/379","337/28928",0.0385756676557863,2.94437180460841,4.13671351201125,0.00055762300813745,0.00502724282778785,0.00322964234102896,"Spry4/Spry1/Plpp3/Ptprj/Cav1/Pid1/Sirt2/Igfbp3/Prkca/Ptprt/Atxn1/Apoe/Dusp6",13
"GO:0021675","GO:0021675","nerve development","7/379","108/28928",0.0648148148148148,4.94713182839832,4.73502605848607,0.000562729170016469,0.00506207807465146,0.00325202148444512,"Sulf2/Serpine2/Slc1a3/Nkx2-2/Erbb3/Kcna1/Kcna2",7
"GO:0021527","GO:0021527","spinal cord association neuron differentiation","3/379","13/28928",0.230769230769231,17.6139638725391,6.90333886315732,0.000578763750343941,0.00514948096648812,0.00330817156310131,"Ascl1/Lhx1/Gsx1",3
"GO:0034374","GO:0034374","low-density lipoprotein particle remodeling","3/379","13/28928",0.230769230769231,17.6139638725391,6.90333886315732,0.000578763750343941,0.00514948096648812,0.00330817156310131,"Abcg1/Pla2g7/Apoe",3
"GO:0044857","GO:0044857","plasma membrane raft organization","3/379","13/28928",0.230769230769231,17.6139638725391,6.90333886315732,0.000578763750343941,0.00514948096648812,0.00330817156310131,"Cav1/Cav2/Fa2h",3
"GO:0070444","GO:0070444","oligodendrocyte progenitor proliferation","3/379","13/28928",0.230769230769231,17.6139638725391,6.90333886315732,0.000578763750343941,0.00514948096648812,0.00330817156310131,"Ptprz1/Sirt2/Trf",3
"GO:1905048","GO:1905048","regulation of metallopeptidase activity","3/379","13/28928",0.230769230769231,17.6139638725391,6.90333886315732,0.000578763750343941,0.00514948096648812,0.00330817156310131,"Antxr1/Stat3/Timp2",3
"GO:0060828","GO:0060828","regulation of canonical Wnt signaling pathway","11/379","255/28928",0.0431372549019608,3.29254488074913,4.23669521112353,0.000588481091969307,0.00521894520171939,0.00335279734366835,"Sulf2/Sox10/Cav1/Sox2/Sema5a/Gpc5/Dab2/Apoe/Fzd9/Shisa6/Lypd6",11
"GO:0009259","GO:0009259","ribonucleotide metabolic process","14/379","383/28928",0.0365535248041775,2.79002734969722,4.06321574179577,0.000589132464488569,0.00521894520171939,0.00335279734366835,"P2rx7/Gucy1a1/Ampd3/Stat3/Atp1a2/Atp1b1/Nt5e/Pde7b/Ak5/Pid1/Aldoc/Gucy2f/Slc4a4/Rhoq",14
"GO:0032835","GO:0032835","glomerulus development","6/379","79/28928",0.0759493670886076,5.79700076817742,4.91919234589798,0.000604224573195908,0.00531795925652986,0.00341640676034608,"Sulf2/Pdgfra/Ednrb/Bmp7/Lhx1/Bmp4",6
"GO:0062237","GO:0062237","protein localization to postsynapse","6/379","79/28928",0.0759493670886076,5.79700076817742,4.91919234589798,0.000604224573195908,0.00531795925652986,0.00341640676034608,"Neto1/C1ql2/Zdhhc2/Nrxn3/Olfm2/Tmem108",6
"GO:0140115","GO:0140115","export across plasma membrane","6/379","79/28928",0.0759493670886076,5.79700076817742,4.91919234589798,0.000604224573195908,0.00531795925652986,0.00341640676034608,"Atp1b2/Atp1a2/Atp1b1/Kcnip1/Slc4a4/Kcna2",6
"GO:0003018","GO:0003018","vascular process in circulatory system","11/379","256/28928",0.04296875,3.27968337730871,4.22125291605025,0.000607853226177109,0.00532688579929402,0.00342214142275602,"Lrp1/Ddah1/Adora1/Ednrb/Gucy1a1/Ptprj/Cav1/Atp1a2/Mmp2/Mfsd2a/Apoe",11
"GO:0097529","GO:0097529","myeloid leukocyte migration","11/379","256/28928",0.04296875,3.27968337730871,4.22125291605025,0.000607853226177109,0.00532688579929402,0.00342214142275602,"Prex1/Ednrb/Ptprj/Cd81/Mmp2/Pde4b/Pik3r1/Prkca/Pla2g7/Wdr1/Cnn2",11
"GO:0007015","GO:0007015","actin filament organization","16/379","476/28928",0.0336134453781513,2.56561938759673,3.96834223780818,0.000610480796648843,0.00533843185910737,0.00342955893667421,"Pcdh15/Prex1/Hip1/Pstpip2/Rhoj/Fchsd2/Cdc42ep1/Frmd7/Sema5a/Sorbs3/Pik3r1/Trf/Tagln2/Wdr1/Cnn2/Rhoq",16
"GO:0046486","GO:0046486","glycerolipid metabolic process","14/379","385/28928",0.0363636363636364,2.77553370112737,4.04096722904216,0.000619845593946922,0.00540871690649616,0.00347471203008226,"Cpt1a/Abhd2/Cav1/Abhd4/Dbi/Mfsd2a/Pik3r1/Serinc5/Lcat/Mtmr10/Scd1/Pla2g7/Apoe/Pgp",14
"GO:0008361","GO:0008361","regulation of cell size","10/379","217/28928",0.0460829493087558,3.51738141847938,4.28874852831496,0.000623733341246817,0.0054310114649162,0.00348903468214313,"Lrp1/Dscam/Tnr/P2rx7/Slc12a4/Sema5a/Omg/Aqp4/Apoe/Prkg2",10
"GO:0048608","GO:0048608","reproductive structure development","14/379","386/28928",0.0362694300518135,2.76834319931098,4.02989620475338,0.000635704790517655,0.00552344780673656,0.00354841839079207,"Serpine2/Ptprn/Pdgfra/Itgav/Bmp7/Sox2/Gfra1/Mmp2/Nhlh2/Lhx1/Sox8/Tnc/Tlr3/Bmp4",14
"GO:0043407","GO:0043407","negative regulation of MAP kinase activity","5/379","53/28928",0.0943396226415094,7.20067705481157,5.20585303781557,0.000643866267795788,0.00558153376812569,0.00358573444787306,"Spry4/Spry1/Ptprj/Cav1/Apoe",5
"GO:0046847","GO:0046847","filopodium assembly","6/379","80/28928",0.075,5.7245382585752,4.87553593201087,0.000646112019197574,0.00558153376812569,0.00358573444787306,"Ttyh1/Plppr5/Pik3r1/Dnm3/Rhoq/Ppp1r16b",6
"GO:0010811","GO:0010811","positive regulation of cell-substrate adhesion","8/379","144/28928",0.0555555555555556,4.2403987100557,4.49138181376856,0.000646499126025847,0.00558153376812569,0.00358573444787306,"Cspg5/Prex1/Rin2/Ptprj/Ptn/Rsu1/Dab2/Lims2",8
"GO:0044344","GO:0044344","cellular response to fibroblast growth factor stimulus","7/379","111/28928",0.0630630630630631,4.81342556276593,4.63797317120283,0.000662952090042852,0.00571147942267362,0.00366921519514092,"Sulf2/Zfp36l2/Spry4/Spry1/Fgfrl1/Lhx1/Nr4a1",7
"GO:0010563","GO:0010563","negative regulation of phosphorus metabolic process","14/379","388/28928",0.0360824742268041,2.75407338900525,4.0078595219505,0.000668457662112137,0.0057346631012778,0.0036841090430424,"Spry4/Spry1/Plpp3/Stat3/Ptprj/Cav1/Pid1/Sirt2/Igfbp3/Prkca/Ptprt/Atxn1/Apoe/Dusp6",14
"GO:0045936","GO:0045936","negative regulation of phosphate metabolic process","14/379","388/28928",0.0360824742268041,2.75407338900525,4.0078595219505,0.000668457662112137,0.0057346631012778,0.0036841090430424,"Spry4/Spry1/Plpp3/Stat3/Ptprj/Cav1/Pid1/Sirt2/Igfbp3/Prkca/Ptprt/Atxn1/Apoe/Dusp6",14
"GO:0060004","GO:0060004","reflex","4/379","31/28928",0.129032258064516,9.84866797174227,5.67947536114105,0.000689784311377525,0.00590519132114163,0.00379366117292328,"Pcdh15/Ascl1/Slc1a1/Pmp22",4
"GO:0031330","GO:0031330","negative regulation of cellular catabolic process","7/379","112/28928",0.0625,4.77044854881266,4.60639350201964,0.000699331691868695,0.005947556505021,0.00382087775989338,"Stat3/Npc1/Dbi/Mfsd2a/Timp2/Sirt2/Timp4",7
"GO:0006687","GO:0006687","glycosphingolipid metabolic process","5/379","54/28928",0.0925925925925926,7.06733118342617,5.14182104832505,0.000702030596052786,0.005947556505021,0.00382087775989338,"Gm2a/Itgb8/Ugt8a/Neu4/Fa2h",5
"GO:0014037","GO:0014037","Schwann cell differentiation","5/379","54/28928",0.0925925925925926,7.06733118342617,5.14182104832505,0.000702030596052786,0.005947556505021,0.00382087775989338,"Ntrk2/Sirt2/Erbb3/Fa2h/Pmp22",5
"GO:0050974","GO:0050974","detection of mechanical stimulus involved in sensory perception","5/379","54/28928",0.0925925925925926,7.06733118342617,5.14182104832505,0.000702030596052786,0.005947556505021,0.00382087775989338,"Serpine2/Pcdh15/Sox2/Kcna1/Fyn",5
"GO:0071526","GO:0071526","semaphorin-plexin signaling pathway","5/379","54/28928",0.0925925925925926,7.06733118342617,5.14182104832505,0.000702030596052786,0.005947556505021,0.00382087775989338,"Sema3d/Sema5b/Ncam1/Sema5a/Plxnb3",5
"GO:0006470","GO:0006470","protein dephosphorylation","8/379","146/28928",0.0547945205479452,4.18231105649329,4.44154865188636,0.000707801750036227,0.00595928126321823,0.00382841007468486,"Ptprz1/Eya1/Ptprj/Nceh1/Ptprt/Ptpre/Dusp6/Dusp15",8
"GO:0008360","GO:0008360","regulation of cell shape","8/379","146/28928",0.0547945205479452,4.18231105649329,4.44154865188636,0.000707801750036227,0.00595928126321823,0.00382841007468486,"Rhoj/Cdc42ep1/Ptn/S100b/Wdr1/Plxnb3/Fyn/Rhoq",8
"GO:0050773","GO:0050773","regulation of dendrite development","8/379","146/28928",0.0547945205479452,4.18231105649329,4.44154865188636,0.000707801750036227,0.00595928126321823,0.00382841007468486,"Ptprz1/Prex1/Bmp7/Ntrk2/Ptn/Chrna3/Mfsd2a/Reln",8
"GO:0061458","GO:0061458","reproductive system development","14/379","391/28928",0.0358056265984655,2.73294239113564,3.97506467496012,0.000720262950116631,0.00605169385922736,0.00388777852835607,"Serpine2/Ptprn/Pdgfra/Itgav/Bmp7/Sox2/Gfra1/Mmp2/Nhlh2/Lhx1/Sox8/Tnc/Tlr3/Bmp4",14
"GO:0002087","GO:0002087","regulation of respiratory gaseous exchange by nervous system process","3/379","14/28928",0.214285714285714,16.3558235959291,6.62153831459547,0.000729472601933579,0.0060913951903265,0.00391328378129597,"Adora1/Nlgn3/Atp1a2",3
"GO:0045161","GO:0045161","neuronal ion channel clustering","3/379","14/28928",0.214285714285714,16.3558235959291,6.62153831459547,0.000729472601933579,0.0060913951903265,0.00391328378129597,"Cntn2/Nfasc/Pmp22",3
"GO:1900272","GO:1900272","negative regulation of long-term synaptic potentiation","3/379","14/28928",0.214285714285714,16.3558235959291,6.62153831459547,0.000729472601933579,0.0060913951903265,0.00391328378129597,"Adora1/Ptn/Apoe",3
"GO:0030323","GO:0030323","respiratory tube development","11/379","262/28928",0.0419847328244275,3.20457612439324,4.13017115775159,0.000735586662714258,0.00611473148059809,0.00392827567122956,"Epas1/Ascl1/Pdgfra/Spry1/Traf4/Sox2/Atxn1/Tns3/Sparc/Tnc/Bmp4",11
"GO:0001657","GO:0001657","ureteric bud development","7/379","113/28928",0.0619469026548673,4.72823218997361,4.57518557372988,0.000737274290636361,0.00611473148059809,0.00392827567122956,"Spry1/Eya1/Bmp7/Vcan/Lhx1/Sox8/Bmp4",7
"GO:0051952","GO:0051952","regulation of amine transport","7/379","113/28928",0.0619469026548673,4.72823218997361,4.57518557372988,0.000737274290636361,0.00611473148059809,0.00392827567122956,"Slc38a3/Adora1/P2rx7/Slc6a1/Chrna4/Chrna3/Kcna2",7
"GO:0019693","GO:0019693","ribose phosphate metabolic process","14/379","392/28928",0.0357142857142857,2.72597059932152,3.96420158987972,0.000738269420479572,0.00611473148059809,0.00392827567122956,"P2rx7/Gucy1a1/Ampd3/Stat3/Atp1a2/Atp1b1/Nt5e/Pde7b/Ak5/Pid1/Aldoc/Gucy2f/Slc4a4/Rhoq",14
"GO:0071375","GO:0071375","cellular response to peptide hormone stimulus","13/379","348/28928",0.0373563218390805,2.85130258089952,4.0032413028845,0.000750494695287189,0.00620337907362129,0.00398522538097414,"Rab31/Stat3/Ptprj/Cav1/Pid1/Pik3r1/Gria1/Prkca/Ptpre/Nr4a1/Cav2/Anxa5/Rhoq",13
"GO:0045766","GO:0045766","positive regulation of angiogenesis","9/379","184/28928",0.0489130434782609,3.73339451646209,4.28561822966181,0.000757959289837839,0.00625239697588905,0.00401671586155275,"Ddah1/S100a1/F3/Stat3/Itgb8/Sash1/Sema5a/Prkca/Tlr3",9
"GO:0001706","GO:0001706","endoderm formation","5/379","55/28928",0.0909090909090909,6.93883425281842,5.07940037275437,0.000764034406531086,0.00628977819518015,0.00404073060934144,"Itgav/Mmp15/Sox2/Mmp2/Lhx1",5
"GO:0007585","GO:0007585","respiratory gaseous exchange by respiratory system","6/379","83/28928",0.072289156626506,5.51762723718091,4.74886714818572,0.000785379948798164,0.00645246631321072,0.00414524603705652,"Adora1/Nlgn3/Chst11/Chrna4/Atp1a2/Traf4",6
"GO:0021517","GO:0021517","ventral spinal cord development","5/379","56/28928",0.0892857142857143,6.81492649830381,5.01852002011419,0.000830035116003982,0.00679195401147837,0.00436334249313444,"Olig2/Ascl1/Nkx2-2/Reln/Lhx1",5
"GO:0035094","GO:0035094","response to nicotine","5/379","56/28928",0.0892857142857143,6.81492649830381,5.01852002011419,0.000830035116003982,0.00679195401147837,0.00436334249313444,"Chrna4/Atp1a2/Chrna3/Mmp2/B2m",5
"GO:1904018","GO:1904018","positive regulation of vasculature development","9/379","187/28928",0.0481283422459893,3.67350048678622,4.22596587643332,0.00085009157307939,0.00694213058176055,0.00445982015029732,"Ddah1/S100a1/F3/Stat3/Itgb8/Sash1/Sema5a/Prkca/Tlr3",9
"GO:0072330","GO:0072330","monocarboxylic acid biosynthetic process","10/379","226/28928",0.0442477876106195,3.37730870712401,4.13389625230019,0.000851957555387718,0.0069434540764099,0.00446067040052475,"Abhd2/Gatm/Qki/Acss1/Sirt2/Scd1/Scd2/Plp1/Degs1/Fa2h",10
"GO:0030301","GO:0030301","cholesterol transport","7/379","116/28928",0.0603448275862069,4.60595032299154,4.48371380107308,0.000860956934978132,0.00700279343320536,0.00449879167410571,"Lrp1/Cav1/Npc1/Abcg1/Lcat/Apoe/Soat1",7
"GO:0010875","GO:0010875","positive regulation of cholesterol efflux","4/379","33/28928",0.121212121212121,9.2517790037579,5.46473442982721,0.000878760973768526,0.00703955309066434,0.00452240711307258,"Lrp1/Cav1/Abcg1/Apoe",4
"GO:0022011","GO:0022011","myelination in peripheral nervous system","4/379","33/28928",0.121212121212121,9.2517790037579,5.46473442982721,0.000878760973768526,0.00703955309066434,0.00452240711307258,"Ntrk2/Sirt2/Fa2h/Pmp22",4
"GO:0032292","GO:0032292","peripheral nervous system axon ensheathment","4/379","33/28928",0.121212121212121,9.2517790037579,5.46473442982721,0.000878760973768526,0.00703955309066434,0.00452240711307258,"Ntrk2/Sirt2/Fa2h/Pmp22",4
"GO:0060740","GO:0060740","prostate gland epithelium morphogenesis","4/379","33/28928",0.121212121212121,9.2517790037579,5.46473442982721,0.000878760973768526,0.00703955309066434,0.00452240711307258,"Bmp7/Mmp2/Tnc/Bmp4",4
"GO:0072574","GO:0072574","hepatocyte proliferation","4/379","33/28928",0.121212121212121,9.2517790037579,5.46473442982721,0.000878760973768526,0.00703955309066434,0.00452240711307258,"Sulf2/Ptn/Lims2/Tgfa",4
"GO:0072575","GO:0072575","epithelial cell proliferation involved in liver morphogenesis","4/379","33/28928",0.121212121212121,9.2517790037579,5.46473442982721,0.000878760973768526,0.00703955309066434,0.00452240711307258,"Sulf2/Ptn/Lims2/Tgfa",4
"GO:1990000","GO:1990000","amyloid fibril formation","4/379","33/28928",0.121212121212121,9.2517790037579,5.46473442982721,0.000878760973768526,0.00703955309066434,0.00452240711307258,"Cryab/Apoe/Clu/B2m",4
"GO:0006665","GO:0006665","sphingolipid metabolic process","8/379","151/28928",0.0529801324503311,4.04382393541736,4.32076946946817,0.000881716533181875,0.00703955309066434,0.00452240711307258,"P2rx7/Gm2a/Plpp3/Itgb8/Ugt8a/Neu4/Degs1/Fa2h",8
"GO:0051099","GO:0051099","positive regulation of binding","8/379","151/28928",0.0529801324503311,4.04382393541736,4.32076946946817,0.000881716533181875,0.00703955309066434,0.00452240711307258,"Lrp1/Spon1/Sirt2/Apoe/Tns3/Neurod1/B2m/Bmp4",8
"GO:0007596","GO:0007596","blood coagulation","9/379","188/28928",0.0478723404255319,3.65396059057991,4.20635443982407,0.000882751320080854,0.00703955309066434,0.00452240711307258,"Serpine2/Pdgfra/F3/Rasa3/Ptprj/Cav1/Prkca/Apoe/Anxa5",9
"GO:0032414","GO:0032414","positive regulation of ion transmembrane transporter activity","6/379","85/28928",0.0705882352941176,5.38780071395313,4.66779736844404,0.000890367590217931,0.0070726080509514,0.00454364255026571,"Atp1b2/Nlgn3/Scn1b/Atp1b1/Ehd3/Reln",6
"GO:0035023","GO:0035023","regulation of Rho protein signal transduction","6/379","85/28928",0.0705882352941176,5.38780071395313,4.66779736844404,0.000890367590217931,0.0070726080509514,0.00454364255026571,"Dock10/Rit2/Arhgef3/Apoe/Tns3/Dock9",6
"GO:0060251","GO:0060251","regulation of glial cell proliferation","5/379","57/28928",0.087719298245614,6.69536638429848,4.95911334430771,0.000900192082188468,0.00708339825348535,0.00455057448018549,"Sox10/Ptn/Etv5/Atxn1/Pmp22",5
"GO:0007216","GO:0007216","G protein-coupled glutamate receptor signaling pathway","3/379","15/28928",0.2,15.2654353562005,6.36736775819119,0.000903013126977133,0.00708339825348535,0.00455057448018549,"Grm5/Grik3/Fyn",3
"GO:0034375","GO:0034375","high-density lipoprotein particle remodeling","3/379","15/28928",0.2,15.2654353562005,6.36736775819119,0.000903013126977133,0.00708339825348535,0.00455057448018549,"Abcg1/Lcat/Apoe",3
"GO:0098970","GO:0098970","postsynaptic neurotransmitter receptor diffusion trapping","3/379","15/28928",0.2,15.2654353562005,6.36736775819119,0.000903013126977133,0.00708339825348535,0.00455057448018549,"Cacng4/Zdhhc2/Shisa6",3
"GO:0099628","GO:0099628","neurotransmitter receptor diffusion trapping","3/379","15/28928",0.2,15.2654353562005,6.36736775819119,0.000903013126977133,0.00708339825348535,0.00455057448018549,"Cacng4/Zdhhc2/Shisa6",3
"GO:2000310","GO:2000310","regulation of NMDA receptor activity","3/379","15/28928",0.2,15.2654353562005,6.36736775819119,0.000903013126977133,0.00708339825348535,0.00455057448018549,"Nlgn3/Slc6a9/Reln",3
"GO:0072163","GO:0072163","mesonephric epithelium development","7/379","117/28928",0.0598290598290598,4.56658322621383,4.4539155671821,0.000905632022102053,0.00708339825348535,0.00455057448018549,"Spry1/Eya1/Bmp7/Vcan/Lhx1/Sox8/Bmp4",7
"GO:0072164","GO:0072164","mesonephric tubule development","7/379","117/28928",0.0598290598290598,4.56658322621383,4.4539155671821,0.000905632022102053,0.00708339825348535,0.00455057448018549,"Spry1/Eya1/Bmp7/Vcan/Lhx1/Sox8/Bmp4",7
"GO:0048705","GO:0048705","skeletal system morphogenesis","11/379","269/28928",0.0408921933085502,3.12118566762464,4.02717182945989,0.000912036486487281,0.0071198250621373,0.00457397608770694,"Pdgfra/Chst11/P2rx7/Eya1/Prrx1/Sox6/Bmp7/Mmp16/Mmp2/Lhx1/Bmp4",11
"GO:0060070","GO:0060070","canonical Wnt signaling pathway","12/379","312/28928",0.0384615384615385,2.93566064542318,3.96075433561009,0.00092344514634052,0.00719510319567423,0.00462233688024328,"Sulf2/Sox10/Ednrb/Cav1/Sox2/Sema5a/Gpc5/Dab2/Apoe/Fzd9/Shisa6/Lypd6",12
"GO:0009205","GO:0009205","purine ribonucleoside triphosphate metabolic process","11/379","270/28928",0.0407407407407407,3.10962572070752,4.01273247916111,0.000939886539032874,0.00730923214992168,0.00469565653389867,"P2rx7/Ampd3/Stat3/Atp1a2/Atp1b1/Nt5e/Ak5/Pid1/Aldoc/Slc4a4/Rhoq",11
"GO:0048844","GO:0048844","artery morphogenesis","6/379","86/28928",0.0697674418604651,5.32515186844204,4.62821742640998,0.000946751730561503,0.00732070835301352,0.00470302916989206,"Lrp1/Eya1/Prrx1/Hey2/Apoe/Bmp4",6
"GO:0070373","GO:0070373","negative regulation of ERK1 and ERK2 cascade","6/379","86/28928",0.0697674418604651,5.32515186844204,4.62821742640998,0.000946751730561503,0.00732070835301352,0.00470302916989206,"Spry4/Spry1/Cav1/Ndrg2/Dab2/Dusp6",6
"GO:1904888","GO:1904888","cranial skeletal system development","6/379","86/28928",0.0697674418604651,5.32515186844204,4.62821742640998,0.000946751730561503,0.00732070835301352,0.00470302916989206,"Pdgfra/Chst11/Prrx1/Mmp16/Lhx1/Bmp4",6
"GO:0006939","GO:0006939","smooth muscle contraction","7/379","118/28928",0.0593220338983051,4.52788336836456,4.42445157260223,0.00095211396575343,0.00734822805008566,0.0047207085981435,"Sulf2/Ednrb/Gucy1a1/Cav1/Atp1a2/Chrna3/Calcrl",7
"GO:1901136","GO:1901136","carbohydrate derivative catabolic process","11/379","271/28928",0.040590405904059,3.09815108705177,3.99836000328641,0.000968436367562291,0.00746007220759232,0.00479256043404123,"P2rx7/Gm2a/Arsb/Ampd3/Stat3/Neu4/Nt5e/Pde7b/Aldoc/Slc4a4/Cst3",11
"GO:0001662","GO:0001662","behavioral fear response","5/379","58/28928",0.0862068965517241,6.57992903284505,4.90111770700232,0.00097466649747983,0.00749389807024587,0.00481429112062033,"Slc1a1/Atp1a2/Brinp1/Dbi/Apoe",5
"GO:0060512","GO:0060512","prostate gland morphogenesis","4/379","34/28928",0.117647058823529,8.97966785658855,5.36409291013351,0.000985725948362279,0.00755941648536943,0.00485638199525057,"Bmp7/Mmp2/Tnc/Bmp4",4
"GO:0099175","GO:0099175","regulation of postsynapse organization","9/379","191/28928",0.0471204188481675,3.59656853941897,4.14831391127743,0.000986898054040868,0.00755941648536943,0.00485638199525057,"Nlgn3/Dock10/Ncan/Il1rap/Dnm3/Apoe/Reln/Grid1/Fyn",9
"GO:0090257","GO:0090257","regulation of muscle system process","11/379","272/28928",0.0404411764705882,3.08676082570231,3.98405380940517,0.000997699388613338,0.00762781427504569,0.00490032266116594,"Adora1/Gucy1a1/Cav1/Atp1a2/Chrna3/Atp1b1/Ehd3/Prkca/Calcrl/Nr4a1/Kcna1",11
"GO:0007599","GO:0007599","hemostasis","9/379","192/28928",0.046875,3.5778364116095,4.12922609357023,0.00102374784134984,0.00781230796535694,0.00501884660247794,"Serpine2/Pdgfra/F3/Rasa3/Ptprj/Cav1/Prkca/Apoe/Anxa5",9
"GO:0001933","GO:0001933","negative regulation of protein phosphorylation","12/379","316/28928",0.0379746835443038,2.89850038408871,3.90981289779726,0.00103012299435441,0.00784626392896119,0.00504066086957094,"Spry4/Spry1/Plpp3/Ptprj/Cav1/Pid1/Sirt2/Igfbp3/Prkca/Ptprt/Apoe/Dusp6",12
"GO:0001823","GO:0001823","mesonephros development","7/379","120/28928",0.0583333333333333,4.45241864555849,4.36649909789135,0.0010507027636817,0.00790701054383571,0.00507968620536504,"Spry1/Eya1/Bmp7/Vcan/Lhx1/Sox8/Bmp4",7
"GO:0015918","GO:0015918","sterol transport","7/379","120/28928",0.0583333333333333,4.45241864555849,4.36649909789135,0.0010507027636817,0.00790701054383571,0.00507968620536504,"Lrp1/Cav1/Npc1/Abcg1/Lcat/Apoe/Soat1",7
"GO:0046889","GO:0046889","positive regulation of lipid biosynthetic process","7/379","120/28928",0.0583333333333333,4.45241864555849,4.36649909789135,0.0010507027636817,0.00790701054383571,0.00507968620536504,"Qki/Abcg1/Dbi/Mfsd2a/Sirt2/Dab2/Apoe",7
"GO:0002209","GO:0002209","behavioral defense response","5/379","59/28928",0.0847457627118644,6.46840481194938,4.84447417197798,0.00105362128228289,0.00790701054383571,0.00507968620536504,"Slc1a1/Atp1a2/Brinp1/Dbi/Apoe",5
"GO:0014014","GO:0014014","negative regulation of gliogenesis","5/379","59/28928",0.0847457627118644,6.46840481194938,4.84447417197798,0.00105362128228289,0.00790701054383571,0.00507968620536504,"Gpr37l1/Sox10/Ptn/Sirt2/Bmp4",5
"GO:0070169","GO:0070169","positive regulation of biomineral tissue development","5/379","59/28928",0.0847457627118644,6.46840481194938,4.84447417197798,0.00105362128228289,0.00790701054383571,0.00507968620536504,"P2rx7/Bmp7/Ptn/Fzd9/Bmp4",5
"GO:1900024","GO:1900024","regulation of substrate adhesion-dependent cell spreading","5/379","59/28928",0.0847457627118644,6.46840481194938,4.84447417197798,0.00105362128228289,0.00790701054383571,0.00507968620536504,"Cspg5/Prex1/Spry4/Dab2/Lims2",5
"GO:1902305","GO:1902305","regulation of sodium ion transmembrane transport","5/379","59/28928",0.0847457627118644,6.46840481194938,4.84447417197798,0.00105362128228289,0.00790701054383571,0.00507968620536504,"Atp1b2/Neto1/Atp1a2/Scn1b/Atp1b1",5
"GO:0045444","GO:0045444","fat cell differentiation","11/379","274/28928",0.0401459854014599,3.06422972478478,3.95563793515015,0.00105841948183452,0.00792841799352143,0.0050934389537973,"Pdgfra/Zfp36l2/Bmp7/Sirt2/Scd1/Cntn2/Nr4a1/Creb5/Sox8/Trib2/Arxes1",11
"GO:0050817","GO:0050817","coagulation","9/379","193/28928",0.0466321243523316,3.55929839911411,4.11026507889851,0.00106170469232809,0.0079384341674073,0.00509987362591978,"Serpine2/Pdgfra/F3/Rasa3/Ptprj/Cav1/Prkca/Apoe/Anxa5",9
"GO:0010544","GO:0010544","negative regulation of platelet activation","3/379","16/28928",0.1875,14.311345646438,6.13647171570698,0.00110064817920947,0.00808340392483672,0.00519300627990156,"Serpine2/Pdgfra/Apoe",3
"GO:0030007","GO:0030007","intracellular potassium ion homeostasis","3/379","16/28928",0.1875,14.311345646438,6.13647171570698,0.00110064817920947,0.00808340392483672,0.00519300627990156,"Atp1b2/Atp1a2/Atp1b1",3
"GO:0098953","GO:0098953","receptor diffusion trapping","3/379","16/28928",0.1875,14.311345646438,6.13647171570698,0.00110064817920947,0.00808340392483672,0.00519300627990156,"Cacng4/Zdhhc2/Shisa6",3
"GO:1905906","GO:1905906","regulation of amyloid fibril formation","3/379","16/28928",0.1875,14.311345646438,6.13647171570698,0.00110064817920947,0.00808340392483672,0.00519300627990156,"Cryab/Apoe/Clu",3
"GO:2001212","GO:2001212","regulation of vasculogenesis","3/379","16/28928",0.1875,14.311345646438,6.13647171570698,0.00110064817920947,0.00808340392483672,0.00519300627990156,"Rin2/Hey2/Tmem100",3
"GO:0048813","GO:0048813","dendrite morphogenesis","9/379","194/28928",0.0463917525773196,3.54095150014961,4.09142928495815,0.00110079304264081,0.00808340392483672,0.00519300627990156,"Ptprz1/Dscam/Nlgn3/Dock10/Ptn/Chrna3/Dnm3/Reln/Fyn",9
"GO:0040036","GO:0040036","regulation of fibroblast growth factor receptor signaling pathway","4/379","35/28928",0.114285714285714,8.72310591782887,5.26751215987699,0.00110151978406758,0.00808340392483672,0.00519300627990156,"Sulf2/Spry4/Spry1/Fgfrl1",4
"GO:0060306","GO:0060306","regulation of membrane repolarization","4/379","35/28928",0.114285714285714,8.72310591782887,5.26751215987699,0.00110151978406758,0.00808340392483672,0.00519300627990156,"Cav1/Scn1b/Cacna2d1/Wdr1",4
"GO:1902932","GO:1902932","positive regulation of alcohol biosynthetic process","4/379","35/28928",0.114285714285714,8.72310591782887,5.26751215987699,0.00110151978406758,0.00808340392483672,0.00519300627990156,"Qki/Abcg1/Adcyap1r1/Dab2",4
"GO:0042177","GO:0042177","negative regulation of protein catabolic process","7/379","121/28928",0.0578512396694215,4.41562179724809,4.3379975033603,0.00110291351710656,0.00808340392483672,0.00519300627990156,"Serpine2/Adgrb1/Timp2/Sirt2/Timp4/Cst3/Fyn",7
"GO:0043279","GO:0043279","response to alkaloid","7/379","121/28928",0.0578512396694215,4.41562179724809,4.3379975033603,0.00110291351710656,0.00808340392483672,0.00519300627990156,"Cacng4/Cpt1a/Slc1a1/Slc1a3/Ncam1/Adgrl3/Gria1",7
"GO:0050900","GO:0050900","leukocyte migration","14/379","409/28928",0.0342298288508557,2.61266619788273,3.7845551902626,0.00110783736768351,0.00810491431474024,0.00520682516002815,"Adora1/Prex1/Jam2/Ednrb/Ptprj/Cd81/Ptn/Mmp2/Pde4b/Pik3r1/Prkca/Pla2g7/Wdr1/Cnn2",14
"GO:0048511","GO:0048511","rhythmic process","13/379","364/28928",0.0357142857142857,2.72597059932152,3.81812748952215,0.00112911371418608,0.00823101678946023,0.0052878369403649,"Ptprn/Adora1/Pdgfra/Nlgn3/Grin3a/Ntrk2/Ptn/Mmp2/Nhlh2/Bhlhe40/Prkg2/Kcna2/Kcnd2",13
"GO:0051347","GO:0051347","positive regulation of transferase activity","13/379","364/28928",0.0357142857142857,2.72597059932152,3.81812748952215,0.00112911371418608,0.00823101678946023,0.0052878369403649,"Slc1a1/P2rx7/Adam9/Mmd2/Sash1/Traf4/Chrna3/Dbi/Serinc5/Apoe/Reln/Trib2/Eef1a2",13
"GO:0051489","GO:0051489","regulation of filopodium assembly","5/379","60/28928",0.0833333333333333,6.36059806508355,4.789127227534,0.0011372209780779,0.00826056236304357,0.00530681784872828,"Plppr5/Pik3r1/Dnm3/Rhoq/Ppp1r16b",5
"GO:1902930","GO:1902930","regulation of alcohol biosynthetic process","5/379","60/28928",0.0833333333333333,6.36059806508355,4.789127227534,0.0011372209780779,0.00826056236304357,0.00530681784872828,"Qki/Abcg1/Adcyap1r1/Dab2/Apoe",5
"GO:0009199","GO:0009199","ribonucleoside triphosphate metabolic process","11/379","277/28928",0.0397111913357401,3.03104312126725,3.91349685127926,0.0011551932697521,0.00837538374693306,0.00538058233868196,"P2rx7/Ampd3/Stat3/Atp1a2/Atp1b1/Nt5e/Ak5/Pid1/Aldoc/Slc4a4/Rhoq",11
"GO:0120034","GO:0120034","positive regulation of plasma membrane bounded cell projection assembly","7/379","122/28928",0.0573770491803279,4.37942817595917,4.30980390501937,0.00115713890785848,0.00837538374693306,0.00538058233868196,"P2rx7/Cdc42ep1/Plppr5/Frmd7/Pik3r1/Dnm3/Rhoq",7
"GO:1905952","GO:1905952","regulation of lipid localization","9/379","196/28928",0.0459183673469388,3.50481934198482,4.0541271694961,0.00118246351075245,0.00854350852183732,0.00548859042784874,"Lrp1/P2rx7/Itgav/Cav1/Abcg1/Dbi/Igfbp3/Dab2/Apoe",9
"GO:0009144","GO:0009144","purine nucleoside triphosphate metabolic process","11/379","278/28928",0.039568345323741,3.02014008845694,3.89957631848932,0.00118902624345534,0.00857572025146992,0.0055092841499272,"P2rx7/Ampd3/Stat3/Atp1a2/Atp1b1/Nt5e/Ak5/Pid1/Aldoc/Slc4a4/Rhoq",11
"GO:0032411","GO:0032411","positive regulation of transporter activity","6/379","90/28928",0.0666666666666667,5.08847845206684,4.47585750414344,0.00120021629012985,0.00862589309043936,0.00554151659436169,"Atp1b2/Nlgn3/Scn1b/Atp1b1/Ehd3/Reln",6
"GO:2000736","GO:2000736","regulation of stem cell differentiation","6/379","90/28928",0.0666666666666667,5.08847845206684,4.47585750414344,0.00120021629012985,0.00862589309043936,0.00554151659436169,"Pdgfra/Zfp36l2/Sox6/Stat3/Ptn/Lbh",6
"GO:1903076","GO:1903076","regulation of protein localization to plasma membrane","7/379","123/28928",0.0569105691056911,4.34382306883755,4.28191220134791,0.00121343257416786,0.00870436663697029,0.00559193021017633,"Lrp1/Zdhhc2/Dpp6/Pid1/Pik3r1/Dab2/Rhoq",7
"GO:0009895","GO:0009895","negative regulation of catabolic process","13/379","367/28928",0.0354223433242507,2.70368746090745,3.78453134868408,0.00121540726783708,0.00870436663697029,0.00559193021017633,"Serpine2/Adora1/Adgrb1/Qki/Stat3/Npc1/Dbi/Mfsd2a/Timp2/Sirt2/Timp4/Cst3/Fyn",13
"GO:0072576","GO:0072576","liver morphogenesis","4/379","36/28928",0.111111111111111,8.4807974201114,5.17471211865979,0.00122652551775797,0.00876858155239252,0.00563318367989673,"Sulf2/Ptn/Lims2/Tgfa",4
"GO:0006942","GO:0006942","regulation of striated muscle contraction","6/379","91/28928",0.0659340659340659,5.03256110643973,4.43917705457405,0.00127100221430268,0.00907063751888518,0.00582723293754406,"Adora1/Cav1/Atp1a2/Atp1b1/Ehd3/Nr4a1",6
"GO:0008203","GO:0008203","cholesterol metabolic process","8/379","160/28928",0.05,3.81635883905013,4.1159396404251,0.00128006356076635,0.00911933393378129,0.00585851688558323,"Lrp1/Qki/Npc1/Abcg1/Lcat/Apoe/Soat1/Pmp22",8
"GO:0001553","GO:0001553","luteinization","3/379","17/28928",0.176470588235294,13.4695017848828,5.92540252256351,0.00132357939315927,0.00938014961238963,0.00602607222112057,"Ptprn/Pdgfra/Mmp2",3
"GO:0032488","GO:0032488","Cdc42 protein signal transduction","3/379","17/28928",0.176470588235294,13.4695017848828,5.92540252256351,0.00132357939315927,0.00938014961238963,0.00602607222112057,"Rhoj/Rit2/Apoe",3
"GO:0044065","GO:0044065","regulation of respiratory system process","3/379","17/28928",0.176470588235294,13.4695017848828,5.92540252256351,0.00132357939315927,0.00938014961238963,0.00602607222112057,"Adora1/Nlgn3/Atp1a2",3
"GO:0032355","GO:0032355","response to estradiol","7/379","125/28928",0.056,4.27432189973615,4.22701091819656,0.0013324425690512,0.00942656852236745,0.00605589303587417,"Cryab/Stat3/Bmp7/Mmp15/Mmp2/Gria1/Prkca",7
"GO:0141091","GO:0141091","transforming growth factor beta receptor superfamily signaling pathway","13/379","371/28928",0.0350404312668464,2.67453719178715,3.74025587917353,0.00133895874827728,0.00945625112518182,0.0060749619756738,"Lrp1/Chst11/Spry1/Adam9/Stat3/Bmp7/Itgb8/Cav1/Tmem100/Zic2/Dab2/Cav2/Bmp4",13
"GO:0006029","GO:0006029","proteoglycan metabolic process","6/379","92/28928",0.0652173913043478,4.97785935528278,4.40303037466695,0.00134493476689971,0.00946564624372424,0.00608099766435704,"Xylt1/Sulf2/Chst11/Arsb/B3gat2/Ugdh",6
"GO:0007492","GO:0007492","endoderm development","6/379","92/28928",0.0652173913043478,4.97785935528278,4.40303037466695,0.00134493476689971,0.00946564624372424,0.00608099766435704,"Itgav/Mmp15/Sox2/Mmp2/Lhx1/Bmp4",6
"GO:0010574","GO:0010574","regulation of vascular endothelial growth factor production","4/379","37/28928",0.108108108108108,8.25158667902731,5.08543924098934,0.00136112541358251,0.00953021659853735,0.00612247947834999,"Sulf2/Stat3/Ndrg2/Aqp4",4
"GO:0071354","GO:0071354","cellular response to interleukin-6","4/379","37/28928",0.108108108108108,8.25158667902731,5.08543924098934,0.00136112541358251,0.00953021659853735,0.00612247947834999,"Stat3/Pid1/Ptprt/St18",4
"GO:1901381","GO:1901381","positive regulation of potassium ion transmembrane transport","4/379","37/28928",0.108108108108108,8.25158667902731,5.08543924098934,0.00136112541358251,0.00953021659853735,0.00612247947834999,"Atp1b2/Rgs7/Dpp6/Atp1b1",4
"GO:0050878","GO:0050878","regulation of body fluid levels","13/379","373/28928",0.0348525469168901,2.66019650979366,3.7183364391017,0.0014045491705198,0.00981738914214098,0.00630696720607158,"Serpine2/Adora1/Pdgfra/Ednrb/F3/Rasa3/Ptprj/Cav1/Cdo1/Prkca/Aqp4/Apoe/Anxa5",13
"GO:0048660","GO:0048660","regulation of smooth muscle cell proliferation","9/379","201/28928",0.0447761194029851,3.41763478123892,3.96295772037808,0.00140820996253736,0.00982612259818452,0.00631257782413559,"Cav1/Mmp2/Igfbp3/Ndrg2/Pik3r1/Prkca/Calcrl/Apoe/Bmp4",9
"GO:0046394","GO:0046394","carboxylic acid biosynthetic process","12/379","328/28928",0.0365853658536585,2.79245768710985,3.76165247515925,0.00141338461701618,0.00984537147750586,0.00632494384618846,"Abhd2/Gatm/Qki/Slc1a3/Acss1/Sirt2/Scd1/Scd2/Plp1/Degs1/Fa2h/Ugdh",12
"GO:0010812","GO:0010812","negative regulation of cell-substrate adhesion","5/379","63/28928",0.0793650793650794,6.05771244293672,4.63035703999849,0.00141755701399192,0.0098575850375718,0.00633279018106324,"Ptprz1/Lrp1/Spry4/Ajap1/Pik3r1",5
"GO:0034109","GO:0034109","homotypic cell-cell adhesion","6/379","93/28928",0.0645161290322581,4.92433398587114,4.36740342550801,0.00142210502123551,0.00987236450005915,0.0063422849238998,"Serpine2/Pdgfra/Plpp3/Ncam1/Prkca/Megf11",6
"GO:0009100","GO:0009100","glycoprotein metabolic process","13/379","374/28928",0.0347593582887701,2.65308368490116,3.70743047605671,0.00143833286653254,0.00996803814816345,0.00640374836925606,"Xylt1/Sulf2/Chst11/St6gal2/Arsb/Galnt10/Npc1/Neu4/B3gat2/Phlda1/Soat1/Ugdh/Cst3",13
"GO:0048588","GO:0048588","developmental cell growth","11/379","285/28928",0.0385964912280702,2.94596120909133,3.80384848476318,0.00144941796919278,0.0100278068327004,0.00644214545506645,"Lrp1/Bcan/Dscam/Tnr/Nlgn3/Sema5b/S100b/Sema5a/Omg/Apoe/Tmem108",11
"GO:0097553","GO:0097553","calcium ion transmembrane import into cytosol","9/379","202/28928",0.0445544554455446,3.40071579717338,3.94506996149317,0.00145726641999073,0.010052485317473,0.00645799960853866,"P2rx7/Itgav/Cav1/Adcyap1r1/Dbi/Itpr2/Cacna2d1/Fyn/Bmp4",9
"GO:0015837","GO:0015837","amine transport","7/379","127/28928",0.0551181102362205,4.20700974383479,4.17324814314855,0.00146038559704147,0.010052485317473,0.00645799960853866,"Slc38a3/Adora1/P2rx7/Slc6a1/Chrna4/Chrna3/Kcna2",7
"GO:1905954","GO:1905954","positive regulation of lipid localization","7/379","127/28928",0.0551181102362205,4.20700974383479,4.17324814314855,0.00146038559704147,0.010052485317473,0.00645799960853866,"Lrp1/P2rx7/Cav1/Abcg1/Dbi/Dab2/Apoe",7
"GO:0014912","GO:0014912","negative regulation of smooth muscle cell migration","4/379","38/28928",0.105263157894737,8.03443966115817,4.99946334572049,0.00150570053394902,0.0103257617036869,0.00663356005348899,"Lrp1/Abhd2/Cav1/Igfbp3",4
"GO:0048710","GO:0048710","regulation of astrocyte differentiation","4/379","38/28928",0.105263157894737,8.03443966115817,4.99946334572049,0.00150570053394902,0.0103257617036869,0.00663356005348899,"Serpine2/Gpr37l1/Qki/Cntn2",4
"GO:0071248","GO:0071248","cellular response to metal ion","9/379","203/28928",0.0443349753694581,3.38396350260603,3.92729437026904,0.00150768790520091,0.0103257617036869,0.00663356005348899,"Kcnj10/Slc1a1/Mt2/Cpne2/Sox2/Trf/Cpne8/Kcna1/B2m",9
"GO:0021545","GO:0021545","cranial nerve development","5/379","64/28928",0.078125,5.96306068601583,4.57970144771578,0.00152141044336475,0.010367470830621,0.00666035517100532,"Slc1a3/Nkx2-2/Erbb3/Kcna1/Kcna2",5
"GO:0033619","GO:0033619","membrane protein proteolysis","5/379","64/28928",0.078125,5.96306068601583,4.57970144771578,0.00152141044336475,0.010367470830621,0.00666035517100532,"P2rx7/Adam9/Timp2/Timp4/Apoe",5
"GO:0098815","GO:0098815","modulation of excitatory postsynaptic potential","5/379","64/28928",0.078125,5.96306068601583,4.57970144771578,0.00152141044336475,0.010367470830621,0.00666035517100532,"Neto1/Nlgn3/Gria1/Tmem108/Reln",5
"GO:0050954","GO:0050954","sensory perception of mechanical stimulus","12/379","331/28928",0.0362537764350453,2.76714840293665,3.7256549827159,0.00152568121516361,0.0103792169478993,0.00666790120747192,"Gjc3/Serpine2/Pcdh15/Lhfpl3/Minar2/Slc1a3/Sox2/Srrm4/Aqp4/Kcna1/Wdr1/Fyn",12
"GO:0046034","GO:0046034","ATP metabolic process","10/379","245/28928",0.0408163265306122,3.11539497065317,3.83122868511422,0.00156151819109756,0.0105876649396382,0.00680181406648504,"P2rx7/Ampd3/Stat3/Atp1a2/Atp1b1/Nt5e/Ak5/Pid1/Aldoc/Slc4a4",10
"GO:0048839","GO:0048839","inner ear development","10/379","245/28928",0.0408163265306122,3.11539497065317,3.83122868511422,0.00156151819109756,0.0105876649396382,0.00680181406648504,"Pcdh15/Eya1/Prrx1/Minar2/Hey2/Sox2/Igfbp7/Sparc/Neurod1/Bmp4",10
"GO:0043217","GO:0043217","myelin maintenance","3/379","18/28928",0.166666666666667,12.7211961301671,5.731390404136,0.00157294887704886,0.0105946556594613,0.00680630510173209,"Degs1/Clu/Fa2h",3
"GO:0098712","GO:0098712","L-glutamate import across plasma membrane","3/379","18/28928",0.166666666666667,12.7211961301671,5.731390404136,0.00157294887704886,0.0105946556594613,0.00680630510173209,"Kcnj10/Slc1a1/Slc1a3",3
"GO:1900221","GO:1900221","regulation of amyloid-beta clearance","3/379","18/28928",0.166666666666667,12.7211961301671,5.731390404136,0.00157294887704886,0.0105946556594613,0.00680630510173209,"Lrp1/Apoe/Clu",3
"GO:1903911","GO:1903911","positive regulation of receptor clustering","3/379","18/28928",0.166666666666667,12.7211961301671,5.731390404136,0.00157294887704886,0.0105946556594613,0.00680630510173209,"Zdhhc2/Cd81/Ptn",3
"GO:0002090","GO:0002090","regulation of receptor internalization","6/379","95/28928",0.0631578947368421,4.8206637966949,4.29765513187627,0.00158652755154812,0.0106509057208543,0.00684244172496344,"Lrp1/Susd4/Hip1/Tspan7/Sirt2/Dab2",6
"GO:0046530","GO:0046530","photoreceptor cell differentiation","6/379","95/28928",0.0631578947368421,4.8206637966949,4.29765513187627,0.00158652755154812,0.0106509057208543,0.00684244172496344,"Dscam/Stat3/Ntrk2/Ptn/Mfsd2a/Sox8",6
"GO:0030048","GO:0030048","actin filament-based movement","7/379","129/28928",0.0542635658914729,4.14178478656603,4.12058081435027,0.00159771379539106,0.0107083613753595,0.00687935285515507,"Adora1/Qki/Cav1/Atp1a2/Scn1b/Cacna2d1/Epdr1",7
"GO:1904375","GO:1904375","regulation of protein localization to cell periphery","8/379","166/28928",0.0481927710843374,3.67841815812061,3.98748200463506,0.0016170584354117,0.0108202185949141,0.00695121308248017,"Lrp1/Zdhhc2/Dpp6/Pid1/Pik3r1/Dab2/Tmem108/Rhoq",8
"GO:0042596","GO:0042596","fear response","5/379","65/28928",0.0769230769230769,5.87132129084636,4.5301081548998,0.00163075206209468,0.0108761287283728,0.00698713132643546,"Slc1a1/Atp1a2/Brinp1/Dbi/Apoe",5
"GO:0051289","GO:0051289","protein homotetramerization","5/379","65/28928",0.0769230769230769,5.87132129084636,4.5301081548998,0.00163075206209468,0.0108761287283728,0.00698713132643546,"Gria3/Me1/Dnm1/Aqp4/B2m",5
"GO:0048169","GO:0048169","regulation of long-term neuronal synaptic plasticity","4/379","39/28928",0.102564102564103,7.82842838779514,4.91657491179321,0.00166063032989971,0.0110573016247407,0.00710352189621704,"Neto1/Kcnj10/Grm5/S100b",4
"GO:0060326","GO:0060326","cell chemotaxis","12/379","337/28928",0.0356083086053412,2.71788166579238,3.65484846163511,0.00177240282672732,0.011782286327755,0.00756927248230589,"Pdgfra/Prex1/Ednrb/Ptprj/Ptn/Mmp2/Sema5a/Pde4b/Prkca/Pla2g7/Nr4a1/Plxnb3",12
"GO:0060541","GO:0060541","respiratory system development","11/379","293/28928",0.037542662116041,2.86552540816051,3.69796024001625,0.00180244890772131,0.0119625070015706,0.00768505131750884,"Epas1/Ascl1/Pdgfra/Spry1/Fgfrl1/Sox2/Atxn1/Tns3/Sparc/Tnc/Bmp4",11
"GO:0007043","GO:0007043","cell-cell junction assembly","8/379","169/28928",0.0473372781065089,3.61312079436699,3.92547124422424,0.00181002225886048,0.0119932369184658,0.00770479308136244,"Ugt8a/Cav1/Cdh19/Prkca/Cdh11/Wdr1/Nfasc/Pmp22",8
"GO:0048675","GO:0048675","axon extension","7/379","132/28928",0.053030303030303,4.04765331414408,4.04354516075834,0.0018223160914738,0.0120228447818859,0.00772381400647086,"Lrp1/Dscam/Tnr/Nlgn3/Sema5b/Sema5a/Apoe",7
"GO:0006884","GO:0006884","cell volume homeostasis","4/379","40/28928",0.1,7.63271767810026,4.83658274738052,0.00182629225030365,0.0120228447818859,0.00772381400647086,"P2rx7/Slc12a4/Aqp4/Prkg2",4
"GO:0019934","GO:0019934","cGMP-mediated signaling","4/379","40/28928",0.1,7.63271767810026,4.83658274738052,0.00182629225030365,0.0120228447818859,0.00772381400647086,"Ednrb/Gucy1a1/Apoe/Gucy2f",4
"GO:0051491","GO:0051491","positive regulation of filopodium assembly","4/379","40/28928",0.1,7.63271767810026,4.83658274738052,0.00182629225030365,0.0120228447818859,0.00772381400647086,"Plppr5/Pik3r1/Dnm3/Rhoq",4
"GO:0060134","GO:0060134","prepulse inhibition","3/379","19/28928",0.157894736842105,12.0516594917373,5.55218097931548,0.00184984086805435,0.0121470673047044,0.00780361805277358,"Nlgn3/Grin3a/Fabp7",3
"GO:0009141","GO:0009141","nucleoside triphosphate metabolic process","11/379","294/28928",0.0374149659863946,2.85577872309874,3.68497629558361,0.00185112363097458,0.0121470673047044,0.00780361805277358,"P2rx7/Ampd3/Stat3/Atp1a2/Atp1b1/Nt5e/Ak5/Pid1/Aldoc/Slc4a4/Rhoq",11
"GO:1903053","GO:1903053","regulation of extracellular matrix organization","5/379","67/28928",0.0746268656716418,5.69605796873154,4.43395228950401,0.00186658883630887,0.012228857729837,0.00785616252479295,"Antxr1/Aebp1/Sema5a/Cyp2j6/Cst3",5
"GO:0016125","GO:0016125","sterol metabolic process","8/379","170/28928",0.0470588235294118,3.59186714263542,3.90511393770098,0.0018782313072461,0.0122853813435439,0.00789247488573296,"Lrp1/Qki/Npc1/Abcg1/Lcat/Apoe/Soat1/Pmp22",8
"GO:0048659","GO:0048659","smooth muscle cell proliferation","9/379","210/28928",0.0428571428571429,3.27116471918583,3.80589705884453,0.00190119994496108,0.0123958236411463,0.00796342612735699,"Cav1/Mmp2/Igfbp3/Ndrg2/Pik3r1/Prkca/Calcrl/Apoe/Bmp4",9
"GO:0051260","GO:0051260","protein homooligomerization","9/379","210/28928",0.0428571428571429,3.27116471918583,3.80589705884453,0.00190119994496108,0.0123958236411463,0.00796342612735699,"Gria3/Me1/Dnm1/Ehd3/Aqp4/Kcna1/Kcna2/Kcnd2/B2m",9
"GO:0008593","GO:0008593","regulation of Notch signaling pathway","6/379","99/28928",0.0606060606060606,4.62588950187895,4.16383226007416,0.00195833165653237,0.01274792571944,0.00818962641633767,"Ascl1/Epn2/Stat3/Bmp7/Hey2/Sox2",6
"GO:0045778","GO:0045778","positive regulation of ossification","5/379","68/28928",0.0735294117647059,5.61229241036784,4.38731663068056,0.00199343055992361,0.012874566372109,0.00827098393734197,"P2rx7/Bmp7/Ptn/Fzd9/Bmp4",5
"GO:0051058","GO:0051058","negative regulation of small GTPase mediated signal transduction","5/379","68/28928",0.0735294117647059,5.61229241036784,4.38731663068056,0.00199343055992361,0.012874566372109,0.00827098393734197,"Spry4/Spry1/Rasa3/Timp2/Tns3",5
"GO:0001709","GO:0001709","cell fate determination","4/379","41/28928",0.0975609756097561,7.44655383229294,4.75931197296416,0.00200306136930481,0.012874566372109,0.00827098393734197,"Ascl1/Prrx1/Nkx2-2/Bmp4",4
"GO:0010573","GO:0010573","vascular endothelial growth factor production","4/379","41/28928",0.0975609756097561,7.44655383229294,4.75931197296416,0.00200306136930481,0.012874566372109,0.00827098393734197,"Sulf2/Stat3/Ndrg2/Aqp4",4
"GO:0030574","GO:0030574","collagen catabolic process","4/379","41/28928",0.0975609756097561,7.44655383229294,4.75931197296416,0.00200306136930481,0.012874566372109,0.00827098393734197,"Mmp16/Mmp15/Mmp2/Cst3",4
"GO:0031128","GO:0031128","developmental induction","4/379","41/28928",0.0975609756097561,7.44655383229294,4.75931197296416,0.00200306136930481,0.012874566372109,0.00827098393734197,"Spry1/Sox2/Sox8/Bmp4",4
"GO:1900026","GO:1900026","positive regulation of substrate adhesion-dependent cell spreading","4/379","41/28928",0.0975609756097561,7.44655383229294,4.75931197296416,0.00200306136930481,0.012874566372109,0.00827098393734197,"Cspg5/Prex1/Dab2/Lims2",4
"GO:1905476","GO:1905476","negative regulation of protein localization to membrane","4/379","41/28928",0.0975609756097561,7.44655383229294,4.75931197296416,0.00200306136930481,0.012874566372109,0.00827098393734197,"Pid1/Dab2/Fzd9/Rhoq",4
"GO:0001837","GO:0001837","epithelial to mesenchymal transition","8/379","172/28928",0.0465116279069767,3.55010124562803,3.86485550701428,0.00202072499519503,0.0129472552758172,0.00831768133573326,"Spry1/Qki/Bmp7/Hey2/Tmem100/Ncam1/Dab2/Bmp4",8
"GO:1902652","GO:1902652","secondary alcohol metabolic process","8/379","172/28928",0.0465116279069767,3.55010124562803,3.86485550701428,0.00202072499519503,0.0129472552758172,0.00831768133573326,"Lrp1/Qki/Npc1/Abcg1/Lcat/Apoe/Soat1/Pmp22",8
"GO:0030258","GO:0030258","lipid modification","9/379","212/28928",0.0424528301886792,3.24030467466521,3.77214949205874,0.00202752922054215,0.0129704577295279,0.0083325872452918,"Cpt1a/Plpp4/Plpp3/Plppr5/Dbi/Mfsd2a/Mtmr10/Pla2g7/Fa2h",9
"GO:0043491","GO:0043491","phosphatidylinositol 3-kinase/protein kinase B signal transduction","12/379","343/28928",0.0349854227405248,2.67033854627415,3.5855709256291,0.00205101841306291,0.0131001567918987,0.00841590957480192,"Serpine2/Pdgfra/Stat3/Ptprj/Ntrk2/Tmem100/Sema5a/Pik3r1/Reln/Erbb3/Fyn/Ppp1r16b",12
"GO:0042157","GO:0042157","lipoprotein metabolic process","6/379","100/28928",0.06,4.57963060686016,4.13149097642666,0.00206079002380975,0.0131419708091154,0.00844277207678916,"Zdhhc2/Itgav/Dbi/Ppt1/Lcat/Apoe",6
"GO:0072073","GO:0072073","kidney epithelium development","8/379","173/28928",0.046242774566474,3.52958042917931,3.84495012444811,0.00209509228173902,0.0133398453876352,0.00856989227744233,"Spry1/Eya1/Ednrb/Bmp7/Vcan/Lhx1/Sox8/Bmp4",8
"GO:0006940","GO:0006940","regulation of smooth muscle contraction","5/379","69/28928",0.072463768115942,5.53095483920309,4.34159683799529,0.00212645340027602,0.0134345699319764,0.00863074599181795,"Gucy1a1/Cav1/Atp1a2/Chrna3/Calcrl",5
"GO:0019098","GO:0019098","reproductive behavior","5/379","69/28928",0.072463768115942,5.53095483920309,4.34159683799529,0.00212645340027602,0.0134345699319764,0.00863074599181795,"Serpine2/Npas3/Ednrb/Brinp1/Nhlh2",5
"GO:0030193","GO:0030193","regulation of blood coagulation","5/379","69/28928",0.072463768115942,5.53095483920309,4.34159683799529,0.00212645340027602,0.0134345699319764,0.00863074599181795,"Serpine2/Pdgfra/Cav1/Apoe/Anxa5",5
"GO:0050982","GO:0050982","detection of mechanical stimulus","5/379","69/28928",0.072463768115942,5.53095483920309,4.34159683799529,0.00212645340027602,0.0134345699319764,0.00863074599181795,"Serpine2/Pcdh15/Sox2/Kcna1/Fyn",5
"GO:1905517","GO:1905517","macrophage migration","5/379","69/28928",0.072463768115942,5.53095483920309,4.34159683799529,0.00212645340027602,0.0134345699319764,0.00863074599181795,"Ednrb/Ptprj/Cd81/Mmp2/Cnn2",5
"GO:0021516","GO:0021516","dorsal spinal cord development","3/379","20/28928",0.15,11.4490765171504,5.38591799647599,0.00215528335066781,0.0135119686984174,0.00868046913864106,"Ascl1/Lhx1/Gsx1",3
"GO:0030206","GO:0030206","chondroitin sulfate biosynthetic process","3/379","20/28928",0.15,11.4490765171504,5.38591799647599,0.00215528335066781,0.0135119686984174,0.00868046913864106,"Xylt1/Chst11/Ugdh",3
"GO:0043691","GO:0043691","reverse cholesterol transport","3/379","20/28928",0.15,11.4490765171504,5.38591799647599,0.00215528335066781,0.0135119686984174,0.00868046913864106,"Abcg1/Lcat/Apoe",3
"GO:0071340","GO:0071340","skeletal muscle acetylcholine-gated channel clustering","3/379","20/28928",0.15,11.4490765171504,5.38591799647599,0.00215528335066781,0.0135119686984174,0.00868046913864106,"Ptn/Etv5/Fzd9",3
"GO:0072189","GO:0072189","ureter development","3/379","20/28928",0.15,11.4490765171504,5.38591799647599,0.00215528335066781,0.0135119686984174,0.00868046913864106,"Lhx1/Sox8/Bmp4",3
"GO:0060048","GO:0060048","cardiac muscle contraction","7/379","136/28928",0.0514705882352941,3.92860468725749,3.94430184722344,0.00215902135109108,0.0135146113758774,0.00868216686904928,"Adora1/Cav1/Atp1a2/Scn1b/Atp1b1/Ehd3/Cacna2d1",7
"GO:0009187","GO:0009187","cyclic nucleotide metabolic process","4/379","42/28928",0.0952380952380952,7.26925493152406,4.68460226953141,0.00219131003147794,0.0135502099822042,0.008705036416078,"Gucy1a1/Pde7b/Gucy2f/Cnp",4
"GO:0032373","GO:0032373","positive regulation of sterol transport","4/379","42/28928",0.0952380952380952,7.26925493152406,4.68460226953141,0.00219131003147794,0.0135502099822042,0.008705036416078,"Lrp1/Cav1/Abcg1/Apoe",4
"GO:0032376","GO:0032376","positive regulation of cholesterol transport","4/379","42/28928",0.0952380952380952,7.26925493152406,4.68460226953141,0.00219131003147794,0.0135502099822042,0.008705036416078,"Lrp1/Cav1/Abcg1/Apoe",4
"GO:0035883","GO:0035883","enteroendocrine cell differentiation","4/379","42/28928",0.0952380952380952,7.26925493152406,4.68460226953141,0.00219131003147794,0.0135502099822042,0.008705036416078,"Ascl1/Nkx2-2/Neurod1/Bmp4",4
"GO:0043277","GO:0043277","apoptotic cell clearance","4/379","42/28928",0.0952380952380952,7.26925493152406,4.68460226953141,0.00219131003147794,0.0135502099822042,0.008705036416078,"Lrp1/Adgrb1/Itgav/Mfge8",4
"GO:0070741","GO:0070741","response to interleukin-6","4/379","42/28928",0.0952380952380952,7.26925493152406,4.68460226953141,0.00219131003147794,0.0135502099822042,0.008705036416078,"Stat3/Pid1/Ptprt/St18",4
"GO:2000463","GO:2000463","positive regulation of excitatory postsynaptic potential","4/379","42/28928",0.0952380952380952,7.26925493152406,4.68460226953141,0.00219131003147794,0.0135502099822042,0.008705036416078,"Neto1/Nlgn3/Gria1/Reln",4
"GO:2000649","GO:2000649","regulation of sodium ion transmembrane transporter activity","4/379","42/28928",0.0952380952380952,7.26925493152406,4.68460226953141,0.00219131003147794,0.0135502099822042,0.008705036416078,"Neto1/Atp1a2/Scn1b/Atp1b1",4
"GO:0048562","GO:0048562","embryonic organ morphogenesis","12/379","347/28928",0.0345821325648415,2.63955654574073,3.5402039255178,0.00225595917160156,0.0139288388246611,0.00894827824525212,"Pcdh15/Pdgfra/Chst11/Eya1/Prrx1/Bmp7/Mmp16/Sox2/Lhx1/Sparc/Neurod1/Bmp4",12
"GO:0001754","GO:0001754","eye photoreceptor cell differentiation","5/379","70/28928",0.0714285714285714,5.45194119864305,4.29676080222093,0.00226583225657906,0.0139686330492582,0.0089738431755906,"Dscam/Stat3/Ntrk2/Ptn/Sox8",5
"GO:0042060","GO:0042060","wound healing","13/379","394/28928",0.032994923857868,2.51840938617521,3.4964837538034,0.00226947351365156,0.0139699464775379,0.00897468695889876,"Serpine2/Pdgfra/Plpp3/Itgav/F3/Rasa3/Ptprj/Cav1/Ajap1/Prkca/Apoe/Cnn2/Anxa5",13
"GO:0021766","GO:0021766","hippocampus development","6/379","102/28928",0.0588235294117647,4.48983392829427,4.06807084746619,0.00227779628253837,0.0140000299416951,0.00899401342331176,"Bcan/Mfsd2a/Tmem108/Reln/Kcna1/Neurod1",6
"GO:0007517","GO:0007517","muscle organ development","13/379","395/28928",0.0329113924050633,2.51203366621021,3.48627902623086,0.00231966585718923,0.014235901156696,0.00914554373308438,"Adgrb1/Cryab/Fgfrl1/Cav1/Hey2/S100b/Sirt2/Nr4a1/Erbb3/Sox8/Cav2/Pmp22/Bmp4",13
"GO:0030324","GO:0030324","lung development","10/379","259/28928",0.0386100386100386,2.94699524250975,3.62647219958092,0.00234386471668679,0.0143446662699299,0.00921541750424686,"Epas1/Ascl1/Pdgfra/Spry1/Sox2/Atxn1/Tns3/Sparc/Tnc/Bmp4",10
"GO:0003014","GO:0003014","renal system process","7/379","138/28928",0.0507246376811594,3.87166838744216,3.89608883362316,0.00234442889221431,0.0143446662699299,0.00921541750424686,"Sulf2/Adora1/Ednrb/Chrna3/Dab2/Aqp4/Bmp4",7
"GO:0046839","GO:0046839","phospholipid dephosphorylation","4/379","43/28928",0.0930232558139535,7.10020249125606,4.61230635164055,0.00239140751415799,0.0145447546570057,0.00934395991784906,"Plpp4/Plpp3/Plppr5/Mtmr10",4
"GO:0072210","GO:0072210","metanephric nephron development","4/379","43/28928",0.0930232558139535,7.10020249125606,4.61230635164055,0.00239140751415799,0.0145447546570057,0.00934395991784906,"Pdgfra/Lhx1/Sox8/Bmp4",4
"GO:1904646","GO:1904646","cellular response to amyloid-beta","4/379","43/28928",0.0930232558139535,7.10020249125606,4.61230635164055,0.00239140751415799,0.0145447546570057,0.00934395991784906,"Lrp1/Grm5/Cacna2d1/Fyn",4
"GO:1905332","GO:1905332","positive regulation of morphogenesis of an epithelium","4/379","43/28928",0.0930232558139535,7.10020249125606,4.61230635164055,0.00239140751415799,0.0145447546570057,0.00934395991784906,"Pdgfra/Lhx1/Sox8/Bmp4",4
"GO:0061045","GO:0061045","negative regulation of wound healing","5/379","71/28928",0.0704225352112676,5.37515329443681,4.25277798732397,0.0024117424889213,0.0146188102552285,0.00939153531927758,"Serpine2/Pdgfra/Ajap1/Apoe/Anxa5",5
"GO:1900046","GO:1900046","regulation of hemostasis","5/379","71/28928",0.0704225352112676,5.37515329443681,4.25277798732397,0.0024117424889213,0.0146188102552285,0.00939153531927758,"Serpine2/Pdgfra/Cav1/Apoe/Anxa5",5
"GO:2001236","GO:2001236","regulation of extrinsic apoptotic signaling pathway","8/379","177/28928",0.0451977401129944,3.44981589970633,3.76677307395746,0.00241434584092486,0.0146188102552285,0.00939153531927758,"Itgav/Eya1/Cav1/Faim2/Dab2/Grina/Fyn/Bmp4",8
"GO:0021511","GO:0021511","spinal cord patterning","3/379","21/28928",0.142857142857143,10.9038823972861,5.23105713263709,0.00249024963888973,0.0149893165117809,0.00962955897056482,"Ascl1/Nkx2-2/Reln",3
"GO:0021554","GO:0021554","optic nerve development","3/379","21/28928",0.142857142857143,10.9038823972861,5.23105713263709,0.00249024963888973,0.0149893165117809,0.00962955897056482,"Nkx2-2/Kcna1/Kcna2",3
"GO:0046325","GO:0046325","negative regulation of D-glucose import","3/379","21/28928",0.142857142857143,10.9038823972861,5.23105713263709,0.00249024963888973,0.0149893165117809,0.00962955897056482,"Pid1/Prkca/Rhoq",3
"GO:0048268","GO:0048268","clathrin coat assembly","3/379","21/28928",0.142857142857143,10.9038823972861,5.23105713263709,0.00249024963888973,0.0149893165117809,0.00962955897056482,"Hip1/Dnm1/Dab2",3
"GO:0007009","GO:0007009","plasma membrane organization","8/379","178/28928",0.0449438202247191,3.43043491150574,3.7475800989879,0.00249981923695894,0.0150247247649081,0.00965230622933845,"Mtss2/P2rx7/Cav1/Degs1/Clu/Cav2/Fa2h/Tlcd1",8
"GO:0071383","GO:0071383","cellular response to steroid hormone stimulus","9/379","219/28928",0.0410958904109589,3.13673329236997,3.65711985765978,0.00252333380392531,0.0151437190736313,0.00972875152369933,"Abhd2/Sox10/Zfp36l2/Atp1a2/Npc1/Ntrk2/Lbh/Dab2/Bmp4",9
"GO:0050821","GO:0050821","protein stabilization","9/379","220/28928",0.0409090909090909,3.12247541376829,3.64106466717688,0.00260138892977038,0.0155346380727234,0.009979888895541,"Atp1b2/Hip1/Plpp3/Cryab/Taf9b/Brinp1/Atp1b1/Pik3r1/Clu",9
"GO:0021955","GO:0021955","central nervous system neuron axonogenesis","4/379","44/28928",0.0909090909090909,6.93883425281842,4.54228863199619,0.0026037197064221,0.0155346380727234,0.009979888895541,"Scn1b/Prkca/Cdh11/Prdm8",4
"GO:0032570","GO:0032570","response to progesterone","4/379","44/28928",0.0909090909090909,6.93883425281842,4.54228863199619,0.0026037197064221,0.0155346380727234,0.009979888895541,"Abhd2/Sox10/Cav1/Nkx2-2",4
"GO:0045940","GO:0045940","positive regulation of steroid metabolic process","4/379","44/28928",0.0909090909090909,6.93883425281842,4.54228863199619,0.0026037197064221,0.0155346380727234,0.009979888895541,"Qki/Abcg1/Dab2/Apoe",4
"GO:0007229","GO:0007229","integrin-mediated signaling pathway","6/379","105/28928",0.0571428571428571,4.36155295891444,3.97594958394012,0.00263501285565352,0.0156525909428398,0.0100556651404178,"Plpp3/Itgav/Itgb8/Ptn/Dab2/Lims2",6
"GO:0030168","GO:0030168","platelet activation","6/379","105/28928",0.0571428571428571,4.36155295891444,3.97594958394012,0.00263501285565352,0.0156525909428398,0.0100556651404178,"Serpine2/Pdgfra/Rasa3/Ptprj/Prkca/Apoe",6
"GO:0150115","GO:0150115","cell-substrate junction organization","6/379","105/28928",0.0571428571428571,4.36155295891444,3.97594958394012,0.00263501285565352,0.0156525909428398,0.0100556651404178,"Lrp1/Itgav/Ptprj/Pik3r1/Rab8b/Cdh11",6
"GO:0002040","GO:0002040","sprouting angiogenesis","7/379","141/28928",0.049645390070922,3.7892924643051,3.82543879987188,0.00264526385757335,0.015690611673379,0.0100800907282386,"S100a1/Rhoj/Epn2/Sema5a/Nr4a1/Ppp1r16b/Bmp4",7
"GO:0072006","GO:0072006","nephron development","8/379","180/28928",0.0444444444444444,3.39231896804456,3.70960245777685,0.00267786235351845,0.0158608853060867,0.0101894793041622,"Sulf2/Pdgfra/Eya1/Ednrb/Bmp7/Lhx1/Sox8/Bmp4",8
"GO:0086003","GO:0086003","cardiac muscle cell contraction","5/379","73/28928",0.0684931506849315,5.22788882061662,4.16725716056456,0.00272386021881744,0.016109913485749,0.0103494620184844,"Adora1/Cav1/Atp1a2/Scn1b/Cacna2d1",5
"GO:0051928","GO:0051928","positive regulation of calcium ion transport","7/379","142/28928",0.0492957746478873,3.76260730610576,3.80231874147445,0.00275185627842919,0.0162519048327521,0.0104406812577473,"P2rx7/Cav1/Adcyap1r1/Dbi/Ehd3/Plp1/Bmp4",7
"GO:0006941","GO:0006941","striated muscle contraction","8/379","181/28928",0.0441988950276243,3.37357687429846,3.69081415404387,0.00277052036212653,0.0163148417278405,0.010481113691221,"Adora1/Cav1/Atp1a2/Scn1b/Atp1b1/Ehd3/Nr4a1/Cacna2d1",8
"GO:0009166","GO:0009166","nucleotide catabolic process","8/379","181/28928",0.0441988950276243,3.37357687429846,3.69081415404387,0.00277052036212653,0.0163148417278405,0.010481113691221,"P2rx7/Ampd3/Stat3/Nt5e/Pde7b/Aldoc/Cnp/Slc4a4",8
"GO:0052548","GO:0052548","regulation of endopeptidase activity","11/379","310/28928",0.0354838709677419,2.70838369222913,3.48435564662098,0.00278704907578385,0.0163884920401431,0.0105284287255631,"Serpine2/Slc1a1/Serpina3n/Hip1/F3/Cryab/Stat3/Sox2/Pcsk1n/Nr4a1/St18",11
"GO:0010874","GO:0010874","regulation of cholesterol efflux","4/379","45/28928",0.0888888888888889,6.78463793608912,4.47442404976066,0.00282860880421558,0.0165295656052406,0.0106190583558885,"Lrp1/Cav1/Abcg1/Apoe",4
"GO:0035987","GO:0035987","endodermal cell differentiation","4/379","45/28928",0.0888888888888889,6.78463793608912,4.47442404976066,0.00282860880421558,0.0165295656052406,0.0106190583558885,"Itgav/Mmp15/Sox2/Mmp2",4
"GO:0045747","GO:0045747","positive regulation of Notch signaling pathway","4/379","45/28928",0.0888888888888889,6.78463793608912,4.47442404976066,0.00282860880421558,0.0165295656052406,0.0106190583558885,"Ascl1/Epn2/Stat3/Sox2",4
"GO:1903580","GO:1903580","positive regulation of ATP metabolic process","4/379","45/28928",0.0888888888888889,6.78463793608912,4.47442404976066,0.00282860880421558,0.0165295656052406,0.0106190583558885,"P2rx7/Stat3/Pid1/Slc4a4",4
"GO:0000302","GO:0000302","response to reactive oxygen species","9/379","223/28928",0.0403587443946188,3.08046901806737,3.5934430064584,0.00284709281385433,0.0165295656052406,0.0106190583558885,"Gpr37l1/Ptprn/Pdgfra/Adam9/Cryab/Adcyap1r1/Mmp2/Prkca/Fyn",9
"GO:0015810","GO:0015810","aspartate transmembrane transport","3/379","22/28928",0.136363636363636,10.4082513792276,5.0863015739057,0.00285565992296671,0.0165295656052406,0.0106190583558885,"Slc1a1/Slc1a3/Slc25a18",3
"GO:0043116","GO:0043116","negative regulation of vascular permeability","3/379","22/28928",0.136363636363636,10.4082513792276,5.0863015739057,0.00285565992296671,0.0165295656052406,0.0106190583558885,"Ddah1/Ptprj/Apoe",3
"GO:0060307","GO:0060307","regulation of ventricular cardiac muscle cell membrane repolarization","3/379","22/28928",0.136363636363636,10.4082513792276,5.0863015739057,0.00285565992296671,0.0165295656052406,0.0106190583558885,"Scn1b/Cacna2d1/Wdr1",3
"GO:0060602","GO:0060602","branch elongation of an epithelium","3/379","22/28928",0.136363636363636,10.4082513792276,5.0863015739057,0.00285565992296671,0.0165295656052406,0.0106190583558885,"Spry1/Tnc/Bmp4",3
"GO:0086011","GO:0086011","membrane repolarization during action potential","3/379","22/28928",0.136363636363636,10.4082513792276,5.0863015739057,0.00285565992296671,0.0165295656052406,0.0106190583558885,"Cav1/Cacna2d1/Kcna1",3
"GO:1900006","GO:1900006","positive regulation of dendrite development","3/379","22/28928",0.136363636363636,10.4082513792276,5.0863015739057,0.00285565992296671,0.0165295656052406,0.0106190583558885,"Ptprz1/Bmp7/Ptn",3
"GO:0021987","GO:0021987","cerebral cortex development","7/379","143/28928",0.048951048951049,3.73629536690223,3.77940757702311,0.00286171304615944,0.0165411073235457,0.0106264730806996,"Ascl1/Ntrk2/Sox2/Gria1/Reln/Kcna1/Kcna2",7
"GO:0007178","GO:0007178","cell surface receptor protein serine/threonine kinase signaling pathway","13/379","405/28928",0.0320987654320988,2.45000814358774,3.3859161934868,0.00287362471006724,0.0165864315772295,0.0106555906574284,"Lrp1/Chst11/Spry1/Adam9/Stat3/Bmp7/Itgb8/Cav1/Tmem100/Zic2/Dab2/Cav2/Bmp4",13
"GO:0010656","GO:0010656","negative regulation of muscle cell apoptotic process","5/379","74/28928",0.0675675675675676,5.15724167439207,4.12566509568429,0.00289041983312696,0.0166127797179018,0.0106725174448619,"Qki/Cav1/Hey2/Lifr/Pik3r1",5
"GO:0055117","GO:0055117","regulation of cardiac muscle contraction","5/379","74/28928",0.0675675675675676,5.15724167439207,4.12566509568429,0.00289041983312696,0.0166127797179018,0.0106725174448619,"Adora1/Cav1/Atp1a2/Atp1b1/Ehd3",5
"GO:0060425","GO:0060425","lung morphogenesis","5/379","74/28928",0.0675675675675676,5.15724167439207,4.12566509568429,0.00289041983312696,0.0166127797179018,0.0106725174448619,"Pdgfra/Spry1/Sox2/Tnc/Bmp4",5
"GO:1902903","GO:1902903","regulation of supramolecular fiber organization","13/379","406/28928",0.0320197044334975,2.44397364077102,3.37604437901013,0.00293450428702548,0.0168424013656744,0.0108200328566826,"Prex1/Aebp1/Fchsd2/Cryab/Cdc42ep1/Cav1/Frmd7/Sema5a/Sorbs3/Pik3r1/Apoe/Clu/Wdr1",13
"GO:0071900","GO:0071900","regulation of protein serine/threonine kinase activity","10/379","268/28928",0.0373134328358209,2.84802898436577,3.50198220436488,0.00299464754097143,0.0171634159345409,0.0110262616542985,"P2rx7/Spry4/Spry1/Adam9/Sash1/Ptprj/Cav1/Apoe/Trib2/Pmp22",10
"GO:0048662","GO:0048662","negative regulation of smooth muscle cell proliferation","5/379","75/28928",0.0666666666666667,5.08847845206684,4.08481798380501,0.00306421485949102,0.0173792970251594,0.0111649497453204,"Cav1/Igfbp3/Ndrg2/Pik3r1/Apoe",5
"GO:0050818","GO:0050818","regulation of coagulation","5/379","75/28928",0.0666666666666667,5.08847845206684,4.08481798380501,0.00306421485949102,0.0173792970251594,0.0111649497453204,"Serpine2/Pdgfra/Cav1/Apoe/Anxa5",5
"GO:0050885","GO:0050885","neuromuscular process controlling balance","5/379","75/28928",0.0666666666666667,5.08847845206684,4.08481798380501,0.00306421485949102,0.0173792970251594,0.0111649497453204,"Tnr/Pcdh15/Gm2a/Slc1a3/Sox2",5
"GO:0007616","GO:0007616","long-term memory","4/379","46/28928",0.0869565217391304,6.63714580704371,4.40859703937585,0.00306643302112629,0.0173792970251594,0.0111649497453204,"Ntrk2/Gria1/Apoe/Reln",4
"GO:0010765","GO:0010765","positive regulation of sodium ion transport","4/379","46/28928",0.0869565217391304,6.63714580704371,4.40859703937585,0.00306643302112629,0.0173792970251594,0.0111649497453204,"Atp1b2/Cntn1/Scn1b/Atp1b1",4
"GO:0038179","GO:0038179","neurotrophin signaling pathway","4/379","46/28928",0.0869565217391304,6.63714580704371,4.40859703937585,0.00306643302112629,0.0173792970251594,0.0111649497453204,"Spry1/Ntrk2/Gfra1/Tmem108",4
"GO:0046627","GO:0046627","negative regulation of insulin receptor signaling pathway","4/379","46/28928",0.0869565217391304,6.63714580704371,4.40859703937585,0.00306643302112629,0.0173792970251594,0.0111649497453204,"Ptprj/Pid1/Prkca/Ptpre",4
"GO:0071402","GO:0071402","cellular response to lipoprotein particle stimulus","4/379","46/28928",0.0869565217391304,6.63714580704371,4.40859703937585,0.00306643302112629,0.0173792970251594,0.0111649497453204,"Cd81/Npc1/Abcg1/Apoe",4
"GO:0006644","GO:0006644","phospholipid metabolic process","12/379","361/28928",0.0332409972299169,2.53719147194469,3.38629744126343,0.00310907383001473,0.0175964942462639,0.0113044833556237,"Plpp4/Plpp3/Plppr5/Abhd4/Dbi/Mfsd2a/Pik3r1/Serinc5/Lcat/Mtmr10/Pla2g7/Pgp",12
"GO:0015850","GO:0015850","organic hydroxy compound transport","11/379","315/28928",0.0349206349206349,2.66539347489216,3.42425651464654,0.00314733160318854,0.017788316619963,0.0114277154494925,"Lrp1/Chrna4/Cav1/Npc1/Abcg1/Igfbp3/Lcat/Dab2/Apoe/Soat1/Kcna2",11
"GO:0070167","GO:0070167","regulation of biomineral tissue development","6/379","109/28928",0.055045871559633,4.20149596959648,3.85835876333941,0.00317470071647561,0.0178933684918923,0.0114952037298899,"P2rx7/Bmp7/Hey2/Ptn/Fzd9/Bmp4",6
"GO:0090288","GO:0090288","negative regulation of cellular response to growth factor stimulus","6/379","109/28928",0.055045871559633,4.20149596959648,3.85835876333941,0.00317470071647561,0.0178933684918923,0.0114952037298899,"Sulf2/Spry4/Spry1/Epn2/Fgfrl1/Cav1",6
"GO:0001655","GO:0001655","urogenital system development","5/379","76/28928",0.0657894736842105,5.02152478822386,4.04469182130796,0.00324542146221041,0.0181803289905466,0.0116795552339656,"Bmp7/Mmp2/Lhx1/Tnc/Bmp4",5
"GO:0002043","GO:0002043","blood vessel endothelial cell proliferation involved in sprouting angiogenesis","3/379","23/28928",0.130434782608696,9.95571871056556,4.95055315570238,0.0032523827813763,0.0181803289905466,0.0116795552339656,"Sema5a/Ppp1r16b/Bmp4",3
"GO:0031998","GO:0031998","regulation of fatty acid beta-oxidation","3/379","23/28928",0.130434782608696,9.95571871056556,4.95055315570238,0.0032523827813763,0.0181803289905466,0.0116795552339656,"Cpt1a/Dbi/Mfsd2a",3
"GO:0071625","GO:0071625","vocalization behavior","3/379","23/28928",0.130434782608696,9.95571871056556,4.95055315570238,0.0032523827813763,0.0181803289905466,0.0116795552339656,"Nlgn3/Brinp1/Nrxn3",3
"GO:0090190","GO:0090190","positive regulation of branching involved in ureteric bud morphogenesis","3/379","23/28928",0.130434782608696,9.95571871056556,4.95055315570238,0.0032523827813763,0.0181803289905466,0.0116795552339656,"Lhx1/Sox8/Bmp4",3
"GO:0150104","GO:0150104","transport across blood-brain barrier","3/379","23/28928",0.130434782608696,9.95571871056556,4.95055315570238,0.0032523827813763,0.0181803289905466,0.0116795552339656,"Lrp1/Mfsd2a/Apoe",3
"GO:0009311","GO:0009311","oligosaccharide metabolic process","4/379","47/28928",0.0851063829787234,6.49592993880874,4.34470062039163,0.00331754631432393,0.0185165582249031,0.0118955583610808,"Gm2a/St6gal2/Npc1/Neu4",4
"GO:0046849","GO:0046849","bone remodeling","6/379","110/28928",0.0545454545454545,4.16330055169105,3.8298409073913,0.00332162062881084,0.0185165582249031,0.0118955583610808,"P2rx7/Itgav/Ptn/Prkca/Trf/Tns3",6
"GO:0008286","GO:0008286","insulin receptor signaling pathway","7/379","147/28928",0.0476190476190476,3.63462746576203,3.6897827409268,0.0033350893415949,0.0185662418948076,0.0119274765495348,"Ptprj/Pid1/Pik3r1/Prkca/Ptpre/Cav2/Rhoq",7
"GO:0008202","GO:0008202","steroid metabolic process","12/379","366/28928",0.0327868852459016,2.50253038626238,3.33307703598315,0.00347064642655456,0.0192580871049604,0.0123719373923245,"Lrp1/Pdgfra/Ednrb/Qki/Npc1/Abcg1/Lcat/Igfbp7/Dab2/Apoe/Soat1/Pmp22",12
"GO:0046928","GO:0046928","regulation of neurotransmitter secretion","6/379","111/28928",0.0540540540540541,4.12579333951366,3.80165953386899,0.00347354454531187,0.0192580871049604,0.0123719373923245,"Cspg5/P2rx7/Ntrk2/Sv2b/Chrna3/Prkca",6
"GO:1901800","GO:1901800","positive regulation of proteasomal protein catabolic process","6/379","111/28928",0.0540540540540541,4.12579333951366,3.80165953386899,0.00347354454531187,0.0192580871049604,0.0123719373923245,"Cav1/Sirt2/Trf/Dab2/Clu/Trib2",6
"GO:0001937","GO:0001937","negative regulation of endothelial cell proliferation","4/379","48/28928",0.0833333333333333,6.36059806508355,4.28263559185701,0.00358229812519278,0.0197535383764013,0.0126902292391631,"Cav1/Apoe/Sparc/Cav2",4
"GO:0045981","GO:0045981","positive regulation of nucleotide metabolic process","4/379","48/28928",0.0833333333333333,6.36059806508355,4.28263559185701,0.00358229812519278,0.0197535383764013,0.0126902292391631,"P2rx7/Stat3/Pid1/Slc4a4",4
"GO:1900544","GO:1900544","positive regulation of purine nucleotide metabolic process","4/379","48/28928",0.0833333333333333,6.36059806508355,4.28263559185701,0.00358229812519278,0.0197535383764013,0.0126902292391631,"P2rx7/Stat3/Pid1/Slc4a4",4
"GO:1901016","GO:1901016","regulation of potassium ion transmembrane transporter activity","4/379","48/28928",0.0833333333333333,6.36059806508355,4.28263559185701,0.00358229812519278,0.0197535383764013,0.0126902292391631,"Atp1b2/Neto1/Cav1/Atp1b1",4
"GO:0051592","GO:0051592","response to calcium ion","7/379","149/28928",0.0469798657718121,3.58584051991288,3.6461360832903,0.00359307144131251,0.0197861704369574,0.0127111929936618,"Pcdh15/P2rx7/Adam9/Cpne2/Cav1/Cpne8/Anxa5",7
"GO:0032970","GO:0032970","regulation of actin filament-based process","13/379","416/28928",0.03125,2.38522427440633,3.27890451719851,0.00360323626282507,0.0198153681120272,0.0127299504022245,"Lrp1/Adora1/Prex1/Fchsd2/Cdc42ep1/Cav1/Atp1a2/Frmd7/Sema5a/Sorbs3/Pik3r1/Wdr1/Cnn2",13
"GO:0097061","GO:0097061","dendritic spine organization","6/379","112/28928",0.0535714285714286,4.08895589898228,3.77380733270528,0.00363057546154451,0.0199130568149011,0.0127927083755012,"Nlgn3/Dock10/Dnm3/Apoe/Reln/Fyn",6
"GO:0032092","GO:0032092","positive regulation of protein binding","5/379","78/28928",0.0641025641025641,4.89276774237196,3.96651168370234,0.00363077330391939,0.0199130568149011,0.0127927083755012,"Lrp1/Spon1/Apoe/B2m/Bmp4",5
"GO:0010232","GO:0010232","vascular transport","3/379","24/28928",0.125,9.54089709762533,4.82287480601285,0.00368123665874807,0.0200817126966511,0.0129010576626597,"Lrp1/Mfsd2a/Apoe",3
"GO:0050872","GO:0050872","white fat cell differentiation","3/379","24/28928",0.125,9.54089709762533,4.82287480601285,0.00368123665874807,0.0200817126966511,0.0129010576626597,"Pdgfra/Scd1/Creb5",3
"GO:0050908","GO:0050908","detection of light stimulus involved in visual perception","3/379","24/28928",0.125,9.54089709762533,4.82287480601285,0.00368123665874807,0.0200817126966511,0.0129010576626597,"Sema5b/Sema5a/Gucy2f",3
"GO:0050962","GO:0050962","detection of light stimulus involved in sensory perception","3/379","24/28928",0.125,9.54089709762533,4.82287480601285,0.00368123665874807,0.0200817126966511,0.0129010576626597,"Sema5b/Sema5a/Gucy2f",3
"GO:0043583","GO:0043583","ear development","10/379","277/28928",0.036101083032491,2.75549374660659,3.38255706038323,0.00378215405449845,0.020604649427916,0.0132370069427774,"Pcdh15/Eya1/Prrx1/Minar2/Hey2/Sox2/Igfbp7/Sparc/Neurod1/Bmp4",10
"GO:0050795","GO:0050795","regulation of behavior","6/379","113/28928",0.0530973451327434,4.05277044854881,3.74627721783826,0.00379281664869823,0.0206351506588055,0.013256601792302,"Adora1/Stat3/Gria1/Apoe/Reln/Kcna2",6
"GO:0044242","GO:0044242","cellular lipid catabolic process","9/379","233/28928",0.0386266094420601,2.94826004733487,3.44031035844304,0.00380113673140576,0.0206528429073047,0.0132679677908858,"Lrp1/Cpt1a/Abhd2/Gm2a/Neu4/Dbi/Mfsd2a/Sirt2/Pla2g7",9
"GO:0032436","GO:0032436","positive regulation of proteasomal ubiquitin-dependent protein catabolic process","5/379","79/28928",0.0632911392405063,4.83083397348118,3.92841487242755,0.00383526983977908,0.0208105520600529,0.0133692845911144,"Sirt2/Trf/Dab2/Clu/Trib2",5
"GO:0030195","GO:0030195","negative regulation of blood coagulation","4/379","49/28928",0.0816326530612245,6.23078994130634,4.22230981735682,0.00386103313419799,0.0208659537942582,0.0134048762250746,"Serpine2/Pdgfra/Apoe/Anxa5",4
"GO:0072583","GO:0072583","clathrin-dependent endocytosis","4/379","49/28928",0.0816326530612245,6.23078994130634,4.22230981735682,0.00386103313419799,0.0208659537942582,0.0134048762250746,"Fchsd2/Dnm1/Dab2/Lmbrd1",4
"GO:1903670","GO:1903670","regulation of sprouting angiogenesis","4/379","49/28928",0.0816326530612245,6.23078994130634,4.22230981735682,0.00386103313419799,0.0208659537942582,0.0134048762250746,"S100a1/Rhoj/Epn2/Ppp1r16b",4
"GO:0009154","GO:0009154","purine ribonucleotide catabolic process","7/379","151/28928",0.0463576158940397,3.53834594349019,3.60323326456691,0.00386596199132882,0.0208659537942582,0.0134048762250746,"P2rx7/Ampd3/Stat3/Nt5e/Pde7b/Aldoc/Slc4a4",7
"GO:0051216","GO:0051216","cartilage development","9/379","234/28928",0.0384615384615385,2.93566064542318,3.42544859517355,0.00390883720726728,0.0210694598143044,0.0135356142223249,"Sulf2/Chst11/Prrx1/Sox6/Bmp7/Itgb8/Prkca/Prkg2/Bmp4",9
"GO:0051235","GO:0051235","maintenance of location","12/379","372/28928",0.032258064516129,2.46216699293557,3.27036037196261,0.00394857567124996,0.0212555427481421,0.0136551591384254,"Cpt1a/P2rx7/Gm2a/Itgav/Cav1/Npc1/Rit2/Abcg1/Dbi/Apoe/Itpr2/Soat1",12
"GO:0045216","GO:0045216","cell-cell junction organization","9/379","235/28928",0.0382978723404255,2.92316847246393,3.41066555507765,0.0040189121662212,0.0216056293896456,0.0138800646540649,"Ugt8a/Cav1/Cdh19/Prkca/Cdh11/Lims2/Wdr1/Nfasc/Pmp22",9
"GO:0072273","GO:0072273","metanephric nephron morphogenesis","3/379","25/28928",0.12,9.15926121372032,4.70246132472612,0.00414299131039724,0.0221580870104122,0.014234978984797,"Lhx1/Sox8/Bmp4",3
"GO:0090189","GO:0090189","regulation of branching involved in ureteric bud morphogenesis","3/379","25/28928",0.12,9.15926121372032,4.70246132472612,0.00414299131039724,0.0221580870104122,0.014234978984797,"Lhx1/Sox8/Bmp4",3
"GO:2000345","GO:2000345","regulation of hepatocyte proliferation","3/379","25/28928",0.12,9.15926121372032,4.70246132472612,0.00414299131039724,0.0221580870104122,0.014234978984797,"Sulf2/Ptn/Lims2",3
"GO:0048483","GO:0048483","autonomic nervous system development","4/379","50/28928",0.08,6.10617414248021,4.16363758887226,0.00415409102953758,0.0221580870104122,0.014234978984797,"Ascl1/Sox10/Ednrb/Sox8",4
"GO:1900047","GO:1900047","negative regulation of hemostasis","4/379","50/28928",0.08,6.10617414248021,4.16363758887226,0.00415409102953758,0.0221580870104122,0.014234978984797,"Serpine2/Pdgfra/Apoe/Anxa5",4
"GO:0006639","GO:0006639","acylglycerol metabolic process","7/379","153/28928",0.0457516339869281,3.49209305533999,3.56105069799254,0.00415430146649201,0.0221580870104122,0.014234978984797,"Cpt1a/Abhd2/Cav1/Dbi/Mfsd2a/Scd1/Apoe",7
"GO:0001822","GO:0001822","kidney development","12/379","375/28928",0.032,2.44246965699208,3.23945760008654,0.00420664066056566,0.0224079224729478,0.0143954803203671,"Sulf2/Pdgfra/Gatm/Spry1/Eya1/Ednrb/Bmp7/Vcan/Gfra1/Lhx1/Sox8/Bmp4",12
"GO:0051480","GO:0051480","regulation of cytosolic calcium ion concentration","5/379","81/28928",0.0617283950617284,4.71155412228411,3.85410757582509,0.00426877944694201,0.0227092379194369,0.0145890538471139,"Adora1/Cav1/Sv2b/Fzd9/Cav2",5
"GO:0001708","GO:0001708","cell fate specification","6/379","116/28928",0.0517241379310345,3.94795741970703,3.665551708641,0.00431183792751014,0.0229083957687143,0.0147169984570339,"Olig2/Ascl1/Eya1/Sox6/Sox2/Nkx2-2",6
"GO:0006638","GO:0006638","neutral lipid metabolic process","7/379","155/28928",0.0451612903225806,3.4470337901098,3.51956584974612,0.00445863461919218,0.0235516329381561,0.0151302321258494,"Cpt1a/Abhd2/Cav1/Dbi/Mfsd2a/Scd1/Apoe",7
"GO:0048265","GO:0048265","response to pain","4/379","51/28928",0.0784313725490196,5.9864452377257,4.1065390593884,0.00446180628914271,0.0235516329381561,0.0151302321258494,"Kcnip3/Ednrb/Gria1/Reln",4
"GO:0050819","GO:0050819","negative regulation of coagulation","4/379","51/28928",0.0784313725490196,5.9864452377257,4.1065390593884,0.00446180628914271,0.0235516329381561,0.0151302321258494,"Serpine2/Pdgfra/Apoe/Anxa5",4
"GO:1900077","GO:1900077","negative regulation of cellular response to insulin stimulus","4/379","51/28928",0.0784313725490196,5.9864452377257,4.1065390593884,0.00446180628914271,0.0235516329381561,0.0151302321258494,"Ptprj/Pid1/Prkca/Ptpre",4
"GO:2000378","GO:2000378","negative regulation of reactive oxygen species metabolic process","4/379","51/28928",0.0784313725490196,5.9864452377257,4.1065390593884,0.00446180628914271,0.0235516329381561,0.0151302321258494,"Cryab/Stat3/Sirt2/Fyn",4
"GO:0006641","GO:0006641","triglyceride metabolic process","6/379","117/28928",0.0512820512820513,3.91421419389757,3.63924325918008,0.00449595716564032,0.0236515160392319,0.015194399842317,"Cpt1a/Cav1/Dbi/Mfsd2a/Scd1/Apoe",6
"GO:0046032","GO:0046032","ADP catabolic process","6/379","117/28928",0.0512820512820513,3.91421419389757,3.63924325918008,0.00449595716564032,0.0236515160392319,0.015194399842317,"P2rx7/Ampd3/Stat3/Nt5e/Aldoc/Slc4a4",6
"GO:0045453","GO:0045453","bone resorption","5/379","82/28928",0.0609756097560976,4.65409614518309,3.8178595636495,0.00449814108721588,0.0236515160392319,0.015194399842317,"P2rx7/Itgav/Prkca/Trf/Tns3",5
"GO:0006631","GO:0006631","fatty acid metabolic process","14/379","478/28928",0.0292887029288703,2.23552400613815,3.13833899813411,0.00454961100711647,0.0238913206881438,0.0153484571007849,"Cpt1a/Abhd2/Qki/Cav1/Acss1/Dbi/Mfsd2a/Sirt2/Scd1/Cyp2j6/Scd2/Plp1/Degs1/Fa2h",14
"GO:0016485","GO:0016485","protein processing","10/379","285/28928",0.0350877192982456,2.67814655371939,3.28034042803803,0.00461233554755947,0.024170530112021,0.0155278290961824,"Serpine2/Spon1/P2rx7/F3/Aebp1/Adam9/Mmp16/Pcsk1n/Cntn2/Arxes1",10
"GO:0010829","GO:0010829","negative regulation of D-glucose transmembrane transport","3/379","26/28928",0.115384615384615,8.80698193626954,4.58861639611859,0.00463836921413506,0.024170530112021,0.0155278290961824,"Pid1/Prkca/Rhoq",3
"GO:0099623","GO:0099623","regulation of cardiac muscle cell membrane repolarization","3/379","26/28928",0.115384615384615,8.80698193626954,4.58861639611859,0.00463836921413506,0.024170530112021,0.0155278290961824,"Scn1b/Cacna2d1/Wdr1",3
"GO:0099625","GO:0099625","ventricular cardiac muscle cell membrane repolarization","3/379","26/28928",0.115384615384615,8.80698193626954,4.58861639611859,0.00463836921413506,0.024170530112021,0.0155278290961824,"Scn1b/Cacna2d1/Wdr1",3
"GO:1902307","GO:1902307","positive regulation of sodium ion transmembrane transport","3/379","26/28928",0.115384615384615,8.80698193626954,4.58861639611859,0.00463836921413506,0.024170530112021,0.0155278290961824,"Atp1b2/Scn1b/Atp1b1",3
"GO:1903975","GO:1903975","regulation of glial cell migration","3/379","26/28928",0.115384615384615,8.80698193626954,4.58861639611859,0.00463836921413506,0.024170530112021,0.0155278290961824,"Ptprz1/Lrp1/Atp1b2",3
"GO:0016525","GO:0016525","negative regulation of angiogenesis","6/379","118/28928",0.0508474576271186,3.88104288716963,3.6132245320744,0.00468580590849141,0.0243865377740772,0.0156665985002596,"Adgrb1/Epn2/Qki/Ptn/Sparc/Fyn",6
"GO:0051259","GO:0051259","protein complex oligomerization","10/379","286/28928",0.034965034965035,2.66878240493016,3.26781085363831,0.00472545766962831,0.0245544081158549,0.015774443134422,"Gria3/Me1/Dnm1/Ehd3/Aqp4/Kcna1/Kcna2/Kcnd2/Ugdh/B2m",10
"GO:0006909","GO:0006909","phagocytosis","9/379","241/28928",0.037344398340249,2.85039249389636,3.32357638957702,0.00473121883332276,0.0245544081158549,0.015774443134422,"Lrp1/Rap1gap/Rab31/Adgrb1/P2rx7/Itgav/Ptprj/Mfge8/Cnn2",9
"GO:0043112","GO:0043112","receptor metabolic process","5/379","83/28928",0.0602409638554217,4.59802269765076,3.78219159975727,0.00473613859608882,0.0245544081158549,0.015774443134422,"Gria3/Ehd3/Gria1/Dab2/Apoe",5
"GO:0090287","GO:0090287","regulation of cellular response to growth factor stimulus","11/379","333/28928",0.033033033033033,2.52131815192501,3.21716226401092,0.00476554395107508,0.0246754658203697,0.015852214012337,"Lrp1/Sulf2/Chst11/Spry4/Spry1/Epn2/Fgfrl1/Cav1/Tmem108/Cav2/Bmp4",11
"GO:0003197","GO:0003197","endocardial cushion development","4/379","52/28928",0.0769230769230769,5.87132129084636,4.05093973563032,0.00478450797560059,0.0247422208129092,0.0158950992991166,"Bmp7/Tmem100/Erbb3/Bmp4",4
"GO:0061448","GO:0061448","connective tissue development","11/379","334/28928",0.0329341317365269,2.51376929518272,3.20605760550053,0.00487180827521043,0.0251479961263438,0.0161557807855904,"Sulf2/Chst11/Prrx1/Sox6/Bmp7/Itgb8/Prkca/Prkg2/Creb5/Sox8/Bmp4",11
"GO:0010660","GO:0010660","regulation of muscle cell apoptotic process","6/379","119/28928",0.0504201680672269,3.84842908139509,3.58748961444153,0.00488148832783752,0.0251479961263438,0.0161557807855904,"Qki/Cav1/Hey2/Lifr/Igfbp3/Pik3r1",6
"GO:0061387","GO:0061387","regulation of extent of cell growth","6/379","119/28928",0.0504201680672269,3.84842908139509,3.58748961444153,0.00488148832783752,0.0251479961263438,0.0161557807855904,"Lrp1/Dscam/Tnr/Sema5a/Omg/Apoe",6
"GO:0006643","GO:0006643","membrane lipid metabolic process","8/379","199/28928",0.0402010050251256,3.06842921732674,3.37351619776127,0.00490772786562957,0.025251251328839,0.0162221148349558,"P2rx7/Gm2a/Plpp3/Itgb8/Ugt8a/Neu4/Degs1/Fa2h",8
"GO:0002067","GO:0002067","glandular epithelial cell differentiation","5/379","84/28928",0.0595238095238095,4.54328433220254,3.74708682095246,0.00498294452618445,0.0256059255286275,0.0164499675272061,"Ascl1/Cav1/Nkx2-2/Neurod1/Bmp4",5
"GO:0007204","GO:0007204","positive regulation of cytosolic calcium ion concentration","8/379","200/28928",0.04,3.05308707124011,3.35695502192696,0.00505552938536582,0.0259461993014682,0.0166685689797227,"Lrp1/P2rx7/Itgav/Ednrb/Cav1/Adcyap1r1/Cacna2d1/Bmp4",8
"GO:0032526","GO:0032526","response to retinoic acid","6/379","120/28928",0.05,3.81635883905013,3.56203276386296,0.00508310862068781,0.0260221955141995,0.0167173910865519,"Ascl1/Brinp3/Brinp1/Sox2/Mmp2/Tnc",6
"GO:2000181","GO:2000181","negative regulation of blood vessel morphogenesis","6/379","120/28928",0.05,3.81635883905013,3.56203276386296,0.00508310862068781,0.0260221955141995,0.0167173910865519,"Adgrb1/Epn2/Qki/Ptn/Sparc/Fyn",6
"GO:0051602","GO:0051602","response to electrical stimulus","4/379","53/28928",0.0754716981132075,5.76054164384925,3.99677002353306,0.00512251954358466,0.0261910503639994,0.0168258681963878,"P2rx7/Mmp2/Gria1/Nr4a1",4
"GO:0015812","GO:0015812","gamma-aminobutyric acid transport","3/379","27/28928",0.111111111111111,8.4807974201114,4.48073432098922,0.0051680469500078,0.0262918743087163,0.0168906403373013,"P2rx7/Slc6a1/Slc6a11",3
"GO:0035590","GO:0035590","purinergic nucleotide receptor signaling pathway","3/379","27/28928",0.111111111111111,8.4807974201114,4.48073432098922,0.0051680469500078,0.0262918743087163,0.0168906403373013,"Adora1/P2rx7/Cntn2",3
"GO:0043576","GO:0043576","regulation of respiratory gaseous exchange","3/379","27/28928",0.111111111111111,8.4807974201114,4.48073432098922,0.0051680469500078,0.0262918743087163,0.0168906403373013,"Adora1/Nlgn3/Atp1a2",3
"GO:0090205","GO:0090205","positive regulation of cholesterol metabolic process","3/379","27/28928",0.111111111111111,8.4807974201114,4.48073432098922,0.0051680469500078,0.0262918743087163,0.0168906403373013,"Qki/Abcg1/Apoe",3
"GO:0001659","GO:0001659","temperature homeostasis","8/379","201/28928",0.0398009950248756,3.03789758332349,3.3404970940371,0.00520671361014628,0.0264555585552944,0.0169957957060425,"Epas1/Adora1/Gatm/Ednrb/Qki/Stat3/Cav1/Scd1",8
"GO:0051145","GO:0051145","smooth muscle cell differentiation","5/379","85/28928",0.0588235294117647,4.48983392829427,3.71252905242422,0.00523873058468236,0.0265850898288675,0.0170790102433047,"Ednrb/Qki/Hey2/Olfm2/Bmp4",5
"GO:0009137","GO:0009137","purine nucleoside diphosphate catabolic process","6/379","121/28928",0.0495867768595041,3.7848186833555,3.53684840208023,0.00529077097391815,0.0266945144040515,0.017149307671392,"P2rx7/Ampd3/Stat3/Nt5e/Aldoc/Slc4a4",6
"GO:0009181","GO:0009181","purine ribonucleoside diphosphate catabolic process","6/379","121/28928",0.0495867768595041,3.7848186833555,3.53684840208023,0.00529077097391815,0.0266945144040515,0.017149307671392,"P2rx7/Ampd3/Stat3/Nt5e/Aldoc/Slc4a4",6
"GO:0032760","GO:0032760","positive regulation of tumor necrosis factor production","6/379","121/28928",0.0495867768595041,3.7848186833555,3.53684840208023,0.00529077097391815,0.0266945144040515,0.017149307671392,"Stat3/Ptprj/Pik3r1/Cyp2j6/Clu/Tlr3",6
"GO:1901343","GO:1901343","negative regulation of vasculature development","6/379","121/28928",0.0495867768595041,3.7848186833555,3.53684840208023,0.00529077097391815,0.0266945144040515,0.017149307671392,"Adgrb1/Epn2/Qki/Ptn/Sparc/Fyn",6
"GO:0009261","GO:0009261","ribonucleotide catabolic process","7/379","160/28928",0.04375,3.33931398416887,3.41876717744134,0.00529304727324506,0.0266945144040515,0.017149307671392,"P2rx7/Ampd3/Stat3/Nt5e/Pde7b/Aldoc/Slc4a4",7
"GO:1901292","GO:1901292","nucleoside phosphate catabolic process","8/379","202/28928",0.0396039603960396,3.02285848637634,3.32414118337161,0.00536132998912176,0.0270054631714106,0.0173490699147041,"P2rx7/Ampd3/Stat3/Nt5e/Pde7b/Aldoc/Cnp/Slc4a4",8
"GO:0021879","GO:0021879","forebrain neuron differentiation","4/379","54/28928",0.0740740740740741,5.65386494674094,3.94396482008124,0.0054761586593872,0.0274144306351386,0.0176118021284055,"Ascl1/Sox2/Nhlh2/B2m",4
"GO:0031018","GO:0031018","endocrine pancreas development","4/379","54/28928",0.0740740740740741,5.65386494674094,3.94396482008124,0.0054761586593872,0.0274144306351386,0.0176118021284055,"Nkx2-2/Clu/Neurod1/Bmp4",4
"GO:0045124","GO:0045124","regulation of bone resorption","4/379","54/28928",0.0740740740740741,5.65386494674094,3.94396482008124,0.0054761586593872,0.0274144306351386,0.0176118021284055,"P2rx7/Itgav/Prkca/Trf",4
"GO:0045773","GO:0045773","positive regulation of axon extension","4/379","54/28928",0.0740740740740741,5.65386494674094,3.94396482008124,0.0054761586593872,0.0274144306351386,0.0176118021284055,"Lrp1/Dscam/Sema5a/Apoe",4
"GO:0061462","GO:0061462","protein localization to lysosome","4/379","54/28928",0.0740740740740741,5.65386494674094,3.94396482008124,0.0054761586593872,0.0274144306351386,0.0176118021284055,"Cacng4/Cd81/Clu/Lmbrd1",4
"GO:1903510","GO:1903510","mucopolysaccharide metabolic process","5/379","86/28928",0.0581395348837209,4.43762655703504,3.67850277185532,0.0055036675509861,0.0274891686040638,0.0176598159039863,"Xylt1/Chst11/Ednrb/Arsb/Ugdh",5
"GO:0046031","GO:0046031","ADP metabolic process","6/379","122/28928",0.0491803278688525,3.75379557939357,3.51193110897437,0.00550457952905917,0.0274891686040638,0.0176598159039863,"P2rx7/Ampd3/Stat3/Nt5e/Aldoc/Slc4a4",6
"GO:0009743","GO:0009743","response to carbohydrate","10/379","293/28928",0.0341296928327645,2.60502309832774,3.18157639448939,0.00557968657806635,0.0278301380729748,0.0178788642912466,"Lrp1/Ptprn/Vsnl1/Abcg1/Gria1/Nkx2-2/Prkca/Calcrl/Aqp4/Neurod1",10
"GO:0019216","GO:0019216","regulation of lipid metabolic process","12/379","390/28928",0.0307692307692308,2.34852851633854,3.08927467191304,0.00570732386733935,0.0282473705387687,0.0181469061749868,"Cpt1a/Adora1/Qki/Cav1/Abcg1/Dbi/Mfsd2a/Sirt2/Igfbp7/Dab2/Apoe/Eef1a2",12
"GO:0072001","GO:0072001","renal system development","12/379","390/28928",0.0307692307692308,2.34852851633854,3.08927467191304,0.00570732386733935,0.0282473705387687,0.0181469061749868,"Sulf2/Pdgfra/Gatm/Spry1/Eya1/Ednrb/Bmp7/Vcan/Gfra1/Lhx1/Sox8/Bmp4",12
"GO:0050764","GO:0050764","regulation of phagocytosis","6/379","123/28928",0.0487804878048781,3.72327691614647,3.4872756168138,0.00572463834725871,0.0282473705387687,0.0181469061749868,"Lrp1/Rap1gap/Rab31/Itgav/Ptprj/Cnn2",6
"GO:1903557","GO:1903557","positive regulation of tumor necrosis factor superfamily cytokine production","6/379","123/28928",0.0487804878048781,3.72327691614647,3.4872756168138,0.00572463834725871,0.0282473705387687,0.0181469061749868,"Stat3/Ptprj/Pik3r1/Cyp2j6/Clu/Tlr3",6
"GO:1905477","GO:1905477","positive regulation of protein localization to membrane","6/379","123/28928",0.0487804878048781,3.72327691614647,3.4872756168138,0.00572463834725871,0.0282473705387687,0.0181469061749868,"Lrp1/Zdhhc2/Cd81/Dpp6/Ptn/Fyn",6
"GO:0001573","GO:0001573","ganglioside metabolic process","3/379","28/28928",0.107142857142857,8.17791179796457,4.37828536385321,0.0057326565486041,0.0282473705387687,0.0181469061749868,"Gm2a/Itgb8/Neu4",3
"GO:0045540","GO:0045540","regulation of cholesterol biosynthetic process","3/379","28/28928",0.107142857142857,8.17791179796457,4.37828536385321,0.0057326565486041,0.0282473705387687,0.0181469061749868,"Qki/Abcg1/Apoe",3
"GO:0106118","GO:0106118","regulation of sterol biosynthetic process","3/379","28/28928",0.107142857142857,8.17791179796457,4.37828536385321,0.0057326565486041,0.0282473705387687,0.0181469061749868,"Qki/Abcg1/Apoe",3
"GO:1904862","GO:1904862","inhibitory synapse assembly","3/379","28/28928",0.107142857142857,8.17791179796457,4.37828536385321,0.0057326565486041,0.0282473705387687,0.0181469061749868,"Gabra3/Gabrg3/Gabrg1",3
"GO:1905207","GO:1905207","regulation of cardiocyte differentiation","3/379","28/28928",0.107142857142857,8.17791179796457,4.37828536385321,0.0057326565486041,0.0282473705387687,0.0181469061749868,"Sox6/Hey2/Bmp4",3
"GO:0042698","GO:0042698","ovulation cycle","5/379","87/28928",0.0574712643678161,4.38661935523004,3.64499307579696,0.00577792519603594,0.0284360448959498,0.0182681158944081,"Ptprn/Pdgfra/Ptn/Mmp2/Nhlh2",5
"GO:0001881","GO:0001881","receptor recycling","4/379","55/28928",0.0727272727272727,5.55106740225474,3.89246314602439,0.00584573703216024,0.028671717458709,0.0184195185843873,"Gria3/Ehd3/Gria1/Dab2",4
"GO:0006195","GO:0006195","purine nucleotide catabolic process","7/379","163/28928",0.0429447852760736,3.27785421758907,3.36018656720391,0.00584691956029134,0.028671717458709,0.0184195185843873,"P2rx7/Ampd3/Stat3/Nt5e/Pde7b/Aldoc/Slc4a4",7
"GO:0014074","GO:0014074","response to purine-containing compound","7/379","163/28928",0.0429447852760736,3.27785421758907,3.36018656720391,0.00584691956029134,0.028671717458709,0.0184195185843873,"Adora1/P2rx7/Slc6a1/Cdo1/Nt5e/Pik3r1/Itpr2",7
"GO:0106027","GO:0106027","neuron projection organization","6/379","124/28928",0.0483870967741935,3.69325048940335,3.4628768047566,0.00595105137443535,0.0291472768639712,0.0187250313363116,"Nlgn3/Dock10/Dnm3/Apoe/Reln/Fyn",6
"GO:0045661","GO:0045661","regulation of myoblast differentiation","5/379","88/28928",0.0568181818181818,4.33677140801151,3.61198564814225,0.00606167220328847,0.0296178827678663,0.0190273618194856,"Cmtm5/Igfbp3/Pik3r1/Sox8/Bmp4",5
"GO:0060998","GO:0060998","regulation of dendritic spine development","5/379","88/28928",0.0568181818181818,4.33677140801151,3.61198564814225,0.00606167220328847,0.0296178827678663,0.0190273618194856,"Nlgn3/Grin3a/Dnm3/Apoe/Reln",5
"GO:0009191","GO:0009191","ribonucleoside diphosphate catabolic process","6/379","125/28928",0.048,3.66370448548813,3.43872969359389,0.0061839224066396,0.0301429232141823,0.0193646625853849,"P2rx7/Ampd3/Stat3/Nt5e/Aldoc/Slc4a4",6
"GO:0016079","GO:0016079","synaptic vesicle exocytosis","6/379","125/28928",0.048,3.66370448548813,3.43872969359389,0.0061839224066396,0.0301429232141823,0.0193646625853849,"Cspg5/P2rx7/Sv2b/Trim9/Syde1/Prkca",6
"GO:0009416","GO:0009416","response to light stimulus","11/379","346/28928",0.0317919075144509,2.42658654506078,3.07585400621516,0.00629940737961508,0.0306691577920328,0.0197027304950044,"Neto1/Nlgn3/Sema5b/Slc1a3/Atp1a2/Mmp2/Sema5a/Pik3r1/Atxn1/Bhlhe40/Gucy2f",11
"GO:0007263","GO:0007263","nitric oxide mediated signal transduction","3/379","29/28928",0.103448275862069,7.89591483941407,4.280803898627,0.00633278680855899,0.0306850252614481,0.0197129242041257,"Gucy1a1/Mt2/Apoe",3
"GO:0007274","GO:0007274","neuromuscular synaptic transmission","3/379","29/28928",0.103448275862069,7.89591483941407,4.280803898627,0.00633278680855899,0.0306850252614481,0.0197129242041257,"Fchsd2/Chrna3/Etv5",3
"GO:0015740","GO:0015740","C4-dicarboxylate transport","3/379","29/28928",0.103448275862069,7.89591483941407,4.280803898627,0.00633278680855899,0.0306850252614481,0.0197129242041257,"Slc1a1/Slc1a3/Slc25a18",3
"GO:0045932","GO:0045932","negative regulation of muscle contraction","3/379","29/28928",0.103448275862069,7.89591483941407,4.280803898627,0.00633278680855899,0.0306850252614481,0.0197129242041257,"Gucy1a1/Atp1a2/Calcrl",3
"GO:0035019","GO:0035019","somatic stem cell population maintenance","5/379","89/28928",0.0561797752808989,4.28804363938217,3.57946673054522,0.00635507609138356,0.0307564549553302,0.01975881265067,"Zfp36l2/Stat3/Bmp7/Sox2/Lbh",5
"GO:0002062","GO:0002062","chondrocyte differentiation","6/379","126/28928",0.0476190476190476,3.63462746576203,3.41482944072206,0.00642335505563907,0.0310132367911484,0.0199237765320209,"Sulf2/Chst11/Sox6/Prkca/Prkg2/Bmp4",6
"GO:0060840","GO:0060840","artery development","6/379","126/28928",0.0476190476190476,3.63462746576203,3.41482944072206,0.00642335505563907,0.0310132367911484,0.0199237765320209,"Lrp1/Eya1/Prrx1/Hey2/Apoe/Bmp4",6
"GO:0062197","GO:0062197","cellular response to chemical stress","11/379","347/28928",0.031700288184438,2.41959350026233,3.06524986608361,0.00643178217213933,0.0310171743804352,0.0199263061502467,"Gpr37l1/Pdgfra/Slc1a1/Cav1/Mmp2/Etv5/Sirt2/Prkg2/Cst3/Fyn/Bmp4",11
"GO:0071322","GO:0071322","cellular response to carbohydrate stimulus","8/379","209/28928",0.0382775119617225,2.92161442223933,3.21240718271866,0.00654392889279878,0.0315206976810343,0.0202497836958947,"Lrp1/Ptprn/Vsnl1/Abcg1/Prkca/Calcrl/Aqp4/Neurod1",8
"GO:0003254","GO:0003254","regulation of membrane depolarization","4/379","57/28928",0.0701754385964912,5.35629310743878,3.79314513292306,0.00663392766586044,0.0319164760783722,0.0205040428819921,"P2rx7/Scn1b/Fzd9/B2m",4
"GO:0030500","GO:0030500","regulation of bone mineralization","5/379","90/28928",0.0555555555555556,4.2403987100557,3.5474230946448,0.00665830313851613,0.0319959732186949,0.0205551140832791,"P2rx7/Bmp7/Ptn/Fzd9/Bmp4",5
"GO:0051098","GO:0051098","regulation of binding","11/379","349/28928",0.0315186246418338,2.40572763493132,3.04415130340995,0.00670307483565926,0.0321731801593775,0.0206689568114619,"Lrp1/Spon1/Hey2/Frmd7/Sirt2/Dab2/Apoe/Tns3/Neurod1/B2m/Bmp4",11
"GO:0006887","GO:0006887","exocytosis","12/379","399/28928",0.0300751879699248,2.29555418890234,3.00244187589009,0.0067941782886526,0.0325720900308933,0.0209252277447418,"Cspg5/Rab31/Vsnl1/P2rx7/Scamp5/Sv2b/Trim9/Ncam1/Syde1/Prkca/Rab8b/Lgi3",12
"GO:0009134","GO:0009134","nucleoside diphosphate catabolic process","6/379","128/28928",0.046875,3.5778364116095,3.36775079380393,0.00692231852488178,0.0329413956640094,0.0211624800817285,"P2rx7/Ampd3/Stat3/Nt5e/Aldoc/Slc4a4",6
"GO:0045445","GO:0045445","myoblast differentiation","6/379","128/28928",0.046875,3.5778364116095,3.36775079380393,0.00692231852488178,0.0329413956640094,0.0211624800817285,"Epas1/Cmtm5/Igfbp3/Pik3r1/Sox8/Bmp4",6
"GO:0001919","GO:0001919","regulation of receptor recycling","3/379","30/28928",0.1,7.63271767810026,4.18787874198544,0.0069689845838711,0.0329413956640094,0.0211624800817285,"Gria3/Gria1/Dab2",3
"GO:0010742","GO:0010742","macrophage derived foam cell differentiation","3/379","30/28928",0.1,7.63271767810026,4.18787874198544,0.0069689845838711,0.0329413956640094,0.0211624800817285,"Itgav/Abcg1/Soat1",3
"GO:0021542","GO:0021542","dentate gyrus development","3/379","30/28928",0.1,7.63271767810026,4.18787874198544,0.0069689845838711,0.0329413956640094,0.0211624800817285,"Tmem108/Reln/Neurod1",3
"GO:0072012","GO:0072012","glomerulus vasculature development","3/379","30/28928",0.1,7.63271767810026,4.18787874198544,0.0069689845838711,0.0329413956640094,0.0211624800817285,"Pdgfra/Bmp7/Bmp4",3
"GO:0090382","GO:0090382","phagosome maturation","3/379","30/28928",0.1,7.63271767810026,4.18787874198544,0.0069689845838711,0.0329413956640094,0.0211624800817285,"Rab31/Slc9a9/P2rx7",3
"GO:0051346","GO:0051346","negative regulation of hydrolase activity","10/379","303/28928",0.033003300330033,2.51904873864695,3.06264124884685,0.00700412181302722,0.0329413956640094,0.0211624800817285,"Serpine2/Serpina3n/Spry1/Cryab/Timp2/Timp4/Pcsk1n/Nr4a1/Plxnb3/Cst3",10
"GO:0010463","GO:0010463","mesenchymal cell proliferation","4/379","58/28928",0.0689655172413793,5.26394322627604,3.74522463008795,0.0070531321968516,0.0329413956640094,0.0211624800817285,"Prrx1/Bmp7/Ptn/Bmp4",4
"GO:0050921","GO:0050921","positive regulation of chemotaxis","7/379","169/28928",0.0414201183431953,3.16148069507112,3.24701036849805,0.00708320511510265,0.0329413956640094,0.0211624800817285,"Dscam/Pdgfra/Ptprj/Ptn/Sema5a/Prkca/Pla2g7",7
"GO:2001234","GO:2001234","negative regulation of apoptotic signaling pathway","9/379","257/28928",0.0350194552529183,2.67293615186391,3.10384739255833,0.00711465752289935,0.0329413956640094,0.0211624800817285,"Itgav/Eya1/Faim2/Dab2/Fzd9/Clu/Grina/Fyn/Bmp4",9
"GO:0009135","GO:0009135","purine nucleoside diphosphate metabolic process","6/379","129/28928",0.0465116279069767,3.55010124562803,3.3445633552993,0.0071820553409545,0.0329413956640094,0.0211624800817285,"P2rx7/Ampd3/Stat3/Nt5e/Aldoc/Slc4a4",6
"GO:0009179","GO:0009179","purine ribonucleoside diphosphate metabolic process","6/379","129/28928",0.0465116279069767,3.55010124562803,3.3445633552993,0.0071820553409545,0.0329413956640094,0.0211624800817285,"P2rx7/Ampd3/Stat3/Nt5e/Aldoc/Slc4a4",6
"GO:0003253","GO:0003253","cardiac neural crest cell migration involved in outflow tract morphogenesis","2/379","10/28928",0.2,15.2654353562005,5.19848452980471,0.00718647871050414,0.0329413956640094,0.0211624800817285,"Bmp7/Bmp4",2
"GO:0006196","GO:0006196","AMP catabolic process","2/379","10/28928",0.2,15.2654353562005,5.19848452980471,0.00718647871050414,0.0329413956640094,0.0211624800817285,"Ampd3/Nt5e",2
"GO:0007158","GO:0007158","neuron cell-cell adhesion","2/379","10/28928",0.2,15.2654353562005,5.19848452980471,0.00718647871050414,0.0329413956640094,0.0211624800817285,"Tnr/Nlgn3",2
"GO:0010728","GO:0010728","regulation of hydrogen peroxide biosynthetic process","2/379","10/28928",0.2,15.2654353562005,5.19848452980471,0.00718647871050414,0.0329413956640094,0.0211624800817285,"Stat3/Fyn",2
"GO:0010745","GO:0010745","negative regulation of macrophage derived foam cell differentiation","2/379","10/28928",0.2,15.2654353562005,5.19848452980471,0.00718647871050414,0.0329413956640094,0.0211624800817285,"Itgav/Abcg1",2
"GO:0021936","GO:0021936","regulation of cerebellar granule cell precursor proliferation","2/379","10/28928",0.2,15.2654353562005,5.19848452980471,0.00718647871050414,0.0329413956640094,0.0211624800817285,"Gpr37l1/Lhx1",2
"GO:0031666","GO:0031666","positive regulation of lipopolysaccharide-mediated signaling pathway","2/379","10/28928",0.2,15.2654353562005,5.19848452980471,0.00718647871050414,0.0329413956640094,0.0211624800817285,"Sash1/Prkca",2
"GO:0032229","GO:0032229","negative regulation of synaptic transmission, GABAergic","2/379","10/28928",0.2,15.2654353562005,5.19848452980471,0.00718647871050414,0.0329413956640094,0.0211624800817285,"Adora1/Slc6a1",2
"GO:0034372","GO:0034372","very-low-density lipoprotein particle remodeling","2/379","10/28928",0.2,15.2654353562005,5.19848452980471,0.00718647871050414,0.0329413956640094,0.0211624800817285,"Lcat/Apoe",2
"GO:0034379","GO:0034379","very-low-density lipoprotein particle assembly","2/379","10/28928",0.2,15.2654353562005,5.19848452980471,0.00718647871050414,0.0329413956640094,0.0211624800817285,"Mfsd2a/Soat1",2
"GO:0035095","GO:0035095","behavioral response to nicotine","2/379","10/28928",0.2,15.2654353562005,5.19848452980471,0.00718647871050414,0.0329413956640094,0.0211624800817285,"Chrna4/Chrna3",2
"GO:0043490","GO:0043490","malate-aspartate shuttle","2/379","10/28928",0.2,15.2654353562005,5.19848452980471,0.00718647871050414,0.0329413956640094,0.0211624800817285,"Slc1a3/Slc25a18",2
"GO:0048703","GO:0048703","embryonic viscerocranium morphogenesis","2/379","10/28928",0.2,15.2654353562005,5.19848452980471,0.00718647871050414,0.0329413956640094,0.0211624800817285,"Chst11/Lhx1",2
"GO:0048752","GO:0048752","semicircular canal morphogenesis","2/379","10/28928",0.2,15.2654353562005,5.19848452980471,0.00718647871050414,0.0329413956640094,0.0211624800817285,"Eya1/Sparc",2
"GO:0050957","GO:0050957","equilibrioception","2/379","10/28928",0.2,15.2654353562005,5.19848452980471,0.00718647871050414,0.0329413956640094,0.0211624800817285,"Pcdh15/Sox2",2
"GO:0060312","GO:0060312","regulation of blood vessel remodeling","2/379","10/28928",0.2,15.2654353562005,5.19848452980471,0.00718647871050414,0.0329413956640094,0.0211624800817285,"Lrp1/Cst3",2
"GO:0060513","GO:0060513","prostatic bud formation","2/379","10/28928",0.2,15.2654353562005,5.19848452980471,0.00718647871050414,0.0329413956640094,0.0211624800817285,"Bmp7/Bmp4",2
"GO:0071281","GO:0071281","cellular response to iron ion","2/379","10/28928",0.2,15.2654353562005,5.19848452980471,0.00718647871050414,0.0329413956640094,0.0211624800817285,"Trf/B2m",2
"GO:0071314","GO:0071314","cellular response to cocaine","2/379","10/28928",0.2,15.2654353562005,5.19848452980471,0.00718647871050414,0.0329413956640094,0.0211624800817285,"Slc1a1/Slc1a3",2
"GO:0075509","GO:0075509","endocytosis involved in viral entry into host cell","2/379","10/28928",0.2,15.2654353562005,5.19848452980471,0.00718647871050414,0.0329413956640094,0.0211624800817285,"Cav1/Cav2",2
"GO:0097151","GO:0097151","positive regulation of inhibitory postsynaptic potential","2/379","10/28928",0.2,15.2654353562005,5.19848452980471,0.00718647871050414,0.0329413956640094,0.0211624800817285,"Nlgn3/Igsf9b",2
"GO:0097168","GO:0097168","mesenchymal stem cell proliferation","2/379","10/28928",0.2,15.2654353562005,5.19848452980471,0.00718647871050414,0.0329413956640094,0.0211624800817285,"Scrg1/Bmp4",2
"GO:0140928","GO:0140928","inhibition of non-skeletal tissue mineralization","2/379","10/28928",0.2,15.2654353562005,5.19848452980471,0.00718647871050414,0.0329413956640094,0.0211624800817285,"Adora1/Nt5e",2
"GO:1903278","GO:1903278","positive regulation of sodium ion export across plasma membrane","2/379","10/28928",0.2,15.2654353562005,5.19848452980471,0.00718647871050414,0.0329413956640094,0.0211624800817285,"Atp1b2/Atp1b1",2
"GO:1904350","GO:1904350","regulation of protein catabolic process in the vacuole","2/379","10/28928",0.2,15.2654353562005,5.19848452980471,0.00718647871050414,0.0329413956640094,0.0211624800817285,"Lrp1/Cd81",2
"GO:2000807","GO:2000807","regulation of synaptic vesicle clustering","2/379","10/28928",0.2,15.2654353562005,5.19848452980471,0.00718647871050414,0.0329413956640094,0.0211624800817285,"Nlgn3/Pcdh17",2
"GO:0042246","GO:0042246","tissue regeneration","5/379","92/28928",0.0543478260869565,4.14821612940232,3.48471124937232,0.00729488517873709,0.0334007383183749,0.0214575747362734,"Cpq/Cd81/Ptn/Sox2/Fzd9",5
"GO:0030178","GO:0030178","negative regulation of Wnt signaling pathway","7/379","170/28928",0.0411764705882353,3.14288374980599,3.2286397171313,0.00730673159764864,0.0334174312687073,0.0214682987575783,"Lrp1/Sox10/Cav1/Sox2/Dab2/Apoe/Shisa6",7
"GO:0062014","GO:0062014","negative regulation of small molecule metabolic process","6/379","130/28928",0.0461538461538462,3.52279277450781,3.32160467753666,0.00744876569846161,0.0340288343287344,0.0218610812981756,"Stat3/Dbi/Mfsd2a/Pid1/Apoe/Pgp",6
"GO:0060562","GO:0060562","epithelial tube morphogenesis","12/379","404/28928",0.0297029702970297,2.26714386478226,2.95520250560049,0.00746495240688844,0.0340645924502468,0.0218840533222509,"Pdgfra/Spry1/Eya1/Bmp7/Sox2/Zic2/Sema5a/Etv5/Lhx1/Sox8/Tnc/Bmp4",12
"GO:0051955","GO:0051955","regulation of amino acid transport","4/379","59/28928",0.0677966101694915,5.1747238495595,3.6983988127832,0.00748946026336568,0.0341381997463257,0.0219313407217596,"Slc38a3/Adora1/P2rx7/Slc6a1",4
"GO:0002026","GO:0002026","regulation of the force of heart contraction","3/379","31/28928",0.0967741935483871,7.38650097880671,4.09914521246231,0.00764175604163827,0.0346001731885288,0.0222281254684846,"Cav1/Atp1a2/Prkca",3
"GO:0003338","GO:0003338","metanephros morphogenesis","3/379","31/28928",0.0967741935483871,7.38650097880671,4.09914521246231,0.00764175604163827,0.0346001731885288,0.0222281254684846,"Lhx1/Sox8/Bmp4",3
"GO:0060795","GO:0060795","cell fate commitment involved in formation of primary germ layer","3/379","31/28928",0.0967741935483871,7.38650097880671,4.09914521246231,0.00764175604163827,0.0346001731885288,0.0222281254684846,"Eya1/Sox2/Bmp4",3
"GO:0070841","GO:0070841","inclusion body assembly","3/379","31/28928",0.0967741935483871,7.38650097880671,4.09914521246231,0.00764175604163827,0.0346001731885288,0.0222281254684846,"Apoe/Clu/Pmp22",3
"GO:1903077","GO:1903077","negative regulation of protein localization to plasma membrane","3/379","31/28928",0.0967741935483871,7.38650097880671,4.09914521246231,0.00764175604163827,0.0346001731885288,0.0222281254684846,"Pid1/Dab2/Rhoq",3
"GO:1904893","GO:1904893","negative regulation of receptor signaling pathway via STAT","3/379","31/28928",0.0967741935483871,7.38650097880671,4.09914521246231,0.00764175604163827,0.0346001731885288,0.0222281254684846,"Cav1/Ptprt/Neurod1",3
"GO:0010657","GO:0010657","muscle cell apoptotic process","6/379","131/28928",0.0458015267175573,3.49590122661081,3.29887053274573,0.00772255178043347,0.0348884684093862,0.0224133344356845,"Qki/Cav1/Hey2/Lifr/Igfbp3/Pik3r1",6
"GO:1903052","GO:1903052","positive regulation of proteolysis involved in protein catabolic process","6/379","131/28928",0.0458015267175573,3.49590122661081,3.29887053274573,0.00772255178043347,0.0348884684093862,0.0224133344356845,"Cav1/Sirt2/Trf/Dab2/Clu/Trib2",6
"GO:0034599","GO:0034599","cellular response to oxidative stress","9/379","261/28928",0.0344827586206897,2.63197161313802,3.05152957339383,0.00783350359122828,0.0353505283878796,0.0227101747757589,"Gpr37l1/Pdgfra/Slc1a1/Mmp2/Etv5/Sirt2/Cst3/Fyn/Bmp4",9
"GO:0042886","GO:0042886","amide transport","12/379","407/28928",0.0294840294840295,2.25043273064381,2.92719069401265,0.00789173178672647,0.0355739015828654,0.0228536760055761,"Lrp1/Slc38a3/Cpt1a/Ptprn/Adora1/Vsnl1/Abcg1/Rab8b/Gltp/Neurod1/Slc14a1/Anxa5",12
"GO:0030850","GO:0030850","prostate gland development","4/379","60/28928",0.0666666666666667,5.08847845206684,3.65262294174152,0.00794319164088623,0.0357020197532213,0.0229359827255438,"Bmp7/Mmp2/Tnc/Bmp4",4
"GO:0071709","GO:0071709","membrane assembly","4/379","60/28928",0.0666666666666667,5.08847845206684,3.65262294174152,0.00794319164088623,0.0357020197532213,0.0229359827255438,"Nlgn3/Cav1/Cav2/Tlcd1",4
"GO:0006664","GO:0006664","glycolipid metabolic process","5/379","94/28928",0.0531914893617021,4.05995621175546,3.42375393141857,0.00797272097556599,0.0357020197532213,0.0229359827255438,"Gm2a/Itgb8/Ugt8a/Neu4/Fa2h",5
"GO:0071901","GO:0071901","negative regulation of protein serine/threonine kinase activity","5/379","94/28928",0.0531914893617021,4.05995621175546,3.42375393141857,0.00797272097556599,0.0357020197532213,0.0229359827255438,"Spry4/Spry1/Ptprj/Cav1/Apoe",5
"GO:0072028","GO:0072028","nephron morphogenesis","5/379","94/28928",0.0531914893617021,4.05995621175546,3.42375393141857,0.00797272097556599,0.0357020197532213,0.0229359827255438,"Eya1/Bmp7/Lhx1/Sox8/Bmp4",5
"GO:0097581","GO:0097581","lamellipodium organization","5/379","94/28928",0.0531914893617021,4.05995621175546,3.42375393141857,0.00797272097556599,0.0357020197532213,0.0229359827255438,"Mtss2/Frmd7/Pik3r1/Plxnb3/Pmp22",5
"GO:0051588","GO:0051588","regulation of neurotransmitter transport","6/379","132/28928",0.0454545454545455,3.46941712640921,3.27635680378889,0.00800351538466963,0.0357613214830359,0.0229740798264928,"Cspg5/P2rx7/Ntrk2/Sv2b/Chrna3/Prkca",6
"GO:0061041","GO:0061041","regulation of wound healing","6/379","132/28928",0.0454545454545455,3.46941712640921,3.27635680378889,0.00800351538466963,0.0357613214830359,0.0229740798264928,"Serpine2/Pdgfra/Cav1/Ajap1/Apoe/Anxa5",6
"GO:0072593","GO:0072593","reactive oxygen species metabolic process","9/379","263/28928",0.0342205323193916,2.61195661988222,3.02573649673187,0.00821305705046897,0.0366574014026955,0.0235497467971595,"Adgrb1/Slc1a1/P2rx7/Prex1/Cryab/Stat3/Pid1/Sirt2/Fyn",9
"GO:1903509","GO:1903509","liposaccharide metabolic process","5/379","95/28928",0.0526315789473684,4.01721983057909,3.39390508531639,0.00832750949912252,0.0367920423297654,0.0236362439196969,"Gm2a/Itgb8/Ugt8a/Neu4/Fa2h",5
"GO:0007179","GO:0007179","transforming growth factor beta receptor signaling pathway","8/379","218/28928",0.036697247706422,2.80099731306432,3.07539262047246,0.00834281037919357,0.0367920423297654,0.0236362439196969,"Lrp1/Chst11/Spry1/Adam9/Stat3/Itgb8/Dab2/Cav2",8
"GO:0003156","GO:0003156","regulation of animal organ formation","3/379","32/28928",0.09375,7.155672823219,4.0142785624085,0.00835156789080564,0.0367920423297654,0.0236362439196969,"Spry1/Bmp7/Bmp4",3
"GO:0010996","GO:0010996","response to auditory stimulus","3/379","32/28928",0.09375,7.155672823219,4.0142785624085,0.00835156789080564,0.0367920423297654,0.0236362439196969,"Slc1a3/Atp1a2/Ptn",3
"GO:0021952","GO:0021952","central nervous system projection neuron axonogenesis","3/379","32/28928",0.09375,7.155672823219,4.0142785624085,0.00835156789080564,0.0367920423297654,0.0236362439196969,"Scn1b/Cdh11/Prdm8",3
"GO:0022038","GO:0022038","corpus callosum development","3/379","32/28928",0.09375,7.155672823219,4.0142785624085,0.00835156789080564,0.0367920423297654,0.0236362439196969,"Kcna1/Kcna2/Prdm8",3
"GO:0050995","GO:0050995","negative regulation of lipid catabolic process","3/379","32/28928",0.09375,7.155672823219,4.0142785624085,0.00835156789080564,0.0367920423297654,0.0236362439196969,"Adora1/Dbi/Mfsd2a",3
"GO:0061437","GO:0061437","renal system vasculature development","3/379","32/28928",0.09375,7.155672823219,4.0142785624085,0.00835156789080564,0.0367920423297654,0.0236362439196969,"Pdgfra/Bmp7/Bmp4",3
"GO:0061440","GO:0061440","kidney vasculature development","3/379","32/28928",0.09375,7.155672823219,4.0142785624085,0.00835156789080564,0.0367920423297654,0.0236362439196969,"Pdgfra/Bmp7/Bmp4",3
"GO:0090077","GO:0090077","foam cell differentiation","3/379","32/28928",0.09375,7.155672823219,4.0142785624085,0.00835156789080564,0.0367920423297654,0.0236362439196969,"Itgav/Abcg1/Soat1",3
"GO:1900273","GO:1900273","positive regulation of long-term synaptic potentiation","3/379","32/28928",0.09375,7.155672823219,4.0142785624085,0.00835156789080564,0.0367920423297654,0.0236362439196969,"Shisa7/Zdhhc2/Reln",3
"GO:2000737","GO:2000737","negative regulation of stem cell differentiation","3/379","32/28928",0.09375,7.155672823219,4.0142785624085,0.00835156789080564,0.0367920423297654,0.0236362439196969,"Zfp36l2/Stat3/Lbh",3
"GO:0032757","GO:0032757","positive regulation of interleukin-8 production","4/379","61/28928",0.0655737704918033,5.00506077252476,3.60785482898242,0.00841459936022192,0.0370296894091839,0.0237889150947731,"F3/Stat3/Afap1l2/Tlr3",4
"GO:0046434","GO:0046434","organophosphate catabolic process","9/379","265/28928",0.0339622641509434,2.59224373973217,3.00018142333308,0.00860644343908716,0.0377492969494021,0.0242512112400809,"P2rx7/Ampd3/Stat3/Nt5e/Pde7b/Aldoc/Pla2g7/Cnp/Slc4a4",9
"GO:0010248","GO:0010248","establishment or maintenance of transmembrane electrochemical gradient","2/379","11/28928",0.181818181818182,13.8776685056368,4.92190037627182,0.00870781328403386,0.0377492969494021,0.0242512112400809,"Atp1a2/Atp1b1",2
"GO:0016185","GO:0016185","synaptic vesicle budding from presynaptic endocytic zone membrane","2/379","11/28928",0.181818181818182,13.8776685056368,4.92190037627182,0.00870781328403386,0.0377492969494021,0.0242512112400809,"Dnm1/Dnm3",2
"GO:0034370","GO:0034370","triglyceride-rich lipoprotein particle remodeling","2/379","11/28928",0.181818181818182,13.8776685056368,4.92190037627182,0.00870781328403386,0.0377492969494021,0.0242512112400809,"Lcat/Apoe",2
"GO:0038060","GO:0038060","nitric oxide-cGMP-mediated signaling","2/379","11/28928",0.181818181818182,13.8776685056368,4.92190037627182,0.00870781328403386,0.0377492969494021,0.0242512112400809,"Gucy1a1/Apoe",2
"GO:0045603","GO:0045603","positive regulation of endothelial cell differentiation","2/379","11/28928",0.181818181818182,13.8776685056368,4.92190037627182,0.00870781328403386,0.0377492969494021,0.0242512112400809,"Tmem100/Bmp4",2
"GO:0048664","GO:0048664","neuron fate determination","2/379","11/28928",0.181818181818182,13.8776685056368,4.92190037627182,0.00870781328403386,0.0377492969494021,0.0242512112400809,"Prrx1/Nkx2-2",2
"GO:0072102","GO:0072102","glomerulus morphogenesis","2/379","11/28928",0.181818181818182,13.8776685056368,4.92190037627182,0.00870781328403386,0.0377492969494021,0.0242512112400809,"Pdgfra/Bmp4",2
"GO:0080144","GO:0080144","intracellular amino acid homeostasis","2/379","11/28928",0.181818181818182,13.8776685056368,4.92190037627182,0.00870781328403386,0.0377492969494021,0.0242512112400809,"Slc38a3/Slc1a1",2
"GO:0099538","GO:0099538","synaptic signaling via neuropeptide","2/379","11/28928",0.181818181818182,13.8776685056368,4.92190037627182,0.00870781328403386,0.0377492969494021,0.0242512112400809,"Ntrk2/Grid1",2
"GO:1900147","GO:1900147","regulation of Schwann cell migration","2/379","11/28928",0.181818181818182,13.8776685056368,4.92190037627182,0.00870781328403386,0.0377492969494021,0.0242512112400809,"Ptprz1/Lrp1",2
"GO:1903276","GO:1903276","regulation of sodium ion export across plasma membrane","2/379","11/28928",0.181818181818182,13.8776685056368,4.92190037627182,0.00870781328403386,0.0377492969494021,0.0242512112400809,"Atp1b2/Atp1b1",2
"GO:2000739","GO:2000739","regulation of mesenchymal stem cell differentiation","2/379","11/28928",0.181818181818182,13.8776685056368,4.92190037627182,0.00870781328403386,0.0377492969494021,0.0242512112400809,"Pdgfra/Sox6",2
"GO:2001214","GO:2001214","positive regulation of vasculogenesis","2/379","11/28928",0.181818181818182,13.8776685056368,4.92190037627182,0.00870781328403386,0.0377492969494021,0.0242512112400809,"Rin2/Tmem100",2
"GO:0007188","GO:0007188","adenylate cyclase-modulating G protein-coupled receptor signaling pathway","9/379","266/28928",0.0338345864661654,2.58249846251513,2.987491798581,0.0088084209600054,0.0381448622869522,0.0245053335505716,"Gpr37l1/Adora1/Adgrb1/Grik3/Gabbr2/Rit2/Adcyap1r1/Adgrl3/Calcrl",9
"GO:0031647","GO:0031647","regulation of protein stability","11/379","363/28928",0.0303030303030303,2.31294475093947,2.90040404439785,0.00886177577677597,0.0383351765290468,0.0246275967782343,"Atp1b2/Hip1/Plpp3/Usp24/Cryab/Taf9b/Cd81/Brinp1/Atp1b1/Pik3r1/Clu",11
"GO:0034763","GO:0034763","negative regulation of transmembrane transport","6/379","135/28928",0.0444444444444444,3.39231896804456,3.21009852300327,0.00889048285167059,0.0384185764799127,0.0246811752549029,"Slc6a9/Cav1/Atp1a2/Pid1/Prkca/Rhoq",6
"GO:0086001","GO:0086001","cardiac muscle cell action potential","4/379","62/28928",0.0645161290322581,4.92433398587114,3.56405465294749,0.00890394961047667,0.0384360112952251,0.0246923758711591,"Cav1/Scn1b/Cacna2d1/Kcnd2",4
"GO:0043281","GO:0043281","regulation of cysteine-type endopeptidase activity involved in apoptotic process","7/379","177/28928",0.0395480225988701,3.01858891224304,3.10372969778571,0.00902038242526873,0.0388974162782752,0.0249887954237186,"Slc1a1/Hip1/F3/Cryab/Sox2/Nr4a1/St18",7
"GO:0045662","GO:0045662","negative regulation of myoblast differentiation","3/379","33/28928",0.0909090909090909,6.93883425281842,3.9329885106756,0.00909884858250935,0.0390292715512901,0.0250735029636573,"Cmtm5/Sox8/Bmp4",3
"GO:0046688","GO:0046688","response to copper ion","3/379","33/28928",0.0909090909090909,6.93883425281842,3.9329885106756,0.00909884858250935,0.0390292715512901,0.0250735029636573,"Cp/Mt2/Lcat",3
"GO:0060317","GO:0060317","cardiac epithelial to mesenchymal transition","3/379","33/28928",0.0909090909090909,6.93883425281842,3.9329885106756,0.00909884858250935,0.0390292715512901,0.0250735029636573,"Spry1/Hey2/Tmem100",3
"GO:0099622","GO:0099622","cardiac muscle cell membrane repolarization","3/379","33/28928",0.0909090909090909,6.93883425281842,3.9329885106756,0.00909884858250935,0.0390292715512901,0.0250735029636573,"Scn1b/Cacna2d1/Wdr1",3
"GO:1904376","GO:1904376","negative regulation of protein localization to cell periphery","3/379","33/28928",0.0909090909090909,6.93883425281842,3.9329885106756,0.00909884858250935,0.0390292715512901,0.0250735029636573,"Pid1/Dab2/Rhoq",3
"GO:0006469","GO:0006469","negative regulation of protein kinase activity","7/379","178/28928",0.0393258426966292,3.00163054756752,3.08639032877577,0.00928730606455626,0.0397957646825098,0.0255659197327483,"Spry4/Spry1/Ptprj/Cav1/Prkca/Ptprt/Apoe",7
"GO:2000300","GO:2000300","regulation of synaptic vesicle exocytosis","4/379","63/28928",0.0634920634920635,4.84616995434937,3.52118478978049,0.00941150165091631,0.040285576919626,0.0258805889051624,"Cspg5/P2rx7/Sv2b/Prkca",4
"GO:0090090","GO:0090090","negative regulation of canonical Wnt signaling pathway","6/379","137/28928",0.0437956204379562,3.34279606340158,3.16695758495778,0.00951952813812255,0.0407052226262848,0.0261501811227821,"Sox10/Cav1/Sox2/Dab2/Apoe/Shisa6",6
"GO:0007584","GO:0007584","response to nutrient","7/379","179/28928",0.0391061452513966,2.98486166182692,3.06917208720973,0.00955996675380904,0.0408352877586707,0.0262337386259771,"Cpt1a/Ascl1/Gatm/Arsb/Bmp7/Scd1/Tnc",7
"GO:0060996","GO:0060996","dendritic spine development","6/379","138/28928",0.0434782608695652,3.31857290352185,3.14568563656435,0.00984566901293655,0.0418682506668882,0.0268973430826093,"Nlgn3/Dock10/Grin3a/Dnm3/Apoe/Reln",6
"GO:0051262","GO:0051262","protein tetramerization","5/379","99/28928",0.0505050505050505,3.85490791823246,3.27846661717556,0.00985611847535454,0.0418682506668882,0.0268973430826093,"Gria3/Me1/Dnm1/Aqp4/B2m",5
"GO:1900542","GO:1900542","regulation of purine nucleotide metabolic process","5/379","99/28928",0.0505050505050505,3.85490791823246,3.27846661717556,0.00985611847535454,0.0418682506668882,0.0268973430826093,"P2rx7/Stat3/Me1/Pid1/Slc4a4",5
"GO:0010893","GO:0010893","positive regulation of steroid biosynthetic process","3/379","34/28928",0.0882352941176471,6.73475089244141,3.85501466431686,0.0098839894825881,0.0418682506668882,0.0268973430826093,"Qki/Abcg1/Dab2",3
"GO:0032369","GO:0032369","negative regulation of lipid transport","3/379","34/28928",0.0882352941176471,6.73475089244141,3.85501466431686,0.0098839894825881,0.0418682506668882,0.0268973430826093,"Itgav/Igfbp3/Apoe",3
"GO:0051957","GO:0051957","positive regulation of amino acid transport","3/379","34/28928",0.0882352941176471,6.73475089244141,3.85501466431686,0.0098839894825881,0.0418682506668882,0.0268973430826093,"Slc38a3/P2rx7/Slc6a1",3
"GO:0060037","GO:0060037","pharyngeal system development","3/379","34/28928",0.0882352941176471,6.73475089244141,3.85501466431686,0.0098839894825881,0.0418682506668882,0.0268973430826093,"Eya1/Bmp7/Bmp4",3
"GO:2000178","GO:2000178","negative regulation of neural precursor cell proliferation","3/379","34/28928",0.0882352941176471,6.73475089244141,3.85501466431686,0.0098839894825881,0.0418682506668882,0.0268973430826093,"Ptn/Sirt2/Lims2",3
"GO:0046850","GO:0046850","regulation of bone remodeling","4/379","64/28928",0.0625,4.77044854881266,3.47920965910997,0.00993750773141976,0.0420512398811376,0.0270149005061386,"P2rx7/Itgav/Prkca/Trf",4
"GO:0016051","GO:0016051","carbohydrate biosynthetic process","8/379","225/28928",0.0355555555555556,2.71385517443565,2.97356602544678,0.00998023275988583,0.0421445062140257,0.0270748174244189,"Chst11/Gyg1/Adcyap1r1/B3gat2/Gpt2/Aldoc/Cyp2j6/Pgp",8
"GO:0017157","GO:0017157","regulation of exocytosis","8/379","225/28928",0.0355555555555556,2.71385517443565,2.97356602544678,0.00998023275988583,0.0421445062140257,0.0270748174244189,"Cspg5/Vsnl1/P2rx7/Scamp5/Sv2b/Trim9/Prkca/Lgi3",8
"GO:0097009","GO:0097009","energy homeostasis","6/379","139/28928",0.0431654676258993,3.29469827831666,3.124608087669,0.0101796865271276,0.0427275454787736,0.02744937826431,"Ampd3/Stat3/Mfsd2a/Pcsk1n/Apoe/Cntn2",6
"GO:0006140","GO:0006140","regulation of nucleotide metabolic process","5/379","100/28928",0.05,3.81635883905013,3.2505480056003,0.0102663989201727,0.0427275454787736,0.02744937826431,"P2rx7/Stat3/Me1/Pid1/Slc4a4",5
"GO:0050810","GO:0050810","regulation of steroid biosynthetic process","5/379","100/28928",0.05,3.81635883905013,3.2505480056003,0.0102663989201727,0.0427275454787736,0.02744937826431,"Qki/Abcg1/Igfbp7/Dab2/Apoe",5
"GO:2000060","GO:2000060","positive regulation of ubiquitin-dependent protein catabolic process","5/379","100/28928",0.05,3.81635883905013,3.2505480056003,0.0102663989201727,0.0427275454787736,0.02744937826431,"Sirt2/Trf/Dab2/Clu/Trib2",5
"GO:0009314","GO:0009314","response to radiation","13/379","474/28928",0.0274261603375527,2.09336138850851,2.76539448672539,0.0103066523122835,0.0427275454787736,0.02744937826431,"Neto1/Nlgn3/Eya1/Cryab/Sema5b/Slc1a3/Atp1a2/Mmp2/Sema5a/Pik3r1/Atxn1/Bhlhe40/Gucy2f",13
"GO:0003310","GO:0003310","pancreatic A cell differentiation","2/379","12/28928",0.166666666666667,12.7211961301671,4.67917513462079,0.0103594637872462,0.0427275454787736,0.02744937826431,"Nkx2-2/Neurod1",2
"GO:0006182","GO:0006182","cGMP biosynthetic process","2/379","12/28928",0.166666666666667,12.7211961301671,4.67917513462079,0.0103594637872462,0.0427275454787736,0.02744937826431,"Gucy1a1/Gucy2f",2
"GO:0010624","GO:0010624","regulation of Schwann cell proliferation","2/379","12/28928",0.166666666666667,12.7211961301671,4.67917513462079,0.0103594637872462,0.0427275454787736,0.02744937826431,"Sox10/Pmp22",2
"GO:0021892","GO:0021892","cerebral cortex GABAergic interneuron differentiation","2/379","12/28928",0.166666666666667,12.7211961301671,4.67917513462079,0.0103594637872462,0.0427275454787736,0.02744937826431,"Ascl1/Cntn2",2
"GO:0036305","GO:0036305","ameloblast differentiation","2/379","12/28928",0.166666666666667,12.7211961301671,4.67917513462079,0.0103594637872462,0.0427275454787736,0.02744937826431,"Bmp7/Bmp4",2
"GO:0038026","GO:0038026","reelin-mediated signaling pathway","2/379","12/28928",0.166666666666667,12.7211961301671,4.67917513462079,0.0103594637872462,0.0427275454787736,0.02744937826431,"Reln/Fyn",2
"GO:0060013","GO:0060013","righting reflex","2/379","12/28928",0.166666666666667,12.7211961301671,4.67917513462079,0.0103594637872462,0.0427275454787736,0.02744937826431,"Pcdh15/Slc1a1",2
"GO:0060020","GO:0060020","Bergmann glial cell differentiation","2/379","12/28928",0.166666666666667,12.7211961301671,4.67917513462079,0.0103594637872462,0.0427275454787736,0.02744937826431,"Gpr37l1/Plpp3",2
"GO:0060352","GO:0060352","cell adhesion molecule production","2/379","12/28928",0.166666666666667,12.7211961301671,4.67917513462079,0.0103594637872462,0.0427275454787736,0.02744937826431,"Cav1/Aqp4",2
"GO:0060579","GO:0060579","ventral spinal cord interneuron fate commitment","2/379","12/28928",0.166666666666667,12.7211961301671,4.67917513462079,0.0103594637872462,0.0427275454787736,0.02744937826431,"Ascl1/Nkx2-2",2
"GO:0060581","GO:0060581","cell fate commitment involved in pattern specification","2/379","12/28928",0.166666666666667,12.7211961301671,4.67917513462079,0.0103594637872462,0.0427275454787736,0.02744937826431,"Ascl1/Nkx2-2",2
"GO:0060837","GO:0060837","blood vessel endothelial cell differentiation","2/379","12/28928",0.166666666666667,12.7211961301671,4.67917513462079,0.0103594637872462,0.0427275454787736,0.02744937826431,"Hey2/Tmem100",2
"GO:0072124","GO:0072124","regulation of glomerular mesangial cell proliferation","2/379","12/28928",0.166666666666667,12.7211961301671,4.67917513462079,0.0103594637872462,0.0427275454787736,0.02744937826431,"Bmp7/Bmp4",2
"GO:0072584","GO:0072584","caveolin-mediated endocytosis","2/379","12/28928",0.166666666666667,12.7211961301671,4.67917513462079,0.0103594637872462,0.0427275454787736,0.02744937826431,"Cav1/Mlc1",2
"GO:0097017","GO:0097017","renal protein absorption","2/379","12/28928",0.166666666666667,12.7211961301671,4.67917513462079,0.0103594637872462,0.0427275454787736,0.02744937826431,"Ednrb/Dab2",2
"GO:1903054","GO:1903054","negative regulation of extracellular matrix organization","2/379","12/28928",0.166666666666667,12.7211961301671,4.67917513462079,0.0103594637872462,0.0427275454787736,0.02744937826431,"Antxr1/Cst3",2
"GO:1904672","GO:1904672","regulation of somatic stem cell population maintenance","2/379","12/28928",0.166666666666667,12.7211961301671,4.67917513462079,0.0103594637872462,0.0427275454787736,0.02744937826431,"Bmp7/Lbh",2
"GO:1905208","GO:1905208","negative regulation of cardiocyte differentiation","2/379","12/28928",0.166666666666667,12.7211961301671,4.67917513462079,0.0103594637872462,0.0427275454787736,0.02744937826431,"Sox6/Hey2",2
"GO:0072523","GO:0072523","purine-containing compound catabolic process","7/379","182/28928",0.0384615384615385,2.93566064542318,3.01822808677947,0.0104130592418652,0.0429051733170888,0.0275634913889829,"P2rx7/Ampd3/Stat3/Nt5e/Pde7b/Aldoc/Slc4a4",7
"GO:0042158","GO:0042158","lipoprotein biosynthetic process","4/379","65/28928",0.0615384615384615,4.69705703267709,3.43809558288245,0.0104822130212116,0.0430161309782852,0.0276347737146904,"Zdhhc2/Dbi/Lcat/Apoe",4
"GO:0042491","GO:0042491","inner ear auditory receptor cell differentiation","4/379","65/28928",0.0615384615384615,4.69705703267709,3.43809558288245,0.0104822130212116,0.0430161309782852,0.0276347737146904,"Pcdh15/Minar2/Hey2/Bmp4",4
"GO:0046470","GO:0046470","phosphatidylcholine metabolic process","4/379","65/28928",0.0615384615384615,4.69705703267709,3.43809558288245,0.0104822130212116,0.0430161309782852,0.0276347737146904,"Dbi/Mfsd2a/Lcat/Pla2g7",4
"GO:1905953","GO:1905953","negative regulation of lipid localization","4/379","65/28928",0.0615384615384615,4.69705703267709,3.43809558288245,0.0104822130212116,0.0430161309782852,0.0276347737146904,"Itgav/Abcg1/Igfbp3/Apoe",4
"GO:0007548","GO:0007548","sex differentiation","11/379","372/28928",0.0295698924731183,2.25698641019094,2.81144258066639,0.0105107117143835,0.0430896883663106,0.0276820290518604,"Ptprn/Pdgfra/Itgav/Sox2/Gfra1/Mmp2/Nhlh2/Lhx1/Sox8/Tlr3/Bmp4",11
"GO:0009185","GO:0009185","ribonucleoside diphosphate metabolic process","6/379","140/28928",0.0428571428571429,3.27116471918583,3.10372158422903,0.0105216782585186,0.0430912953803649,0.0276830614429364,"P2rx7/Ampd3/Stat3/Nt5e/Aldoc/Slc4a4",6
"GO:0042044","GO:0042044","fluid transport","3/379","35/28928",0.0857142857142857,6.54232943837165,3.78012266325023,0.0107073460168244,0.0437198747680956,0.028086878540072,"Ednrb/Aqp4/Slc14a1",3
"GO:0060586","GO:0060586","multicellular organismal-level iron ion homeostasis","3/379","35/28928",0.0857142857142857,6.54232943837165,3.78012266325023,0.0107073460168244,0.0437198747680956,0.028086878540072,"Epas1/Trf/B2m",3
"GO:0061036","GO:0061036","positive regulation of cartilage development","3/379","35/28928",0.0857142857142857,6.54232943837165,3.78012266325023,0.0107073460168244,0.0437198747680956,0.028086878540072,"Sox6/Prkg2/Bmp4",3
"GO:0006650","GO:0006650","glycerophospholipid metabolic process","9/379","276/28928",0.0326086956521739,2.48892967764139,2.86369729124155,0.0110312227357548,0.0448772296592626,0.0288303959089664,"Abhd4/Dbi/Mfsd2a/Pik3r1/Serinc5/Lcat/Mtmr10/Pla2g7/Pgp",9
"GO:0021872","GO:0021872","forebrain generation of neurons","4/379","66/28928",0.0606060606060606,4.62588950187895,3.39781065595921,0.0110458555455805,0.0448772296592626,0.0288303959089664,"Ascl1/Sox2/Nhlh2/B2m",4
"GO:0030166","GO:0030166","proteoglycan biosynthetic process","4/379","66/28928",0.0606060606060606,4.62588950187895,3.39781065595921,0.0110458555455805,0.0448772296592626,0.0288303959089664,"Xylt1/Chst11/B3gat2/Ugdh",4
"GO:0032371","GO:0032371","regulation of sterol transport","4/379","66/28928",0.0606060606060606,4.62588950187895,3.39781065595921,0.0110458555455805,0.0448772296592626,0.0288303959089664,"Lrp1/Cav1/Abcg1/Apoe",4
"GO:0032374","GO:0032374","regulation of cholesterol transport","4/379","66/28928",0.0606060606060606,4.62588950187895,3.39781065595921,0.0110458555455805,0.0448772296592626,0.0288303959089664,"Lrp1/Cav1/Abcg1/Apoe",4
"GO:0015914","GO:0015914","phospholipid transport","5/379","102/28928",0.0490196078431373,3.74152827357856,3.19577707031474,0.0111217573311962,0.0450508559886922,0.0289419383516636,"P2rx7/Abcg1/Dbi/Mfsd2a/Apoe",5
"GO:0030516","GO:0030516","regulation of axon extension","5/379","102/28928",0.0490196078431373,3.74152827357856,3.19577707031474,0.0111217573311962,0.0450508559886922,0.0289419383516636,"Lrp1/Dscam/Tnr/Sema5a/Apoe",5
"GO:0042490","GO:0042490","mechanoreceptor differentiation","5/379","102/28928",0.0490196078431373,3.74152827357856,3.19577707031474,0.0111217573311962,0.0450508559886922,0.0289419383516636,"Pcdh15/Minar2/Hey2/Ntrk2/Bmp4",5
"GO:0031329","GO:0031329","regulation of cellular catabolic process","12/379","428/28928",0.0280373831775701,2.1400143022711,2.73769842980164,0.0114396640387536,0.0462925828777763,0.0297396586676215,"Cpt1a/P2rx7/Adam9/Stat3/Npc1/Dbi/Mfsd2a/Timp2/Sirt2/Timp4/Apoe/Slc4a4",12
"GO:0003401","GO:0003401","axis elongation","3/379","36/28928",0.0833333333333333,6.36059806508355,3.70810091663183,0.0115692387894668,0.046770484193529,0.0300466759287844,"Spry1/Tnc/Bmp4",3
"GO:0030282","GO:0030282","bone mineralization","6/379","143/28928",0.041958041958042,3.20253888591619,3.04217602193424,0.0115964643981353,0.0468340856515374,0.0300875352961895,"P2rx7/Gpnmb/Bmp7/Ptn/Fzd9/Bmp4",6
"GO:0097479","GO:0097479","synaptic vesicle localization","4/379","67/28928",0.0597014925373134,4.55684637498523,3.35832462733413,0.0116286661302961,0.0469176380999571,0.0301412117415805,"Nlgn3/Pcdh17/Dnm1/Dnm3",4
"GO:0001889","GO:0001889","liver development","7/379","187/28928",0.0374331550802139,2.85716704527817,2.9355987025147,0.011956009896456,0.0480208004910914,0.0308499143225946,"Sulf2/Cpt1a/Npc1/Ptn/Lims2/Tgfa/Bmp4",7
"GO:0030203","GO:0030203","glycosaminoglycan metabolic process","5/379","104/28928",0.0480769230769231,3.66957580677897,3.14237242728738,0.0120244762661481,0.0480208004910914,0.0308499143225946,"Xylt1/Chst11/Ednrb/Arsb/Ugdh",5
"GO:0046890","GO:0046890","regulation of lipid biosynthetic process","8/379","233/28928",0.0343347639484979,2.62067559763099,2.86184950198664,0.0121312314884032,0.0480208004910914,0.0308499143225946,"Qki/Abcg1/Dbi/Mfsd2a/Sirt2/Igfbp7/Dab2/Apoe",8
"GO:0001973","GO:0001973","G protein-coupled adenosine receptor signaling pathway","2/379","13/28928",0.153846153846154,11.7426425816927,4.46372115626096,0.0121377728848648,0.0480208004910914,0.0308499143225946,"Adora1/Cntn2",2
"GO:0009214","GO:0009214","cyclic nucleotide catabolic process","2/379","13/28928",0.153846153846154,11.7426425816927,4.46372115626096,0.0121377728848648,0.0480208004910914,0.0308499143225946,"Pde7b/Cnp",2
"GO:0010642","GO:0010642","negative regulation of platelet-derived growth factor receptor signaling pathway","2/379","13/28928",0.153846153846154,11.7426425816927,4.46372115626096,0.0121377728848648,0.0480208004910914,0.0308499143225946,"Lrp1/Ptprj",2
"GO:0014010","GO:0014010","Schwann cell proliferation","2/379","13/28928",0.153846153846154,11.7426425816927,4.46372115626096,0.0121377728848648,0.0480208004910914,0.0308499143225946,"Sox10/Pmp22",2
"GO:0014052","GO:0014052","regulation of gamma-aminobutyric acid secretion","2/379","13/28928",0.153846153846154,11.7426425816927,4.46372115626096,0.0121377728848648,0.0480208004910914,0.0308499143225946,"P2rx7/Slc6a1",2
"GO:0030836","GO:0030836","positive regulation of actin filament depolymerization","2/379","13/28928",0.153846153846154,11.7426425816927,4.46372115626096,0.0121377728848648,0.0480208004910914,0.0308499143225946,"Sema5a/Wdr1",2
"GO:0032060","GO:0032060","bleb assembly","2/379","13/28928",0.153846153846154,11.7426425816927,4.46372115626096,0.0121377728848648,0.0480208004910914,0.0308499143225946,"P2rx7/Pmp22",2
"GO:0032429","GO:0032429","regulation of phospholipase A2 activity","2/379","13/28928",0.153846153846154,11.7426425816927,4.46372115626096,0.0121377728848648,0.0480208004910914,0.0308499143225946,"Lrp1/Ppt1",2
"GO:0035588","GO:0035588","G protein-coupled purinergic receptor signaling pathway","2/379","13/28928",0.153846153846154,11.7426425816927,4.46372115626096,0.0121377728848648,0.0480208004910914,0.0308499143225946,"Adora1/Cntn2",2
"GO:0035791","GO:0035791","platelet-derived growth factor receptor-beta signaling pathway","2/379","13/28928",0.153846153846154,11.7426425816927,4.46372115626096,0.0121377728848648,0.0480208004910914,0.0308499143225946,"Lrp1/Hip1",2
"GO:0051967","GO:0051967","negative regulation of synaptic transmission, glutamatergic","2/379","13/28928",0.153846153846154,11.7426425816927,4.46372115626096,0.0121377728848648,0.0480208004910914,0.0308499143225946,"Adora1/Grik3",2
"GO:0060272","GO:0060272","embryonic skeletal joint morphogenesis","2/379","13/28928",0.153846153846154,11.7426425816927,4.46372115626096,0.0121377728848648,0.0480208004910914,0.0308499143225946,"Bmp7/Bmp4",2
"GO:0060601","GO:0060601","lateral sprouting from an epithelium","2/379","13/28928",0.153846153846154,11.7426425816927,4.46372115626096,0.0121377728848648,0.0480208004910914,0.0308499143225946,"Bmp7/Bmp4",2
"GO:0060872","GO:0060872","semicircular canal development","2/379","13/28928",0.153846153846154,11.7426425816927,4.46372115626096,0.0121377728848648,0.0480208004910914,0.0308499143225946,"Eya1/Sparc",2
"GO:0072110","GO:0072110","glomerular mesangial cell proliferation","2/379","13/28928",0.153846153846154,11.7426425816927,4.46372115626096,0.0121377728848648,0.0480208004910914,0.0308499143225946,"Bmp7/Bmp4",2
"GO:0072497","GO:0072497","mesenchymal stem cell differentiation","2/379","13/28928",0.153846153846154,11.7426425816927,4.46372115626096,0.0121377728848648,0.0480208004910914,0.0308499143225946,"Pdgfra/Sox6",2
"GO:0098828","GO:0098828","modulation of inhibitory postsynaptic potential","2/379","13/28928",0.153846153846154,11.7426425816927,4.46372115626096,0.0121377728848648,0.0480208004910914,0.0308499143225946,"Nlgn3/Igsf9b",2
"GO:0042311","GO:0042311","vasodilation","4/379","68/28928",0.0588235294117647,4.48983392829427,3.31960879095643,0.0122308683534444,0.0482485852277695,0.0309962496510075,"Adora1/Ednrb/Gucy1a1/Apoe",4
"GO:0061337","GO:0061337","cardiac conduction","4/379","68/28928",0.0588235294117647,4.48983392829427,3.31960879095643,0.0122308683534444,0.0482485852277695,0.0309962496510075,"Cav1/Scn1b/Ehd3/Cacna2d1",4
"GO:0097035","GO:0097035","regulation of membrane lipid distribution","4/379","68/28928",0.0588235294117647,4.48983392829427,3.31960879095643,0.0122308683534444,0.0482485852277695,0.0309962496510075,"P2rx7/Abcg1/Mfsd2a/Tlcd1",4
"GO:0030177","GO:0030177","positive regulation of Wnt signaling pathway","6/379","145/28928",0.0413793103448276,3.15836593576563,3.00204296069993,0.0123546172932484,0.0486896184429278,0.03127958180628,"Sulf2/Sema5a/Gpc5/Dab2/Fzd9/Lypd6",6
"GO:0009636","GO:0009636","response to toxic substance","8/379","234/28928",0.0341880341880342,2.60947612926505,2.84821503138584,0.0124222896930452,0.048907666316617,0.031419661899755,"Cp/Slc6a1/Mt2/Arnt2/Scn1b/Gria1/Apoe/Cnp",8
"GO:0001702","GO:0001702","gastrulation with mouth forming second","3/379","37/28928",0.0810810810810811,6.18869000927049,3.63875782644755,0.0124699546755742,0.048907666316617,0.031419661899755,"Plpp3/Lhx1/Ugdh",3
"GO:0001953","GO:0001953","negative regulation of cell-matrix adhesion","3/379","37/28928",0.0810810810810811,6.18869000927049,3.63875782644755,0.0124699546755742,0.048907666316617,0.031419661899755,"Lrp1/Ajap1/Pik3r1",3
"GO:0045686","GO:0045686","negative regulation of glial cell differentiation","3/379","37/28928",0.0810810810810811,6.18869000927049,3.63875782644755,0.0124699546755742,0.048907666316617,0.031419661899755,"Gpr37l1/Sirt2/Bmp4",3
"GO:0086091","GO:0086091","regulation of heart rate by cardiac conduction","3/379","37/28928",0.0810810810810811,6.18869000927049,3.63875782644755,0.0124699546755742,0.048907666316617,0.031419661899755,"Cav1/Scn1b/Cacna2d1",3
"GO:0009132","GO:0009132","nucleoside diphosphate metabolic process","6/379","146/28928",0.0410958904109589,3.13673329236997,2.98223671592442,0.0127464642619009,0.0499440787185059,0.0320854824082465,"P2rx7/Ampd3/Stat3/Nt5e/Aldoc/Slc4a4",6
