"","ID","Description","GeneRatio","BgRatio","RichFactor","FoldEnrichment","zScore","pvalue","p.adjust","qvalue","geneID","Count"
"GO:0042063","GO:0042063","gliogenesis","45/363","417/28928",0.107913669064748,8.59979784767228,17.6218596873104,1.64038943204015e-28,6.57140006475284e-25,4.26155907186851e-25,"Cspg5/Ptprz1/Olig1/Lrp1/Bcan/Atp1b2/Serpine2/Gpr37l1/Olig2/Kcnj10/Cspg4/Cntn1/Ascl1/Nlgn3/Sox10/Plpp3/Gpr17/Sox6/Qki/Stat3/Ptprj/Vcan/Ncan/Zcchc24/Ntrk2/Ptn/Metrn/Dbi/Zfp488/Etv5/Sirt2/Nkx2-2/Omg/Trf/Atxn1/Plp1/Cnp/Erbb3/Sox8/Clu/Fa2h/Wdr1/Pmp22/Bmp4/Dusp15",45
"GO:0010001","GO:0010001","glial cell differentiation","38/363","309/28928",0.122977346278317,9.80024427862027,17.5321281336883,2.83633988021245e-26,5.68118878006553e-23,3.68425622334964e-23,"Cspg5/Ptprz1/Olig1/Lrp1/Bcan/Serpine2/Gpr37l1/Olig2/Kcnj10/Cntn1/Ascl1/Nlgn3/Sox10/Plpp3/Gpr17/Sox6/Qki/Stat3/Ptprj/Vcan/Ncan/Ntrk2/Ptn/Metrn/Zfp488/Sirt2/Nkx2-2/Omg/Plp1/Cnp/Erbb3/Sox8/Clu/Fa2h/Wdr1/Pmp22/Bmp4/Dusp15",38
"GO:0048709","GO:0048709","oligodendrocyte differentiation","26/363","135/28928",0.192592592592593,15.3479848995001,18.8365877320476,1.99322921637421e-23,2.66162541359836e-20,1.72606656351282e-20,"Ptprz1/Olig1/Olig2/Kcnj10/Cntn1/Ascl1/Nlgn3/Sox10/Gpr17/Sox6/Qki/Ptprj/Ntrk2/Ptn/Zfp488/Sirt2/Nkx2-2/Omg/Plp1/Cnp/Sox8/Clu/Fa2h/Wdr1/Bmp4/Dusp15",26
"GO:0042552","GO:0042552","myelination","26/363","200/28928",0.13,10.3598898071625,14.9734174890694,6.29107339412614e-19,6.13831531953873e-16,3.98070321061082e-16,"Ptprz1/Gjc3/Olig2/Kcnj10/Cntn1/Sox10/Jam2/Qki/Pllp/Ugt8a/Ntrk2/Ptn/S100b/Zfp488/Sirt2/Serinc5/Omg/Trf/Plp1/Erbb3/Degs1/Clu/Fa2h/Nfasc/Fyn/Pmp22",26
"GO:0007272","GO:0007272","ensheathment of neurons","26/363","203/28928",0.12807881773399,10.2067879873523,14.8393213183569,9.19368245562466e-19,6.13831531953873e-16,3.98070321061082e-16,"Ptprz1/Gjc3/Olig2/Kcnj10/Cntn1/Sox10/Jam2/Qki/Pllp/Ugt8a/Ntrk2/Ptn/S100b/Zfp488/Sirt2/Serinc5/Omg/Trf/Plp1/Erbb3/Degs1/Clu/Fa2h/Nfasc/Fyn/Pmp22",26
"GO:0008366","GO:0008366","axon ensheathment","26/363","203/28928",0.12807881773399,10.2067879873523,14.8393213183569,9.19368245562466e-19,6.13831531953873e-16,3.98070321061082e-16,"Ptprz1/Gjc3/Olig2/Kcnj10/Cntn1/Sox10/Jam2/Qki/Pllp/Ugt8a/Ntrk2/Ptn/S100b/Zfp488/Sirt2/Serinc5/Omg/Trf/Plp1/Erbb3/Degs1/Clu/Fa2h/Nfasc/Fyn/Pmp22",26
"GO:0051962","GO:0051962","positive regulation of nervous system development","34/363","397/28928",0.0856423173803526,6.82496131454226,13.1740011807109,1.45704956350183e-18,8.33848650198335e-16,5.40751627477071e-16,"Ptprz1/Lrp1/Bcan/Dscam/Serpine2/Olig2/Ascl1/Nlgn3/Adgrb1/Sox10/Grm5/Qki/Slitrk3/Vcan/Slitrk2/Ncan/Ntrk2/Ptn/Sox2/Metrn/Adgrl3/Il1rap/Zfp488/Lrrtm3/Sema5a/Etv5/Pik3r1/Nkx2-2/Prkca/Trf/Atxn1/Apoe/Sox8/Plxnb3",34
"GO:0050767","GO:0050767","regulation of neurogenesis","35/363","485/28928",0.0721649484536082,5.75093010706881,11.8945962830748,9.63730811285581e-17,4.82588203751255e-14,3.12958900296423e-14,"Ptprz1/Lrp1/Bcan/Dscam/Serpine2/Tnr/Gpr37l1/Olig2/Ascl1/Sox10/Grm5/Qki/Bmp7/Vcan/Hey2/Brinp1/Ncan/Zcchc24/Ntrk2/Ptn/Sox2/Metrn/Zfp488/Sema5a/Etv5/Sirt2/Nkx2-2/Trf/Atxn1/Bhlhe40/Apoe/Sox8/Plxnb3/B2m/Bmp4",35
"GO:0060078","GO:0060078","regulation of postsynaptic membrane potential","21/363","166/28928",0.126506024096386,10.0814497660062,13.2277989110803,2.76787309350204e-15,1.23201106806324e-12,7.9896032687287e-13,"Neto1/Adora1/Nlgn3/P2rx7/Gria3/Gabra3/Chrna4/Rgs7/Rgs7bp/Grin3a/Dpp6/Gria1/Atxn1/Gabrg3/Tmem108/Igsf9b/Insyn2b/Gabrg1/Kcna1/Kcna2/Kcnd2",21
"GO:0006898","GO:0006898","receptor-mediated endocytosis","26/363","286/28928",0.0909090909090909,7.24467818682695,11.9640799030158,4.3969373732294e-15,1.7614131117157e-12,1.1422780460137e-12,"Lrp1/Cacng4/Susd4/Rab31/Nlgn3/Hip1/Itgav/Fchsd2/Tspan7/Cd81/Cav1/Dnm1/Sirt2/Ppt1/Gria1/Prkca/Trf/Calcrl/Dnm3/Dab2/Apoe/Tmem108/Clu/Cav2/Lmbrd1/B2m",26
"GO:0050890","GO:0050890","cognition","30/363","401/28928",0.0748129675810474,5.96195461758826,11.2793693784769,6.35008642864742e-15,2.3125860211965e-12,1.49971419195233e-12,"Ptprz1/Tnr/Neto1/Shc3/Shisa7/Adora1/Gatm/Nlgn3/Slc1a1/Gm2a/Grm5/Slc6a1/Chrna4/Atp1a2/Brinp1/Chl1/Ntrk2/Ptn/Ncam1/Dbi/Nrxn3/Mfsd2a/S100b/Ppt1/Gria1/Prkca/Atxn1/Apoe/Fzd9/B2m",30
"GO:0007416","GO:0007416","synapse assembly","25/363","304/28928",0.0822368421052632,6.55357401768885,10.9731695783828,1.4773185913737e-13,4.93178189753587e-11,3.19826516097394e-11,"Dscam/Nlgn3/Adgrb1/C1ql2/Zdhhc2/Dock10/Gabra3/Slitrk3/Csmd2/Pcdh17/Slitrk2/Ntrk2/Nrxn3/Adgrl3/Il1rap/Lrrtm3/Mdga2/Pik3r1/Gria1/Prkca/Dnm3/Gabrg3/Elfn1/Gabrg1/Plxnb3",25
"GO:0007626","GO:0007626","locomotory behavior","24/363","292/28928",0.0821917808219178,6.5499830182271,10.7452073194115,4.64408906928287e-13,1.43109390858055e-10,9.2806573465507e-11,"Dscam/Tnr/Kcnj10/Pcdh15/Cntn1/Slc1a1/Npas3/Grm5/Minar2/Chrna4/Atp1a2/Npc1/Chl1/Adgrl3/Olfm2/Etv5/Ppt1/Gria1/Atxn1/Apoe/Lsamp/Cnp/Kcnd2/Pmp22",24
"GO:0007611","GO:0007611","learning or memory","26/363","356/28928",0.0730337078651685,5.82016281301266,10.3158325103004,7.46527816396449e-13,2.13613602320298e-10,1.38528620365897e-10,"Ptprz1/Tnr/Neto1/Shc3/Shisa7/Gatm/Nlgn3/Slc1a1/Gm2a/Grm5/Slc6a1/Atp1a2/Brinp1/Ntrk2/Ptn/Ncam1/Dbi/Nrxn3/S100b/Ppt1/Gria1/Prkca/Atxn1/Apoe/Fzd9/B2m",26
"GO:0050769","GO:0050769","positive regulation of neurogenesis","25/363","332/28928",0.0753012048192771,6.00086295595606,10.3311637935081,1.06200585048448e-12,2.83626362469388e-10,1.83931960631276e-10,"Ptprz1/Lrp1/Bcan/Dscam/Serpine2/Olig2/Ascl1/Sox10/Grm5/Qki/Vcan/Ncan/Ntrk2/Ptn/Sox2/Metrn/Zfp488/Sema5a/Etv5/Nkx2-2/Trf/Atxn1/Apoe/Sox8/Plxnb3",25
"GO:0021782","GO:0021782","glial cell development","17/363","147/28928",0.115646258503401,9.21601919004516,11.2578399138041,5.58232299650432e-12,1.39767412024977e-09,9.06392970748201e-10,"Cspg5/Olig1/Lrp1/Kcnj10/Cntn1/Ascl1/Sox10/Ntrk2/Zfp488/Sirt2/Nkx2-2/Omg/Plp1/Erbb3/Clu/Fa2h/Pmp22",17
"GO:0031644","GO:0031644","regulation of nervous system process","18/363","173/28928",0.104046242774566,8.29159699995223,10.8436856514677,8.05854083880215e-12,1.89897144707303e-09,1.2314847548089e-09,"Cacng4/Tnr/Neto1/Shisa7/Adora1/Nlgn3/Sox10/Jam2/Qki/Tmem100/S100b/Zfp488/Shisa9/Gria1/Trf/Tmem108/Igsf9b/Shisa6",18
"GO:0031346","GO:0031346","positive regulation of cell projection organization","28/363","471/28928",0.059447983014862,4.73749656378493,9.21901655351843,1.35757110223537e-11,3.0213499086416e-09,1.95934823410344e-09,"Ptprz1/Lrp1/Dscam/Atp1b2/Serpine2/Cntn1/P2rx7/Arsb/Qki/Cdc42ep1/Bmp7/Plppr5/Rit2/Ntrk2/Scn1b/Frmd7/Ptn/Metrn/Sema5a/Pik3r1/Dnm3/Apoe/Rab8b/Enc1/Plxnb3/Fyn/Rhoq/Bmp4",28
"GO:0014013","GO:0014013","regulation of gliogenesis","16/363","144/28928",0.111111111111111,8.85460667278849,10.6516775610644,4.36469864516212e-11,9.20262251185235e-09,5.9679092832466e-09,"Ptprz1/Serpine2/Gpr37l1/Olig2/Sox10/Qki/Zcchc24/Ptn/Zfp488/Etv5/Sirt2/Nkx2-2/Trf/Atxn1/Sox8/Bmp4",16
"GO:0045664","GO:0045664","regulation of neuron differentiation","20/363","247/28928",0.0809716599190283,6.4527498020321,9.70185542680602,5.58111432335228e-11,1.11789719896746e-08,7.24957376317549e-09,"Rap1gap/Gpr37l1/Olig2/Ascl1/Eya1/Ednrb/Brinp3/Bmp7/Mmd2/Cav1/Hey2/Brinp1/Sox2/S100b/Timp2/Etv5/Nkx2-2/Sox8/B2m/Bmp4",20
"GO:0014003","GO:0014003","oligodendrocyte development","11/363","57/28928",0.192982456140351,15.3790536948432,12.2496792199792,1.150659076344e-10,2.19501917134956e-08,1.4234719801589e-08,"Olig1/Kcnj10/Cntn1/Ascl1/Sox10/Zfp488/Nkx2-2/Omg/Plp1/Clu/Fa2h",11
"GO:0098742","GO:0098742","cell-cell adhesion via plasma-membrane adhesion molecules","19/363","231/28928",0.0822510822510823,6.55470883570057,9.55513739898109,1.29942362634938e-10,2.36613229416163e-08,1.53443899991878e-08,"Dscam/Pcdh15/Lrrc4c/Sparcl1/Pcdh10/Slitrk3/Fgfrl1/Pcdh17/Slitrk2/Cdh19/Adgrl3/Il1rap/Mdga2/Ptprt/Cadm2/Igsf9b/Cdh11/Elfn1/Plxnb3",19
"GO:0019226","GO:0019226","transmission of nerve impulse","14/363","114/28928",0.12280701754386,9.78667053308202,10.5965108749662,1.88303938932523e-10,3.27976338853777e-08,2.12692961686712e-08,"Cacng4/Tnr/P2rx7/Chrna4/Dpp6/Atp1a2/Ntrk2/Scn1b/Gria1/Kcna1/Kcna2/Nfasc/Kcnd2/Pmp22",14
"GO:0031589","GO:0031589","cell-substrate adhesion","23/363","377/28928",0.0610079575596817,4.86181321291039,8.50822905573866,5.77886953335582e-10,9.6458963960931e-08,6.25537281066762e-08,"Cspg5/Ptprz1/Lrp1/Bcan/Atp1b2/Prex1/Spry4/Itgav/Rin2/Ttyh1/Antxr1/Adam9/Itgb8/Ptprj/Ptn/Ajap1/Sorbs3/Pik3r1/Rsu1/Dab2/Cdh11/Lims2/Epdr1",23
"GO:0099173","GO:0099173","postsynapse organization","21/363","314/28928",0.0668789808917197,5.32968363425804,8.69600133565141,6.32275728637905e-10,1.01315862756938e-07,6.57034315064569e-08,"Shisa7/Nlgn3/Adgrb1/C1ql2/Zdhhc2/Dock10/Slitrk3/Csmd2/Ncan/Ptn/Nrxn3/Adgrl3/Il1rap/Etv5/Dnm3/Apoe/Tmem108/Fzd9/Shisa6/Grid1/Fyn",21
"GO:0030100","GO:0030100","regulation of endocytosis","22/363","355/28928",0.0619718309859155,4.93862569355527,8.41722355263865,1.02940019269914e-09,1.58606814305875e-07,1.0285666702759e-07,"Lrp1/Rap1gap/Susd4/Rab31/Hip1/Itgav/Epn2/Tspan7/Ptprj/Scamp5/Cav1/Rit2/Dnm1/Sirt2/Ppt1/Prkca/Trf/Dab2/Apoe/Clu/B2m/Cnn2",22
"GO:0050807","GO:0050807","regulation of synapse organization","23/363","390/28928",0.058974358974359,4.69975277248004,8.29241707296774,1.11267157753896e-09,1.6508749406004e-07,1.07059393893418e-07,"Sparcl1/Nlgn3/Adgrb1/C1ql2/Dock10/Slitrk3/Slitrk2/Ncan/Ntrk2/Ptn/Adgrl3/Il1rap/Lrrtm3/Etv5/Mdga2/Pik3r1/Prkca/Ptprt/Dnm3/Apoe/Sparc/Grid1/Fyn",23
"GO:0050678","GO:0050678","regulation of epithelial cell proliferation","24/363","432/28928",0.0555555555555556,4.42730333639425,8.09077944031595,1.57560215579361e-09,2.25423651289615e-07,1.46187448139047e-07,"Sulf2/Rap1gap/Ptprn/Eya1/Ednrb/F3/Stat3/Cav1/Ptn/Sox2/Sema5a/Prkca/Dab2/Apoe/Lims2/Nr4a1/Sparc/Cav2/Tgfa/Fa2h/Plxnb3/B2m/Ppp1r16b/Bmp4",24
"GO:0050803","GO:0050803","regulation of synapse structure or activity","23/363","398/28928",0.0577889447236181,4.60528538006839,8.16428569639432,1.64269127253076e-09,2.26917973715801e-07,1.47156517626349e-07,"Sparcl1/Nlgn3/Adgrb1/C1ql2/Dock10/Slitrk3/Slitrk2/Ncan/Ntrk2/Ptn/Adgrl3/Il1rap/Lrrtm3/Etv5/Mdga2/Pik3r1/Prkca/Ptprt/Dnm3/Apoe/Sparc/Grid1/Fyn",23
"GO:0071805","GO:0071805","potassium ion transmembrane transport","17/363","212/28928",0.080188679245283,6.39035292894641,8.87996093952382,1.82467844728932e-09,2.43655395328033e-07,1.58010751154738e-07,"Atp1b2/Neto1/Kcnj10/Kcnip3/Slc9a9/Rgs7/Slc1a3/Kcnj16/Cav1/Dpp6/Atp1a2/Atp1b1/Slc12a4/Kcnip1/Kcna1/Kcna2/Kcnd2",17
"GO:0010976","GO:0010976","positive regulation of neuron projection development","18/363","241/28928",0.0746887966804979,5.95205925722712,8.70241286669357,1.89333378889242e-09,2.4466758575171e-07,1.58667157588675e-07,"Ptprz1/Lrp1/Atp1b2/Serpine2/Cntn1/Arsb/Qki/Bmp7/Plppr5/Rit2/Ntrk2/Scn1b/Ptn/Apoe/Enc1/Plxnb3/Fyn/Bmp4",18
"GO:2000177","GO:2000177","regulation of neural precursor cell proliferation","14/363","137/28928",0.102189781021898,8.14365285234562,9.44800570121983,2.1987850000973e-09,2.7526039719968e-07,1.78506624350004e-07,"Ptprz1/Bcan/Gpr37l1/Ascl1/Sox10/Vcan/Ncan/Ptn/Sox2/Sirt2/Rsu1/Trf/Fzd9/Lims2",14
"GO:0014015","GO:0014015","positive regulation of gliogenesis","12/363","94/28928",0.127659574468085,10.173377879374,10.042195216535,2.41320902447528e-09,2.9294895006206e-07,1.89977667381339e-07,"Ptprz1/Serpine2/Olig2/Sox10/Qki/Ptn/Zfp488/Etv5/Nkx2-2/Trf/Atxn1/Sox8",12
"GO:0099560","GO:0099560","synaptic membrane adhesion","9/363","43/28928",0.209302325581395,16.6796079185086,11.599015707494,2.70576067909906e-09,3.15887305366194e-07,2.04853212193228e-07,"Lrrc4c/Sparcl1/Slitrk3/Pcdh17/Slitrk2/Il1rap/Mdga2/Igsf9b/Elfn1",9
"GO:0031345","GO:0031345","negative regulation of cell projection organization","17/363","218/28928",0.0779816513761468,6.21447165567266,8.7118393404749,2.79089919416421e-09,3.15887305366194e-07,2.04853212193228e-07,"Ptprz1/Lrp1/Xylt1/Rap1gap/Tnr/Cspg4/Nlgn3/Rit2/Neu4/Sema5a/Dnm3/Dab2/Apoe/Plxnb3/B2m/Fyn/Pmp22",17
"GO:0034765","GO:0034765","regulation of monoatomic ion transmembrane transport","22/363","375/28928",0.0586666666666667,4.67523232323232,8.07537045817547,2.83872765681053e-09,3.15887305366194e-07,2.04853212193228e-07,"Atp1b2/Neto1/Kcnj10/Kcnip3/Nlgn3/P2rx7/Slc6a9/Rgs7/Kcnj16/Cav1/Dpp6/Atp1a2/Scn1b/Atp1b1/Adcyap1r1/Dbi/Ehd3/Gria1/Kcnip1/Plp1/Fyn/Bmp4",22
"GO:0031623","GO:0031623","receptor internalization","15/363","165/28928",0.0909090909090909,7.24467818682695,9.06823654015077,2.9893985432019e-09,3.23662988218022e-07,2.09895749775883e-07,"Lrp1/Cacng4/Susd4/Rab31/Hip1/Tspan7/Cd81/Cav1/Dnm1/Sirt2/Gria1/Calcrl/Dnm3/Dab2/Lmbrd1",15
"GO:0048713","GO:0048713","regulation of oligodendrocyte differentiation","10/363","59/28928",0.169491525423729,13.5070271279824,10.8405701347741,3.11383174757162e-09,3.25424467378527e-07,2.11038070654598e-07,"Ptprz1/Olig2/Qki/Ptn/Zfp488/Sirt2/Nkx2-2/Wdr1/Bmp4/Dusp15",10
"GO:0006813","GO:0006813","potassium ion transport","18/363","249/28928",0.072289156626506,5.76082843771781,8.50526988731457,3.17937641998919e-09,3.25424467378527e-07,2.11038070654598e-07,"Atp1b2/Neto1/Kcnj10/Kcnip3/Adora1/Slc9a9/Rgs7/Slc1a3/Kcnj16/Cav1/Dpp6/Atp1a2/Atp1b1/Slc12a4/Kcnip1/Kcna1/Kcna2/Kcnd2",18
"GO:0099072","GO:0099072","regulation of postsynaptic membrane neurotransmitter receptor levels","15/363","166/28928",0.0903614457831325,7.20103554714727,9.03226394150919,3.24937061785848e-09,3.25424467378527e-07,2.11038070654598e-07,"Lrp1/Cacng4/Neto1/Susd4/C1ql2/Zdhhc2/Hip1/Tspan7/Nrxn3/Olfm2/Sirt2/Dnm3/Tmem108/Shisa6/Grid1",15
"GO:0010038","GO:0010038","response to metal ion","22/363","384/28928",0.0572916666666667,4.56565656565657,7.92931375412688,4.38300149797886e-09,4.21215635649743e-07,2.73158732633567e-07,"Kcnj10/Pcdh15/Kcnip3/Gatm/Slc1a1/P2rx7/Cp/Adam9/Mt2/Cpne2/Cav1/Atp1a2/Npc1/Sox2/Ncam1/Gria1/Lcat/Trf/Cpne8/Kcna1/B2m/Anxa5",22
"GO:0045685","GO:0045685","regulation of glial cell differentiation","12/363","99/28928",0.121212121212121,9.65957091576926,9.72942282351563,4.41613996437573e-09,4.21215635649743e-07,2.73158732633567e-07,"Ptprz1/Serpine2/Gpr37l1/Olig2/Qki/Ptn/Zfp488/Sirt2/Nkx2-2/Wdr1/Bmp4/Dusp15",12
"GO:0035249","GO:0035249","synaptic transmission, glutamatergic","13/363","128/28928",0.1015625,8.09366391184573,9.06707577890402,8.92402358661688e-09,8.31386941581099e-07,5.39155207142484e-07,"Cacng4/Serpine2/Tnr/Shc3/Adora1/Nlgn3/Gria3/Grm5/Grik3/Grin3a/Ntrk2/Gria1/Grid1",13
"GO:0031099","GO:0031099","regeneration","17/363","236/28928",0.0720338983050847,5.74048652939254,8.24302094456752,9.21499736259776e-09,8.38983623512878e-07,5.44081662461514e-07,"Cspg5/Lrp1/Xylt1/Sulf2/Tnr/Cpt1a/Cpq/Prrx1/Cd81/Chl1/Lifr/Ptn/Sox2/Mmp2/Omg/Fzd9/Tnc",17
"GO:0035640","GO:0035640","exploration behavior","9/363","50/28928",0.18,14.3444628099174,10.6460974674355,1.11270865819115e-08,9.90557974380832e-07,6.42377770389651e-07,"Tnr/Brinp3/Minar2/Chrna4/Atp1a2/Brinp1/Chl1/Apoe/Lsamp",9
"GO:0010959","GO:0010959","regulation of metal ion transport","23/363","447/28928",0.0514541387024608,4.10045543907655,7.44714028070773,1.4608065409502e-08,1.27217195718403e-06,8.2500470093023e-07,"Atp1b2/Serpine2/Neto1/Kcnip3/Cntn1/Plpp4/Adora1/P2rx7/Rgs7/Cav1/Dpp6/Atp1a2/Scn1b/Atp1b1/Adcyap1r1/Dbi/Ehd3/Trf/Kcnip1/Plp1/B2m/Fyn/Bmp4",23
"GO:0010977","GO:0010977","negative regulation of neuron projection development","14/363","160/28928",0.0875,6.97300275482094,8.54054858196884,1.64872984133292e-08,1.40527909454887e-06,9.11324803675172e-07,"Ptprz1/Lrp1/Xylt1/Tnr/Cspg4/Nlgn3/Rit2/Neu4/Sema5a/Dnm3/Dab2/Apoe/B2m/Pmp22",14
"GO:0031102","GO:0031102","neuron projection regeneration","10/363","73/28928",0.136986301369863,10.9166383637118,9.56320053278591,2.63548195029539e-08,2.19952931101736e-06,1.42639680994057e-06,"Cspg5/Lrp1/Xylt1/Tnr/Prrx1/Chl1/Ptn/Mmp2/Omg/Tnc",10
"GO:0007215","GO:0007215","glutamate receptor signaling pathway","9/363","57/28928",0.157894736842105,12.5828621139626,9.86757184140547,3.69845012255584e-08,3.02367167162422e-06,1.96085389956344e-06,"Nlgn3/Slc1a1/Gria3/Grm5/Grik3/Grin3a/Gria1/Plp1/Fyn",9
"GO:0048678","GO:0048678","response to axon injury","11/363","97/28928",0.11340206185567,9.03717588253671,8.93814472823595,3.96592165707991e-08,3.16852325934216e-06,2.05479028931772e-06,"Cspg5/Lrp1/Xylt1/Tnr/Slc1a1/Matn4/Chl1/Ptn/Mmp2/Omg/Tnc",11
"GO:0061351","GO:0061351","neural precursor cell proliferation","16/363","230/28928",0.0695652173913043,5.54375374296323,7.79903347554439,4.11291087083855e-08,3.16852325934216e-06,2.05479028931772e-06,"Ptprz1/Bcan/Gpr37l1/Ascl1/Sox10/Vcan/Ncan/Ptn/Sox2/Fabp7/Sirt2/Rsu1/Trf/Fzd9/Lims2/Kcna1",16
"GO:1905475","GO:1905475","regulation of protein localization to membrane","16/363","230/28928",0.0695652173913043,5.54375374296323,7.79903347554439,4.11291087083855e-08,3.16852325934216e-06,2.05479028931772e-06,"Lrp1/Shisa7/Slc1a1/Zdhhc2/Cd81/Dpp6/Ptn/Pid1/Pik3r1/Gpc5/Dab2/Tmem108/Fzd9/Shisa6/Fyn/Rhoq",16
"GO:0048863","GO:0048863","stem cell differentiation","18/363","297/28928",0.0606060606060606,4.82978545788463,7.47863448938119,4.8830409694062e-08,3.69084191008325e-06,2.39351442154806e-06,"Pdgfra/Sox10/Zfp36l2/Ednrb/Ttyh1/Sox6/Sema3d/Sema5b/Stat3/Bmp7/Shc4/Ptn/Sox2/Lbh/Sema5a/Prkca/Sox8/Bmp4",18
"GO:0008016","GO:0008016","regulation of heart contraction","15/363","205/28928",0.0731707317073171,5.83108244305584,7.82518072268951,5.62409674215823e-08,4.17224658316405e-06,2.70570580110068e-06,"Epas1/S100a1/Adora1/Slc1a1/Ednrb/Cav1/Atp1a2/Hey2/Scn1b/Atp1b1/Ehd3/Pik3r1/Prkca/Kcnip1/Kcnd2",15
"GO:0031103","GO:0031103","axon regeneration","9/363","61/28928",0.147540983606557,11.7577564015716,9.48142673287762,6.82148895078522e-08,4.96852449760829e-06,3.22209277139482e-06,"Cspg5/Lrp1/Xylt1/Tnr/Chl1/Ptn/Mmp2/Omg/Tnc",9
"GO:2000179","GO:2000179","positive regulation of neural precursor cell proliferation","10/363","83/28928",0.120481927710843,9.60138072952969,8.84626290687628,9.2325558982566e-08,6.43803308105625e-06,4.17507045853505e-06,"Bcan/Gpr37l1/Ascl1/Sox10/Vcan/Ncan/Sox2/Rsu1/Trf/Fzd9",10
"GO:0098739","GO:0098739","import across plasma membrane","15/363","213/28928",0.0704225352112676,5.61207465176735,7.61587164079076,9.30930356801776e-08,6.43803308105625e-06,4.17507045853505e-06,"Slc38a3/Atp1b2/Kcnj10/Slc9a9/Slc1a1/Slc6a9/Slc7a3/Slc6a1/Slc1a3/Kcnj16/Cav1/Atp1a2/Atp1b1/Slc12a4/Fyn",15
"GO:0051056","GO:0051056","regulation of small GTPase mediated signal transduction","16/363","244/28928",0.0655737704918033,5.2256695118096,7.47237193078936,9.32116621820426e-08,6.43803308105625e-06,4.17507045853505e-06,"Rap1gap/Spry4/Spry1/Itgav/Dock10/Rasa3/Mmd2/Rit2/Frmd7/Adcyap1r1/Syde1/Timp2/Arhgef3/Apoe/Tns3/Dock9",16
"GO:0051965","GO:0051965","positive regulation of synapse assembly","10/363","84/28928",0.119047619047619,9.48707857798767,8.78128391326785,1.03644739271431e-07,7.03730212748058e-06,4.56369699414617e-06,"Nlgn3/Adgrb1/Slitrk3/Slitrk2/Ntrk2/Adgrl3/Il1rap/Lrrtm3/Pik3r1/Prkca",10
"GO:0031641","GO:0031641","regulation of myelination","9/363","65/28928",0.138461538461538,11.0342021614749,9.12970377181374,1.20317681454899e-07,8.03321053180542e-06,5.20954452334545e-06,"Ptprz1/Sox10/Jam2/Qki/Ptn/S100b/Zfp488/Sirt2/Trf",9
"GO:1901890","GO:1901890","positive regulation of cell junction assembly","12/363","133/28928",0.0902255639097744,7.19020692226434,8.06603944978183,1.25140227882778e-07,8.21822545735096e-06,5.32952687514575e-06,"Nlgn3/Adgrb1/Slitrk3/Ptprj/Cav1/Slitrk2/Ntrk2/Adgrl3/Il1rap/Lrrtm3/Pik3r1/Prkca",12
"GO:0022010","GO:0022010","central nervous system myelination","7/363","33/28928",0.212121212121212,16.9042491025962,10.3049689124829,1.49189048093008e-07,9.48652899461254e-06,6.15202290214776e-06,"Kcnj10/Cntn1/Sox10/Omg/Plp1/Clu/Fa2h",7
"GO:0032291","GO:0032291","axon ensheathment in central nervous system","7/363","33/28928",0.212121212121212,16.9042491025962,10.3049689124829,1.49189048093008e-07,9.48652899461254e-06,6.15202290214776e-06,"Kcnj10/Cntn1/Sox10/Omg/Plp1/Clu/Fa2h",7
"GO:0003015","GO:0003015","heart process","16/363","256/28928",0.0625,4.98071625344353,7.21174076103543,1.79682004220842e-07,1.12469704516983e-05,7.2936708292276e-06,"Epas1/S100a1/Adora1/Slc1a1/Ednrb/Cav1/Atp1a2/Hey2/Scn1b/Atp1b1/Ehd3/Pik3r1/Prkca/Kcnip1/Kcnd2/Fyn",16
"GO:0086009","GO:0086009","membrane repolarization","8/363","50/28928",0.16,12.7506336088154,9.37455426160744,1.93021130103335e-07,1.18960407260609e-05,7.71459350761183e-06,"Atp1b2/Cav1/Scn1b/Atp1b1/Kcnip1/Kcna1/Wdr1/Kcnd2",8
"GO:0048167","GO:0048167","regulation of synaptic plasticity","20/363","402/28928",0.0497512437810945,3.96474925647246,6.7478971188589,2.2201251354065e-07,1.34754868067249e-05,8.73886576424759e-06,"Serpine2/Tnr/Neto1/Kcnj10/Shisa7/Adora1/Nlgn3/Adgrb1/Slc1a1/Zdhhc2/Gria3/Grm5/Ntrk2/Ptn/Dbi/S100b/Shisa9/Gria1/Apoe/Shisa6",20
"GO:0030900","GO:0030900","forebrain development","22/363","480/28928",0.0458333333333333,3.65252525252525,6.60605480438262,2.2569445950317e-07,1.34945075338761e-05,8.7512007235479e-06,"Bcan/Atp1b2/Tnr/Olig2/Ascl1/Atp1a2/Ntrk2/Sox2/Ncam1/Dbi/Mfsd2a/Fabp7/Sema5a/Gria1/Tmem108/Cnp/Kcna1/Kcna2/B2m/Fyn/Gsx1/Bmp4",22
"GO:0030534","GO:0030534","adult behavior","14/363","198/28928",0.0707070707070707,5.6347497008654,7.37698606932777,2.37980367750751e-07,1.40198434295516e-05,9.09188154193271e-06,"Kcnj10/Pcdh15/Nlgn3/Slc1a1/Chrna4/Atp1a2/Pcdh17/Npc1/Chl1/Nrxn3/Ppt1/Atxn1/Cnp/Pmp22",14
"GO:0045665","GO:0045665","negative regulation of neuron differentiation","10/363","93/28928",0.10752688172043,8.56897419947273,8.24150293011714,2.74456301378118e-07,1.58359422487962e-05,1.02696233202903e-05,"Rap1gap/Gpr37l1/Olig2/Ascl1/Bmp7/Cav1/Sox2/Nkx2-2/Sox8/B2m",10
"GO:0045666","GO:0045666","positive regulation of neuron differentiation","11/363","117/28928",0.094017094017094,7.49235949235949,7.93239295519126,2.76713918476219e-07,1.58359422487962e-05,1.02696233202903e-05,"Ascl1/Brinp3/Bmp7/Mmd2/Brinp1/Sox2/S100b/Timp2/Etv5/Nkx2-2/Bmp4",11
"GO:1990778","GO:1990778","protein localization to cell periphery","20/363","409/28928",0.0488997555012225,3.89689291222965,6.65142724020381,2.92008538166166e-07,1.64758620266713e-05,1.06846118931668e-05,"Lrp1/Neto1/Kcnip3/Rab31/C1ql2/Slc1a1/Zdhhc2/Cd81/Dpp6/Atp1b1/Nrxn3/Pid1/Olfm2/Ehd3/Pik3r1/Dab2/Tmem108/Prkg2/Nfasc/Rhoq",20
"GO:0048259","GO:0048259","regulation of receptor-mediated endocytosis","12/363","144/28928",0.0833333333333333,6.64095500459137,7.64973172412825,2.9882868268486e-07,1.66264958727159e-05,1.07822980828397e-05,"Lrp1/Susd4/Hip1/Itgav/Tspan7/Sirt2/Ppt1/Prkca/Trf/Dab2/Clu/B2m",12
"GO:0031503","GO:0031503","protein-containing complex localization","16/363","272/28928",0.0588235294117647,4.68773294441744,6.88848991587501,4.06979212835079e-07,2.21237551521395e-05,1.43472758534514e-05,"Lrp1/Cacng4/Neto1/Susd4/C1ql2/Slc1a1/Zdhhc2/Hip1/Anks1b/Tspan7/Nrxn3/Olfm2/Sirt2/Dnm3/Tmem108/Shisa6",16
"GO:0048708","GO:0048708","astrocyte differentiation","10/363","97/28928",0.103092783505155,8.21561443866973,8.0244861004116,4.08676455631133e-07,2.21237551521395e-05,1.43472758534514e-05,"Lrp1/Serpine2/Gpr37l1/Plpp3/Sox6/Qki/Stat3/Nkx2-2/Plp1/Sox8",10
"GO:0001941","GO:0001941","postsynaptic membrane organization","8/363","55/28928",0.145454545454545,11.5914850989231,8.86298766706916,4.14492079551411e-07,2.21394036091061e-05,1.43574238923913e-05,"Shisa7/Nlgn3/Zdhhc2/Ptn/Etv5/Apoe/Fzd9/Shisa6",8
"GO:0031646","GO:0031646","positive regulation of nervous system process","8/363","56/28928",0.142857142857143,11.3844942935852,8.76857108589109,4.78325697719954e-07,2.5212799277186e-05,1.63505238500394e-05,"Tnr/Nlgn3/Sox10/Qki/S100b/Zfp488/Trf/Igsf9b",8
"GO:1902003","GO:1902003","regulation of amyloid-beta formation","7/363","39/28928",0.179487179487179,14.3035953945045,9.37179916658853,5.0348238647406e-07,2.61941615612349e-05,1.6986938206671e-05,"Gsap/Spon1/Ntrk2/Abcg1/Lrrtm3/Apoe/Clu",7
"GO:0042982","GO:0042982","amyloid precursor protein metabolic process","9/363","77/28928",0.116883116883117,9.31458624020608,8.23556625743639,5.31991471640884e-07,2.72177487997176e-05,1.76507354856407e-05,"Gsap/Spon1/Adam9/Ntrk2/Abcg1/Lrrtm3/Apoe/Soat1/Clu",9
"GO:0034767","GO:0034767","positive regulation of monoatomic ion transmembrane transport","13/363","181/28928",0.0718232044198895,5.72369602605665,7.18642440733881,5.36745420663427e-07,2.72177487997176e-05,1.76507354856407e-05,"Atp1b2/Nlgn3/P2rx7/Rgs7/Cav1/Dpp6/Scn1b/Atp1b1/Adcyap1r1/Dbi/Ehd3/Plp1/Bmp4",13
"GO:1903522","GO:1903522","regulation of blood circulation","16/363","279/28928",0.0573476702508961,4.57011957305212,6.75488603316643,5.71119871168809e-07,2.85988275487781e-05,1.85463663426924e-05,"Epas1/S100a1/Adora1/Slc1a1/Ednrb/Cav1/Atp1a2/Hey2/Scn1b/Atp1b1/Mmp2/Ehd3/Pik3r1/Prkca/Kcnip1/Kcnd2",16
"GO:0060047","GO:0060047","heart contraction","15/363","246/28928",0.0609756097560976,4.8592353692132,6.85254664280903,5.96057692891511e-07,2.94791002188073e-05,1.91172239903346e-05,"Epas1/S100a1/Adora1/Slc1a1/Ednrb/Cav1/Atp1a2/Hey2/Scn1b/Atp1b1/Ehd3/Pik3r1/Prkca/Kcnip1/Kcnd2",15
"GO:0001936","GO:0001936","regulation of endothelial cell proliferation","12/363","154/28928",0.0779220779220779,6.20972416013738,7.30739975286288,6.17028879514411e-07,3.01441181870089e-05,1.95484887630496e-05,"F3/Stat3/Cav1/Sema5a/Prkca/Apoe/Nr4a1/Sparc/Cav2/Plxnb3/Ppp1r16b/Bmp4",12
"GO:0001508","GO:0001508","action potential","13/363","184/28928",0.0706521739130435,5.63037489519703,7.10295985861354,6.47343531157144e-07,3.12440745278978e-05,2.02618114761678e-05,"P2rx7/Chrna4/Cav1/Dpp6/Atp1a2/Ntrk2/Scn1b/Gria1/Kcnip1/Kcna1/Kcna2/Kcnd2/Pmp22",13
"GO:1902993","GO:1902993","positive regulation of amyloid precursor protein catabolic process","6/363","26/28928",0.230769230769231,18.3903369357915,10.0004287100445,6.97691777868606e-07,3.32533835455018e-05,2.15648502483902e-05,"Gsap/Spon1/Abcg1/Lrrtm3/Apoe/Clu",6
"GO:0045765","GO:0045765","regulation of angiogenesis","17/363","319/28928",0.0532915360501567,4.2468803164158,6.57352288361067,7.05576036287482e-07,3.32533835455018e-05,2.15648502483902e-05,"Ddah1/S100a1/Adgrb1/Rhoj/F3/Epn2/Qki/Stat3/Itgb8/Sash1/Ptn/Sema5a/Prkca/Sparc/Tlr3/Fyn/Ppp1r16b",17
"GO:0001938","GO:0001938","positive regulation of endothelial cell proliferation","10/363","104/28928",0.0961538461538462,7.66264038991312,7.67315223111548,7.84812773535145e-07,3.6557674078858e-05,2.37076857415512e-05,"F3/Stat3/Cav1/Sema5a/Prkca/Nr4a1/Cav2/Plxnb3/Ppp1r16b/Bmp4",10
"GO:0098962","GO:0098962","regulation of postsynaptic neurotransmitter receptor activity","5/363","15/28928",0.333333333333333,26.5638200183655,11.1638167421133,8.19707232463082e-07,3.74770947438776e-05,2.43039309004624e-05,"Cacng4/Neto1/Shisa7/Shisa9/Shisa6",5
"GO:0043113","GO:0043113","receptor clustering","9/363","81/28928",0.111111111111111,8.85460667278849,7.9800299346823,8.23261192576442e-07,3.74770947438776e-05,2.43039309004624e-05,"Shisa7/Zdhhc2/Slitrk3/Cd81/Ptn/Etv5/Apoe/Fzd9/Shisa6",9
"GO:0043270","GO:0043270","positive regulation of monoatomic ion transport","15/363","253/28928",0.0592885375494071,4.72479012184366,6.70808026221863,8.49319355671911e-07,3.82289139193446e-05,2.47914863370583e-05,"Atp1b2/Cntn1/Adora1/Nlgn3/P2rx7/Rgs7/Cav1/Dpp6/Scn1b/Atp1b1/Adcyap1r1/Dbi/Ehd3/Plp1/Bmp4",15
"GO:0043524","GO:0043524","negative regulation of neuron apoptotic process","14/363","221/28928",0.0633484162895928,5.0483277862957,6.81029301005628,8.99180365145652e-07,3.97109502777914e-05,2.57525882979713e-05,"Ptprz1/Lrp1/Slc1a1/Chl1/Ntrk2/Faim2/Mdga2/Ppt1/Apoe/Fzd9/Erbb3/Clu/Grina/Fyn",14
"GO:0006865","GO:0006865","amino acid transport","13/363","190/28928",0.068421052631579,5.45257358271712,6.94140735556967,9.31339687163643e-07,3.97109502777914e-05,2.57525882979713e-05,"Slc38a3/Kcnj10/Adora1/Slc1a1/P2rx7/Slc6a9/Slc7a3/Ttyh1/Slc6a1/Slc1a3/Ntrk2/Slc25a18/Slc6a11",13
"GO:0034764","GO:0034764","positive regulation of transmembrane transport","15/363","255/28928",0.0588235294117647,4.68773294441744,6.667774165918,9.37620412610104e-07,3.97109502777914e-05,2.57525882979713e-05,"Atp1b2/Nlgn3/P2rx7/Rgs7/Cav1/Dpp6/Scn1b/Atp1b1/Adcyap1r1/Dbi/Ehd3/Plp1/Erbb3/Rhoq/Bmp4",15
"GO:0001755","GO:0001755","neural crest cell migration","8/363","61/28928",0.131147540983607,10.4513390236192,8.33000628894526,9.38979828854869e-07,3.97109502777914e-05,2.57525882979713e-05,"Sox10/Ednrb/Sema3d/Sema5b/Bmp7/Sema5a/Sox8/Bmp4",8
"GO:0042987","GO:0042987","amyloid precursor protein catabolic process","8/363","61/28928",0.131147540983607,10.4513390236192,8.33000628894526,9.38979828854869e-07,3.97109502777914e-05,2.57525882979713e-05,"Gsap/Spon1/Adam9/Ntrk2/Abcg1/Lrrtm3/Apoe/Clu",8
"GO:0050905","GO:0050905","neuromuscular process","14/363","222/28928",0.0630630630630631,5.02558757104212,6.78746060049788,9.48950272062009e-07,3.97109502777914e-05,2.57525882979713e-05,"Tnr/Pcdh15/Ascl1/Nlgn3/Gm2a/Npas3/Slc1a3/Grin3a/Sox2/Fabp7/Mdga2/Nr4a1/Kcna1/Pmp22",14
"GO:1901342","GO:1901342","regulation of vasculature development","17/363","326/28928",0.0521472392638037,4.15568963477497,6.45940891154274,9.5163535363654e-07,3.97109502777914e-05,2.57525882979713e-05,"Ddah1/S100a1/Adgrb1/Rhoj/F3/Epn2/Qki/Stat3/Itgb8/Sash1/Ptn/Sema5a/Prkca/Sparc/Tlr3/Fyn/Ppp1r16b",17
"GO:0007422","GO:0007422","peripheral nervous system development","9/363","83/28928",0.108433734939759,8.64124265657672,7.85878960609752,1.01464690201171e-06,4.19038710253495e-05,2.7174699448344e-05,"Ascl1/Sox10/Ednrb/Ntrk2/Sirt2/Erbb3/Sox8/Fa2h/Pmp22",9
"GO:0007264","GO:0007264","small GTPase-mediated signal transduction","20/363","444/28928",0.045045045045045,3.58970540788723,6.19910876623684,1.05254244267957e-06,4.30253574017792e-05,2.79019844095938e-05,"Rap1gap/Spry4/Spry1/Itgav/Dock10/Rhoj/Rasa3/Cdc42ep1/Mmd2/Rit2/Frmd7/Adcyap1r1/Syde1/Timp2/Rsu1/Arhgef3/Apoe/Tns3/Dock9/Rhoq",20
"GO:0031579","GO:0031579","membrane raft organization","6/363","28/28928",0.214285714285714,17.0767414403778,9.59436016540796,1.11774360842162e-06,4.47768089533699e-05,2.90378023745742e-05,"Cav1/Npc1/Ppt1/Cav2/Fa2h/Pmp22",6
"GO:1903909","GO:1903909","regulation of receptor clustering","6/363","28/28928",0.214285714285714,17.0767414403778,9.59436016540796,1.11774360842162e-06,4.47768089533699e-05,2.90378023745742e-05,"Shisa7/Zdhhc2/Cd81/Ptn/Fzd9/Shisa6",6
"GO:1904064","GO:1904064","positive regulation of cation transmembrane transport","12/363","163/28928",0.0736196319018405,5.86685595497642,7.02421832426103,1.13070690423494e-06,4.48476421620313e-05,2.90837377764651e-05,"Atp1b2/P2rx7/Rgs7/Cav1/Dpp6/Scn1b/Atp1b1/Adcyap1r1/Dbi/Ehd3/Plp1/Bmp4",12
"GO:0099565","GO:0099565","chemical synaptic transmission, postsynaptic","11/363","135/28928",0.0814814814814815,6.49337822671156,7.21191872151871,1.16771340724654e-06,4.55985010801809e-05,2.95706704852948e-05,"Neto1/Adora1/Nlgn3/P2rx7/Anks1b/Chrna4/Gria1/Atxn1/Tmem108/Igsf9b/Insyn2b",11
"GO:0043523","GO:0043523","regulation of neuron apoptotic process","17/363","331/28928",0.0513595166163142,4.09291486687806,6.37983756512607,1.17240279861673e-06,4.55985010801809e-05,2.95706704852948e-05,"Ptprz1/Lrp1/Kcnip3/Ascl1/Slc1a1/Chl1/Ntrk2/Mmp2/Faim2/Mdga2/Ppt1/Apoe/Fzd9/Erbb3/Clu/Grina/Fyn",17
"GO:0006814","GO:0006814","sodium ion transport","15/363","260/28928",0.0576923076923077,4.59758423394787,6.56881216661762,1.19558139279408e-06,4.60528755724333e-05,2.98653327673662e-05,"Slc38a3/Atp1b2/Serpine2/Neto1/Cntn1/Slc9a9/P2rx7/Slc6a9/Ednrb/Slc6a1/Atp1a2/Scn1b/Atp1b1/Slc4a4/Slc6a11",15
"GO:0090497","GO:0090497","mesenchymal cell migration","8/363","63/28928",0.126984126984127,10.1195504831868,8.16856598760989,1.20826150679459e-06,4.60980532973249e-05,2.98946305641007e-05,"Sox10/Ednrb/Sema3d/Sema5b/Bmp7/Sema5a/Sox8/Bmp4",8
"GO:0019228","GO:0019228","neuronal action potential","8/363","64/28928",0.125,9.96143250688705,8.09053169182678,1.36589779938627e-06,5.14205356289585e-05,3.33462653210367e-05,"P2rx7/Chrna4/Dpp6/Gria1/Kcna1/Kcna2/Kcnd2/Pmp22",8
"GO:0015800","GO:0015800","acidic amino acid transport","9/363","86/28928",0.104651162790698,8.33980395925428,7.68438111233038,1.37343916932066e-06,5.14205356289585e-05,3.33462653210367e-05,"Kcnj10/Adora1/Slc1a1/P2rx7/Ttyh1/Slc6a1/Slc1a3/Ntrk2/Slc25a18",9
"GO:1902991","GO:1902991","regulation of amyloid precursor protein catabolic process","7/363","46/28928",0.152173913043478,12.1269613127321,8.51392378591626,1.62482287438587e-06,6.02688929147201e-05,3.90844332747009e-05,"Gsap/Spon1/Ntrk2/Abcg1/Lrrtm3/Apoe/Clu",7
"GO:1904062","GO:1904062","regulation of monoatomic cation transmembrane transport","17/363","340/28928",0.05,3.98457300275482,6.24047537987852,1.68946287761988e-06,6.15350921425517e-05,3.99055646550746e-05,"Atp1b2/Neto1/Kcnip3/P2rx7/Rgs7/Cav1/Dpp6/Atp1a2/Scn1b/Atp1b1/Adcyap1r1/Dbi/Ehd3/Kcnip1/Plp1/Fyn/Bmp4",17
"GO:0003333","GO:0003333","amino acid transmembrane transport","10/363","113/28928",0.0884955752212389,7.05234159779614,7.26676704162252,1.68968051315045e-06,6.15350921425517e-05,3.99055646550746e-05,"Slc38a3/Kcnj10/Slc1a1/Slc6a9/Slc7a3/Ttyh1/Slc6a1/Slc1a3/Slc25a18/Slc6a11",10
"GO:0045807","GO:0045807","positive regulation of endocytosis","13/363","203/28928",0.0640394088669951,5.10339399367613,6.61377041066061,1.95558447496846e-06,7.05772198803933e-05,4.57693929276639e-05,"Lrp1/Rap1gap/Rab31/Hip1/Ptprj/Cav1/Dnm1/Ppt1/Trf/Dab2/Apoe/Clu/B2m",13
"GO:0043542","GO:0043542","endothelial cell migration","14/363","237/28928",0.0590717299578059,4.70751240831793,6.46058492335453,2.05653158211089e-06,7.35577278387162e-05,4.77022551188879e-05,"Adgrb1/Plpp3/Itgav/Rin2/Rhoj/Sash1/Ptn/Sema5a/Prkca/Apoe/Nr4a1/Tns3/Sparc/Bmp4",14
"GO:0043603","GO:0043603","amide metabolic process","20/363","466/28928",0.0429184549356223,3.4202343371286,5.9375265623166,2.20176131070549e-06,7.71796813147455e-05,5.00510953266921e-05,"Gsap/Spon1/Slc1a1/P2rx7/Gm2a/St6gal2/Plpp3/Itgb8/Ugt8a/Abhd4/Ntrk2/Acss1/Abcg1/Neu4/Lrrtm3/Pcsk1n/Apoe/Degs1/Clu/Fa2h",20
"GO:0048663","GO:0048663","neuron fate commitment","9/363","91/28928",0.0989010989010989,7.88157297248206,7.41175872131287,2.21559244912525e-06,7.71796813147455e-05,5.00510953266921e-05,"Olig1/Olig2/Ascl1/Eya1/Prrx1/Sox2/Nkx2-2/Gsx1/Bmp4",9
"GO:0060042","GO:0060042","retina morphogenesis in camera-type eye","9/363","91/28928",0.0989010989010989,7.88157297248206,7.41175872131287,2.21559244912525e-06,7.71796813147455e-05,5.00510953266921e-05,"Dscam/Slc1a1/Stat3/Ntrk2/Ptn/Sox2/Mfsd2a/Sox8/Megf11",9
"GO:0021781","GO:0021781","glial cell fate commitment","5/363","18/28928",0.277777777777778,22.1365166819712,10.1119175437206,2.26733011353676e-06,7.83010727140367e-05,5.0778318695179e-05,"Olig2/Ascl1/Sox6/Nkx2-2/Sox8",5
"GO:0007612","GO:0007612","learning","13/363","206/28928",0.0631067961165049,5.02907272192356,6.54213156221252,2.30148523442761e-06,7.88012807616838e-05,5.11027040806778e-05,"Tnr/Neto1/Nlgn3/Slc1a1/Grm5/Slc6a1/Atp1a2/Ntrk2/Ptn/Nrxn3/Ppt1/Gria1/Atxn1",13
"GO:0006836","GO:0006836","neurotransmitter transport","14/363","240/28928",0.0583333333333333,4.64866850321396,6.39849431693374,2.38293848043975e-06,8.08987419715393e-05,5.24629096318046e-05,"Cspg5/Kcnj10/P2rx7/Slc6a9/Slc6a1/Atp1a2/Ntrk2/Trim9/Syde1/Nrxn3/Ppt1/Prkca/Nr4a1/Slc6a11",14
"GO:0019722","GO:0019722","calcium-mediated signaling","14/363","241/28928",0.0580912863070539,4.62937942228776,6.3780250885599,2.50158059089626e-06,8.35110987260869e-05,5.41570254239647e-05,"Pdgfra/Gria3/Ednrb/Grm5/Grik3/Ptprj/Rit2/Tmem100/Atp1b1/Ncam1/Gria1/Car8/Itpr2/Erbb3",14
"GO:0050679","GO:0050679","positive regulation of epithelial cell proliferation","14/363","241/28928",0.0580912863070539,4.62937942228776,6.3780250885599,2.50158059089626e-06,8.35110987260869e-05,5.41570254239647e-05,"Ptprn/Eya1/F3/Stat3/Cav1/Ptn/Sema5a/Prkca/Nr4a1/Cav2/Tgfa/Plxnb3/Ppp1r16b/Bmp4",14
"GO:0034205","GO:0034205","amyloid-beta formation","7/363","49/28928",0.142857142857143,11.3844942935852,8.2012530594245,2.52478014285011e-06,8.35890020847731e-05,5.42075458247418e-05,"Gsap/Spon1/Ntrk2/Abcg1/Lrrtm3/Apoe/Clu",7
"GO:0050806","GO:0050806","positive regulation of synaptic transmission","17/363","351/28928",0.0484330484330484,3.85970034454883,6.07650227224286,2.59624450619932e-06,8.52504548511023e-05,5.52849994935283e-05,"Cacng4/Serpine2/Tnr/Shisa7/Adora1/Nlgn3/Slc1a1/Zdhhc2/Gria3/Slc1a3/Ntrk2/Ptn/Syde1/Dbi/S100b/Gria1/Apoe",17
"GO:0001935","GO:0001935","endothelial cell proliferation","12/363","177/28928",0.0677966101694915,5.40281085119298,6.62335571766039,2.68731453288566e-06,8.68175969253221e-05,5.63012925905077e-05,"F3/Stat3/Cav1/Sema5a/Prkca/Apoe/Nr4a1/Sparc/Cav2/Plxnb3/Ppp1r16b/Bmp4",12
"GO:1903034","GO:1903034","regulation of response to wounding","12/363","177/28928",0.0677966101694915,5.40281085119298,6.62335571766039,2.68731453288566e-06,8.68175969253221e-05,5.63012925905077e-05,"Lrp1/Xylt1/Serpine2/Tnr/Pdgfra/Stat3/Cav1/Ptn/Ajap1/Omg/Apoe/Anxa5",12
"GO:0099601","GO:0099601","regulation of neurotransmitter receptor activity","7/363","50/28928",0.14,11.1568044077135,8.10301105577935,2.90436881934376e-06,9.30792119223288e-05,6.03619557569718e-05,"Cacng4/Neto1/Shisa7/Nlgn3/Slc6a9/Shisa9/Shisa6",7
"GO:0051402","GO:0051402","neuron apoptotic process","18/363","398/28928",0.0452261306532663,3.60413638440135,5.89715131905165,3.45195230292451e-06,0.00010975016607552,7.11730850761711e-05,"Ptprz1/Lrp1/Kcnip3/Ascl1/Slc1a1/Minar2/Chl1/Ntrk2/Mmp2/Faim2/Mdga2/Ppt1/Apoe/Fzd9/Erbb3/Clu/Grina/Fyn",18
"GO:0051932","GO:0051932","synaptic transmission, GABAergic","8/363","73/28928",0.10958904109589,8.73331069096947,7.45768860450776,3.76073646926196e-06,0.000117699299186433,7.63281053136391e-05,"Adora1/Gabra3/Slc6a1/Gabbr2/Slitrk3/Dbi/Gabrg3/Gabrg1",8
"GO:0099084","GO:0099084","postsynaptic specialization organization","8/363","73/28928",0.10958904109589,8.73331069096947,7.45768860450776,3.76073646926196e-06,0.000117699299186433,7.63281053136391e-05,"Nlgn3/C1ql2/Slitrk3/Csmd2/Nrxn3/Adgrl3/Il1rap/Tmem108",8
"GO:1902004","GO:1902004","positive regulation of amyloid-beta formation","5/363","20/28928",0.25,19.9228650137741,9.54290855605089,4.01889395775797e-06,0.000124803792207585,8.09353756650074e-05,"Gsap/Abcg1/Lrrtm3/Apoe/Clu",5
"GO:0007405","GO:0007405","neuroblast proliferation","9/363","98/28928",0.0918367346938776,7.31860347444763,7.06317090307073,4.11903845545153e-06,0.000126929754250299,8.2314064032829e-05,"Bcan/Ascl1/Sox10/Vcan/Ncan/Ptn/Sox2/Fzd9/Kcna1",9
"GO:0007162","GO:0007162","negative regulation of cell adhesion","16/363","326/28928",0.049079754601227,3.91123730331762,5.95903728092907,4.32098603050494e-06,0.000132136412505365,8.56905867680691e-05,"Ptprz1/Lrp1/Dscam/Serpine2/Tnr/Spry4/Gpnmb/Jam2/Ajap1/Mmp2/Sema5a/Pik3r1/Erbb3/Tnc/Plxnb3/Bmp4",16
"GO:0062012","GO:0062012","regulation of small molecule metabolic process","18/363","405/28928",0.0444444444444444,3.5418426691154,5.80719584348386,4.39407672902856e-06,0.000133353571034003,8.64799152092703e-05,"Cpt1a/P2rx7/Qki/Stat3/Cav1/Abcg1/Me1/Adcyap1r1/Dbi/Mfsd2a/Pid1/Sirt2/Igfbp3/Cyp2j6/Dab2/Apoe/Slc4a4/Pgp",18
"GO:0048714","GO:0048714","positive regulation of oligodendrocyte differentiation","6/363","35/28928",0.171428571428571,13.6613931523022,8.44903470269343,4.47185041802301e-06,0.000134693479508272,8.73488471047155e-05,"Ptprz1/Olig2/Qki/Ptn/Zfp488/Nkx2-2",6
"GO:0043087","GO:0043087","regulation of GTPase activity","13/363","220/28928",0.0590909090909091,4.70904082143752,6.22528703890933,4.74118296776164e-06,0.000141740141558606,9.19186140175627e-05,"Rap1gap/Mtss2/Prex1/Spry1/Dock10/Rgs7/Ntrk2/Syde1/Rsu1/Tns3/Dock9/Cav2/Plxnb3",13
"GO:0098659","GO:0098659","inorganic cation import across plasma membrane","10/363","127/28928",0.078740157480315,6.27491811457452,6.71586094423388,4.87392274280578e-06,0.000143565694909411,9.31024870684571e-05,"Atp1b2/Kcnj10/Slc9a9/Slc6a1/Kcnj16/Cav1/Atp1a2/Atp1b1/Slc12a4/Fyn",10
"GO:0099587","GO:0099587","inorganic ion import across plasma membrane","10/363","127/28928",0.078740157480315,6.27491811457452,6.71586094423388,4.87392274280578e-06,0.000143565694909411,9.31024870684571e-05,"Atp1b2/Kcnj10/Slc9a9/Slc6a1/Kcnj16/Cav1/Atp1a2/Atp1b1/Slc12a4/Fyn",10
"GO:0099054","GO:0099054","presynapse assembly","7/363","54/28928",0.12962962962963,10.3303744515866,7.73624782127503,4.93273859406902e-06,0.000144237597137522,9.35382162901449e-05,"Nlgn3/Slitrk3/Pcdh17/Slitrk2/Il1rap/Lrrtm3/Mdga2",7
"GO:0048771","GO:0048771","tissue remodeling","13/363","222/28928",0.0585585585585586,4.66661703025339,6.18220773756932,5.23212464793098e-06,0.000151883270576895,9.84964426475489e-05,"Lrp1/Epas1/Cspg4/P2rx7/Gpnmb/Itgav/Cav1/Ptn/Mmp2/Prkca/Trf/Tns3/Cst3",13
"GO:0001570","GO:0001570","vasculogenesis","9/363","101/28928",0.0891089108910891,7.10121921283037,6.92413438475972,5.28890421940817e-06,0.000152426980596756,9.88490391026077e-05,"Itgav/Rin2/Qki/Itgb8/Ptprj/Cav1/Hey2/Ntrk2/Tmem100",9
"GO:0042176","GO:0042176","regulation of protein catabolic process","17/363","372/28928",0.0456989247311828,3.64181403477591,5.78113248965333,5.62206294977196e-06,0.000160871315548475,0.000104325198195768,"Lrp1/Serpine2/Adgrb1/Zdhhc2/Adam9/Cd81/Cav1/Timp2/Sirt2/Trf/Timp4/Dab2/Apoe/Clu/Trib2/Cst3/Fyn",17
"GO:0097120","GO:0097120","receptor localization to synapse","9/363","102/28928",0.0882352941176471,7.03159941662615,6.87904707401763,5.73736188184485e-06,0.000163006182260074,0.000105709661249668,"Cacng4/Neto1/C1ql2/Zdhhc2/Anks1b/Nrxn3/Olfm2/Tmem108/Shisa6",9
"GO:0072578","GO:0072578","neurotransmitter-gated ion channel clustering","5/363","22/28928",0.227272727272727,18.1116954670674,9.05103574296823,6.68670453791515e-06,0.00018864041111893,0.000122333482576535,"Shisa7/Zdhhc2/Slitrk3/Apoe/Shisa6",5
"GO:1902475","GO:1902475","L-alpha-amino acid transmembrane transport","8/363","79/28928",0.10126582278481,8.07002127140217,7.09343805249054,6.83746614754659e-06,0.000190727391919359,0.000123686891572372,"Slc38a3/Kcnj10/Slc1a1/Slc6a9/Slc7a3/Ttyh1/Slc1a3/Slc25a18",8
"GO:0048762","GO:0048762","mesenchymal cell differentiation","14/363","263/28928",0.0532319391634981,4.24213095350323,5.95415793012351,6.85590225571335e-06,0.000190727391919359,0.000123686891572372,"Sox10/Spry1/Ednrb/Qki/Sema3d/Sema5b/Bmp7/Hey2/Tmem100/Ncam1/Sema5a/Dab2/Sox8/Bmp4",14
"GO:0099590","GO:0099590","neurotransmitter receptor internalization","7/363","57/28928",0.12280701754386,9.78667053308202,7.48546446283175,7.13016839594466e-06,0.00019698934202865,0.000127747772059466,"Lrp1/Cacng4/Susd4/Hip1/Tspan7/Sirt2/Dnm3",7
"GO:0019233","GO:0019233","sensory perception of pain","9/363","105/28928",0.0857142857142857,6.83069657615112,6.7473524541937,7.28350336516741e-06,0.00019984735945795,0.000129601199028357,"Kcnip3/Adora1/P2rx7/Chrna4/Tmem100/Kcna1/Kcna2/Kcnd2/Fyn",9
"GO:0016311","GO:0016311","dephosphorylation","13/363","230/28928",0.0565217391304348,4.50429991615762,6.01488414656847,7.67530082472892e-06,0.000209165000706558,0.000135643698069681,"Ptprz1/Plpp4/Plpp3/Eya1/Ptprj/Plppr5/Nceh1/Mtmr10/Ptprt/Ptpre/Dusp6/Tns3/Dusp15",13
"GO:0045687","GO:0045687","positive regulation of glial cell differentiation","7/363","58/28928",0.120689655172414,9.61793483423578,7.40596587759124,8.02214044923159e-06,0.000217139828646093,0.000140815381427479,"Ptprz1/Serpine2/Olig2/Qki/Ptn/Zfp488/Nkx2-2",7
"GO:0048593","GO:0048593","camera-type eye morphogenesis","11/363","166/28928",0.0662650602409639,5.28075940124133,6.23524062846181,8.7028769539618e-06,0.000233984732064235,0.000151739317007261,"Dscam/Slc1a1/Stat3/Bmp7/Ntrk2/Ptn/Sox2/Mfsd2a/Sox8/Megf11/Bmp4",11
"GO:0009612","GO:0009612","response to mechanical stimulus","14/363","269/28928",0.0520446096654275,4.1475109322355,5.84656479436958,8.85887209940182e-06,0.000236590944201358,0.000153429448009289,"Serpine2/Pcdh15/P2rx7/Slc1a3/Cav1/Atp1a2/Ptn/Sox2/Mmp2/Kcna1/Tnc/Tlr3/Cnn2/Fyn",14
"GO:0097106","GO:0097106","postsynaptic density organization","7/363","59/28928",0.11864406779661,9.45491898958771,7.32837159083096,9.00476420385483e-06,0.000238894605302268,0.00015492337438211,"C1ql2/Slitrk3/Csmd2/Nrxn3/Adgrl3/Il1rap/Tmem108",7
"GO:0043266","GO:0043266","regulation of potassium ion transport","9/363","108/28928",0.0833333333333333,6.64095500459137,6.62072304692549,9.17309914255438e-06,0.000241759441875479,0.00015678122357219,"Atp1b2/Neto1/Kcnip3/Adora1/Rgs7/Cav1/Dpp6/Atp1b1/Kcnip1",9
"GO:0010810","GO:0010810","regulation of cell-substrate adhesion","13/363","235/28928",0.0553191489361702,4.40846374772874,5.91415261475758,9.66984452238482e-06,0.0002531856023312,0.000164191099286176,"Cspg5/Ptprz1/Lrp1/Prex1/Spry4/Rin2/Ptprj/Ptn/Ajap1/Pik3r1/Rsu1/Dab2/Lims2",13
"GO:1901888","GO:1901888","regulation of cell junction assembly","15/363","309/28928",0.0485436893203883,3.86851747840274,5.71475227196377,9.79664133174589e-06,0.000254839903733598,0.000165263915288782,"Lrp1/Nlgn3/Adgrb1/Dock10/Slitrk3/Ptprj/Cav1/Slitrk2/Ntrk2/Adgrl3/Il1rap/Lrrtm3/Mdga2/Pik3r1/Prkca",15
"GO:0001964","GO:0001964","startle response","6/363","40/28928",0.15,11.9537190082645,7.8148518627693,1.00304584972355e-05,0.000259238817676938,0.000168116615084395,"Pcdh15/Nlgn3/Npas3/Grin3a/Fabp7/Kcna1",6
"GO:0006816","GO:0006816","calcium ion transport","19/363","473/28928",0.040169133192389,3.20113687324912,5.44109389744848,1.01137706137366e-05,0.000259716442811723,0.000168426355429838,"Cacng4/Plpp4/P2rx7/Itgav/Ednrb/Chrna4/Grin3a/Cav1/Atp1a2/Atp1b1/Adcyap1r1/Dbi/Ehd3/Calcrl/Mcur1/Plp1/Itpr2/Fyn/Bmp4",19
"GO:0062013","GO:0062013","positive regulation of small molecule metabolic process","12/363","202/28928",0.0594059405940594,4.73414614188692,6.0036769244754,1.04088343020569e-05,0.000265591020471592,0.000172236024522135,"Cpt1a/P2rx7/Qki/Stat3/Abcg1/Adcyap1r1/Pid1/Sirt2/Cyp2j6/Dab2/Apoe/Slc4a4",12
"GO:0050680","GO:0050680","negative regulation of epithelial cell proliferation","11/363","170/28928",0.0647058823529412,5.15650623885918,6.12719149700151,1.09051263655366e-05,0.000276493267217339,0.000179306141706491,"Rap1gap/Cav1/Ptn/Sox2/Dab2/Apoe/Lims2/Sparc/Cav2/B2m/Bmp4",11
"GO:0019227","GO:0019227","neuronal action potential propagation","4/363","12/28928",0.333333333333333,26.5638200183655,9.98470325874143,1.11486761999521e-05,0.000280890546270492,0.000182157781274293,"Atp1a2/Ntrk2/Scn1b/Pmp22",4
"GO:0050435","GO:0050435","amyloid-beta metabolic process","7/363","61/28928",0.114754098360656,9.1449216456668,7.1785858450129,1.12707525923431e-05,0.00028219146803079,0.00018300143024936,"Gsap/Spon1/Ntrk2/Abcg1/Lrrtm3/Apoe/Clu",7
"GO:1901379","GO:1901379","regulation of potassium ion transmembrane transport","8/363","85/28928",0.0941176470588235,7.5003727110679,6.76574152869475,1.18158768852795e-05,0.000292947896691988,0.000189976984269865,"Atp1b2/Neto1/Kcnip3/Rgs7/Cav1/Dpp6/Atp1b1/Kcnip1",8
"GO:0010721","GO:0010721","negative regulation of cell development","15/363","314/28928",0.0477707006369427,3.80691688161289,5.63758348495386,1.18466198861962e-05,0.000292947896691988,0.000189976984269865,"Tnr/Gpr37l1/Tmem176a/Sox10/Ednrb/Tmem176b/Qki/Bmp7/Brinp1/Ptn/Sema5a/Sirt2/Pik3r1/B2m/Bmp4",15
"GO:0099003","GO:0099003","vesicle-mediated transport in synapse","15/363","317/28928",0.0473186119873817,3.77088927705504,5.59203885764187,1.32517514406368e-05,0.000325684148903014,0.000211206474365462,"Cspg5/Lrp1/Susd4/Nlgn3/P2rx7/Hip1/Tspan7/Scamp5/Pcdh17/Dnm1/Trim9/Syde1/Sirt2/Prkca/Dnm3",15
"GO:0070570","GO:0070570","regulation of neuron projection regeneration","6/363","42/28928",0.142857142857143,11.3844942935852,7.5919648707812,1.34217427052551e-05,0.000325863644104556,0.000211322877171097,"Lrp1/Xylt1/Tnr/Prrx1/Ptn/Omg",6
"GO:0071827","GO:0071827","plasma lipoprotein particle organization","6/363","42/28928",0.142857142857143,11.3844942935852,7.5919648707812,1.34217427052551e-05,0.000325863644104556,0.000211322877171097,"Abcg1/Mfsd2a/Lcat/Pla2g7/Apoe/Soat1",6
"GO:0051963","GO:0051963","regulation of synapse assembly","12/363","208/28928",0.0576923076923077,4.59758423394787,5.87000291781411,1.39669452027668e-05,0.000336755038982099,0.0002183859569088,"Nlgn3/Adgrb1/Dock10/Slitrk3/Slitrk2/Ntrk2/Adgrl3/Il1rap/Lrrtm3/Mdga2/Pik3r1/Prkca",12
"GO:0014032","GO:0014032","neural crest cell development","8/363","87/28928",0.0919540229885057,7.32795034989392,6.66354642979104,1.4038465179733e-05,0.000336755038982099,0.0002183859569088,"Sox10/Ednrb/Sema3d/Sema5b/Bmp7/Sema5a/Sox8/Bmp4",8
"GO:0040013","GO:0040013","negative regulation of locomotion","16/363","360/28928",0.0444444444444444,3.5418426691154,5.47076290763109,1.49175093485308e-05,0.000355711562203657,0.00023067927990084,"Lrp1/Atp1b2/Abhd2/Adora1/Adgrb1/Stat3/Ptprj/Cav1/Ptn/Sema5a/Igfbp3/Ptprt/Apoe/Cdh11/Plxnb3/Cnn2",16
"GO:0007613","GO:0007613","memory","11/363","176/28928",0.0625,4.98071625344353,5.97133480504326,1.51134240283972e-05,0.000358250749454197,0.000232325945201397,"Neto1/Shisa7/Slc1a1/Slc6a1/Brinp1/Ntrk2/Ptn/S100b/Gria1/Atxn1/Apoe",11
"GO:0051966","GO:0051966","regulation of synaptic transmission, glutamatergic","8/363","88/28928",0.0909090909090909,7.24467818682695,6.61365698341091,1.52753817340274e-05,0.00035947803545337,0.000233121841316687,"Cacng4/Serpine2/Tnr/Adora1/Nlgn3/Grm5/Grik3/Ntrk2",8
"GO:0070588","GO:0070588","calcium ion transmembrane transport","16/363","361/28928",0.0443213296398892,3.53203147058599,5.45730565860155,1.54340761755706e-05,0.00035947803545337,0.000233121841316687,"Cacng4/P2rx7/Itgav/Ednrb/Grin3a/Cav1/Atp1a2/Atp1b1/Adcyap1r1/Dbi/Ehd3/Mcur1/Plp1/Itpr2/Fyn/Bmp4",16
"GO:0099174","GO:0099174","regulation of presynapse organization","6/363","43/28928",0.13953488372093,11.119738612339,7.48609325758057,1.5434403918617e-05,0.00035947803545337,0.000233121841316687,"Nlgn3/Slitrk3/Slitrk2/Il1rap/Lrrtm3/Mdga2",6
"GO:0098870","GO:0098870","action potential propagation","4/363","13/28928",0.307692307692308,24.520449247722,9.56188655046389,1.59442448257758e-05,0.000367596334579662,0.000238386565872929,"Atp1a2/Ntrk2/Scn1b/Pmp22",4
"GO:0070371","GO:0070371","ERK1 and ERK2 cascade","16/363","362/28928",0.0441988950276243,3.52227447757332,5.44389588660686,1.59664908179883e-05,0.000367596334579662,0.000238386565872929,"Lrp1/Pdgfra/Zfp36l2/Spry4/Gpnmb/Spry1/Itgav/Cav1/Ndrg2/Prkca/Trf/Dab2/Apoe/Dusp6/Bmp4/Dusp15",16
"GO:0008344","GO:0008344","adult locomotory behavior","9/363","116/28928",0.0775862068965517,6.182958107723,6.30533094699933,1.63764853145071e-05,0.000374881143828089,0.000243110771465886,"Kcnj10/Pcdh15/Atp1a2/Npc1/Chl1/Ppt1/Atxn1/Cnp/Pmp22",9
"GO:0060560","GO:0060560","developmental growth involved in morphogenesis","14/363","286/28928",0.048951048951049,3.90098056213759,5.55794265198883,1.76198010383912e-05,0.000401050698635199,0.000260081752169554,"Lrp1/Bcan/Dscam/Tnr/Nlgn3/Spry1/Sema5b/S100b/Sema5a/Omg/Apoe/Tmem108/Tnc/Bmp4",14
"GO:0002028","GO:0002028","regulation of sodium ion transport","8/363","90/28928",0.0888888888888889,7.08368533823079,6.51618379324934,1.8025490597999e-05,0.000407966753308384,0.000264566820076488,"Atp1b2/Serpine2/Neto1/Cntn1/P2rx7/Atp1a2/Scn1b/Atp1b1",8
"GO:0030336","GO:0030336","negative regulation of cell migration","15/363","326/28928",0.0460122699386503,3.66678497186026,5.4586656503154,1.83951263084245e-05,0.000413993685345779,0.000268475291124729,"Lrp1/Atp1b2/Abhd2/Adora1/Adgrb1/Stat3/Ptprj/Cav1/Ptn/Igfbp3/Ptprt/Apoe/Cdh11/Plxnb3/Cnn2",15
"GO:0010594","GO:0010594","regulation of endothelial cell migration","11/363","181/28928",0.0607734806629834,4.84312740666332,5.84676584678837,1.96320326829299e-05,0.000439362697920766,0.00028492711944411,"Adgrb1/Plpp3/Rin2/Rhoj/Sash1/Ptn/Sema5a/Prkca/Apoe/Sparc/Bmp4",11
"GO:0060485","GO:0060485","mesenchyme development","15/363","328/28928",0.0457317073170732,3.6444265269099,5.42966839014646,1.97533439679411e-05,0.000439621644086511,0.000285095046274144,"Sox10/Spry1/Ednrb/Qki/Sema3d/Sema5b/Bmp7/Hey2/Tmem100/Ncam1/Sema5a/Dab2/Erbb3/Sox8/Bmp4",15
"GO:0006936","GO:0006936","muscle contraction","15/363","329/28928",0.0455927051671733,3.63334924263357,5.41525462037036,2.04651410537303e-05,0.000452946713045544,0.000293736365923852,"Sulf2/Adora1/Ednrb/Gucy1a1/Cav1/Atp1a2/Scn1b/Atp1b1/Ehd3/Prkca/Calcrl/Kcnip1/Nr4a1/Kcna1/Kcnd2",15
"GO:0021953","GO:0021953","central nervous system neuron differentiation","13/363","253/28928",0.0513833992094862,4.09481810559784,5.57354577579313,2.11410324311397e-05,0.000465335032522779,0.000301770202660803,"Olig2/Ascl1/Brinp3/Brinp1/Ntrk2/Scn1b/Sox2/Faim2/Nkx2-2/Prkca/Cdh11/B2m/Gsx1",13
"GO:0048484","GO:0048484","enteric nervous system development","4/363","14/28928",0.285714285714286,22.7689885871704,9.18408886484496,2.21010815881042e-05,0.000478578015361867,0.000310358289385156,"Ascl1/Sox10/Ednrb/Sox8",4
"GO:0097113","GO:0097113","AMPA glutamate receptor clustering","4/363","14/28928",0.285714285714286,22.7689885871704,9.18408886484496,2.21010815881042e-05,0.000478578015361867,0.000310358289385156,"Shisa7/Zdhhc2/Apoe/Shisa6",4
"GO:0097688","GO:0097688","glutamate receptor clustering","4/363","14/28928",0.285714285714286,22.7689885871704,9.18408886484496,2.21010815881042e-05,0.000478578015361867,0.000310358289385156,"Shisa7/Zdhhc2/Apoe/Shisa6",4
"GO:0071825","GO:0071825","protein-lipid complex organization","6/363","46/28928",0.130434782608696,10.3945382680561,7.188340155958,2.29748782990242e-05,0.000492178408908508,0.000319178157286754,"Abcg1/Mfsd2a/Lcat/Pla2g7/Apoe/Soat1",6
"GO:0098698","GO:0098698","postsynaptic specialization assembly","6/363","46/28928",0.130434782608696,10.3945382680561,7.188340155958,2.29748782990242e-05,0.000492178408908508,0.000319178157286754,"Nlgn3/C1ql2/Slitrk3/Csmd2/Nrxn3/Il1rap",6
"GO:0099172","GO:0099172","presynapse organization","7/363","68/28928",0.102941176470588,8.20353265273051,6.70408818305001,2.32319441236278e-05,0.000495038128506666,0.000321032688113737,"Nlgn3/Slitrk3/Pcdh17/Slitrk2/Il1rap/Lrrtm3/Mdga2",7
"GO:0030198","GO:0030198","extracellular matrix organization","15/363","333/28928",0.045045045045045,3.58970540788723,5.358155659476,2.35444347552166e-05,0.000499042357827502,0.00032362943456349,"Sulf2/Tnr/Pdgfra/Antxr1/Aebp1/Matn4/Mmp16/Cav1/Mmp15/Mmp2/Sema5a/Cyp2j6/Cav2/Cst3/Pmp22",15
"GO:0045229","GO:0045229","external encapsulating structure organization","15/363","334/28928",0.0449101796407186,3.57895778690553,5.34401793061591,2.43754608649379e-05,0.000512310299419093,0.000332233707062123,"Sulf2/Tnr/Pdgfra/Antxr1/Aebp1/Matn4/Mmp16/Cav1/Mmp15/Mmp2/Sema5a/Cyp2j6/Cav2/Cst3/Pmp22",15
"GO:0003012","GO:0003012","muscle system process","18/363","460/28928",0.0391304347826087,3.11836148041682,5.16283688507823,2.44261775309653e-05,0.000512310299419093,0.000332233707062123,"Sulf2/Adora1/Gatm/Ednrb/Gucy1a1/Cav1/Atp1a2/Hey2/Scn1b/Atp1b1/Ehd3/Prkca/Calcrl/Kcnip1/Nr4a1/Kcna1/Kcnd2/Bmp4",18
"GO:0043062","GO:0043062","extracellular structure organization","15/363","335/28928",0.0447761194029851,3.56827433082521,5.32993421358957,2.5232287975454e-05,0.000526461175154525,0.000341410563176647,"Sulf2/Tnr/Pdgfra/Antxr1/Aebp1/Matn4/Mmp16/Cav1/Mmp15/Mmp2/Sema5a/Cyp2j6/Cav2/Cst3/Pmp22",15
"GO:0036293","GO:0036293","response to decreased oxygen levels","16/363","379/28928",0.0422163588390501,3.36428327409378,5.2228981953559,2.78872024300508e-05,0.000576338032387871,0.000373755751618169,"Ddah1/Epas1/Cpt1a/Adora1/Slc1a1/Cryab/Arnt2/Stat3/Chrna4/Cav1/Sox2/Atp1b1/Mmp2/Sirt2/Itpr2/Kcnd2",16
"GO:0031643","GO:0031643","positive regulation of myelination","5/363","29/28928",0.172413793103448,13.7399069060511,7.73769740725065,2.80543974826847e-05,0.000576338032387871,0.000373755751618169,"Sox10/Qki/S100b/Zfp488/Trf",5
"GO:0035235","GO:0035235","ionotropic glutamate receptor signaling pathway","5/363","29/28928",0.172413793103448,13.7399069060511,7.73769740725065,2.80543974826847e-05,0.000576338032387871,0.000373755751618169,"Gria3/Grik3/Grin3a/Gria1/Plp1",5
"GO:1903035","GO:1903035","negative regulation of response to wounding","8/363","96/28928",0.0833333333333333,6.64095500459137,6.2407784257614,2.88897909746338e-05,0.00059047195226726,0.000382921611844233,"Xylt1/Serpine2/Tnr/Pdgfra/Stat3/Ajap1/Apoe/Anxa5",8
"GO:0055088","GO:0055088","lipid homeostasis","11/363","189/28928",0.0582010582010582,4.63812730479397,5.65667026378185,2.92957968619256e-05,0.0005957307727354,0.000386331961823309,"Adora1/Minar2/Cav1/Abhd4/Npc1/Abcg1/Lcat/Scd1/Apoe/Soat1/Tlcd1",11
"GO:1990573","GO:1990573","potassium ion import across plasma membrane","6/363","48/28928",0.125,9.96143250688705,7.00466481826775,2.94711060848723e-05,0.000596082687705597,0.000386560179009752,"Atp1b2/Kcnj10/Kcnj16/Atp1a2/Atp1b1/Slc12a4",6
"GO:0046942","GO:0046942","carboxylic acid transport","16/363","381/28928",0.041994750656168,3.34662299443974,5.19772703695283,2.97110318534322e-05,0.000596082687705597,0.000386560179009752,"Slc38a3/Kcnj10/Adora1/Slc1a1/P2rx7/Slc6a9/Slc7a3/Ttyh1/Slc6a1/Slc1a3/Ntrk2/Mfsd2a/Fabp7/Apoe/Slc25a18/Slc6a11",16
"GO:0033555","GO:0033555","multicellular organismal response to stress","9/363","125/28928",0.072,5.73778512396694,5.98410768861682,2.9759495142566e-05,0.000596082687705597,0.000386560179009752,"Kcnip3/Slc1a1/Ednrb/Atp1a2/Brinp1/Ncam1/Dbi/Gria1/Apoe",9
"GO:0090596","GO:0090596","sensory organ morphogenesis","15/363","341/28928",0.0439882697947214,3.50548944523885,5.24654463923871,3.09545026038386e-05,0.00061693401706954,0.000400082285552625,"Dscam/Pcdh15/Slc1a1/Eya1/Prrx1/Stat3/Bmp7/Ntrk2/Ptn/Sox2/Mfsd2a/Sox8/Sparc/Megf11/Bmp4",15
"GO:0015849","GO:0015849","organic acid transport","16/363","383/28928",0.0417754569190601,3.32914715634868,5.17272258556929,3.16396610405582e-05,0.000624928603299626,0.000405266782180276,"Slc38a3/Kcnj10/Adora1/Slc1a1/P2rx7/Slc6a9/Slc7a3/Ttyh1/Slc6a1/Slc1a3/Ntrk2/Mfsd2a/Fabp7/Apoe/Slc25a18/Slc6a11",16
"GO:0060291","GO:0060291","long-term synaptic potentiation","13/363","263/28928",0.0494296577946768,3.93912159968157,5.39768270662602,3.16676251796865e-05,0.000624928603299626,0.000405266782180276,"Serpine2/Tnr/Shisa7/Adora1/Nlgn3/Slc1a1/Zdhhc2/Gria3/Ntrk2/Ptn/Dbi/Gria1/Apoe",13
"GO:2000146","GO:2000146","negative regulation of cell motility","15/363","342/28928",0.043859649122807,3.49523947610072,5.23282832623183,3.2011974372862e-05,0.000628627300674928,0.000407665390878346,"Lrp1/Atp1b2/Abhd2/Adora1/Adgrb1/Stat3/Ptprj/Cav1/Ptn/Igfbp3/Ptprt/Apoe/Cdh11/Plxnb3/Cnn2",15
"GO:0048864","GO:0048864","stem cell development","8/363","98/28928",0.0816326530612245,6.50542531062012,6.15416998712686,3.35491180117744e-05,0.000655598862220333,0.000425156473699919,"Sox10/Ednrb/Sema3d/Sema5b/Bmp7/Sema5a/Sox8/Bmp4",8
"GO:0006821","GO:0006821","chloride transport","9/363","128/28928",0.0703125,5.60330578512397,5.88391597147519,3.59021854023086e-05,0.000698175508357516,0.000452767468435859,"Slc1a1/Ttyh1/Gabra3/Slc6a1/Slc1a3/Slc12a4/Gabrg3/Prkg2/Gabrg1",9
"GO:0006979","GO:0006979","response to oxidative stress","17/363","434/28928",0.0391705069124424,3.12155488695078,5.02007635532026,4.04360195935436e-05,0.000781306618598981,0.000506678070973089,"Epas1/Gpr37l1/Ptprn/Pdgfra/Slc1a1/Adam9/Cryab/Chrna4/Adcyap1r1/Mmp2/Etv5/Sirt2/Prkca/Apoe/Cst3/Fyn/Bmp4",17
"GO:0008306","GO:0008306","associative learning","9/363","130/28928",0.0692307692307692,5.51710108073744,5.81886414392136,4.05670935268568e-05,0.000781306618598981,0.000506678070973089,"Tnr/Neto1/Nlgn3/Slc1a1/Slc6a1/Atp1a2/Ppt1/Gria1/Atxn1",9
"GO:0007601","GO:0007601","visual perception","10/363","162/28928",0.0617283950617284,4.91922592932694,5.63905025534323,4.0912153453542e-05,0.000784182233181289,0.000508542909712121,"Epas1/Kcnj10/Pcdh15/Rlbp1/Sema5b/Sema5a/Olfm2/Ppt1/Gucy2f/Elfn1",10
"GO:0014033","GO:0014033","neural crest cell differentiation","8/363","101/28928",0.0792079207920792,6.31219485584922,6.02868865661784,4.17049296702873e-05,0.000791840033786755,0.000513509000548049,"Sox10/Ednrb/Sema3d/Sema5b/Bmp7/Sema5a/Sox8/Bmp4",8
"GO:0098884","GO:0098884","postsynaptic neurotransmitter receptor internalization","6/363","51/28928",0.117647058823529,9.37546588883487,6.74847932861649,4.19046647935077e-05,0.000791840033786755,0.000513509000548049,"Lrp1/Susd4/Hip1/Tspan7/Sirt2/Dnm3",6
"GO:0140239","GO:0140239","postsynaptic endocytosis","6/363","51/28928",0.117647058823529,9.37546588883487,6.74847932861649,4.19046647935077e-05,0.000791840033786755,0.000513509000548049,"Lrp1/Susd4/Hip1/Tspan7/Sirt2/Dnm3",6
"GO:0022612","GO:0022612","gland morphogenesis","10/363","163/28928",0.0613496932515337,4.88904662914702,5.61296920415891,4.3107994779515e-05,0.000806965547134286,0.000523317910063173,"Sulf2/Bmp7/Cav1/Ptn/Mmp2/Etv5/Lims2/Tgfa/Tnc/Bmp4",10
"GO:0050768","GO:0050768","negative regulation of neurogenesis","10/363","163/28928",0.0613496932515337,4.88904662914702,5.61296920415891,4.3107994779515e-05,0.000806965547134286,0.000523317910063173,"Tnr/Gpr37l1/Sox10/Bmp7/Brinp1/Ptn/Sema5a/Sirt2/B2m/Bmp4",10
"GO:0006935","GO:0006935","chemotaxis","18/363","481/28928",0.0374220374220374,2.98221680039862,4.94189314380732,4.36564405785913e-05,0.000813431167245753,0.000527510870736663,"Lrp1/Dscam/Cmtm5/Pdgfra/Prex1/Itgav/Ednrb/Sema3d/Ptprj/Ptn/Mmp2/Sema5a/Pde4b/Prkca/Pla2g7/Nr4a1/Plxnb3/Bmp4",18
"GO:0034248","GO:0034248","regulation of amide metabolic process","7/363","75/28928",0.0933333333333333,7.43786960514233,6.29310844934751,4.41255696085235e-05,0.000818365888202524,0.000530711041880293,"Gsap/Spon1/Ntrk2/Abcg1/Lrrtm3/Apoe/Clu",7
"GO:0015807","GO:0015807","L-amino acid transport","8/363","102/28928",0.0784313725490196,6.25031059255658,5.98798614176083,4.47659992693036e-05,0.000823912474385059,0.000534308008193585,"Slc38a3/Kcnj10/Slc1a1/Slc6a9/Slc7a3/Ttyh1/Slc1a3/Slc25a18",8
"GO:0032412","GO:0032412","regulation of monoatomic ion transmembrane transporter activity","11/363","198/28928",0.0555555555555556,4.42730333639425,5.45513147413765,4.48359758901505e-05,0.000823912474385059,0.000534308008193585,"Cacng4/Atp1b2/Neto1/Nlgn3/Slc6a9/Cav1/Atp1a2/Scn1b/Atp1b1/Shisa9/Ehd3",11
"GO:0042330","GO:0042330","taxis","18/363","483/28928",0.0372670807453416,2.96986807658744,4.92147898038426,4.60512448094824e-05,0.000842380304597199,0.000546284413313158,"Lrp1/Dscam/Cmtm5/Pdgfra/Prex1/Itgav/Ednrb/Sema3d/Ptprj/Ptn/Mmp2/Sema5a/Pde4b/Prkca/Pla2g7/Nr4a1/Plxnb3/Bmp4",18
"GO:0045165","GO:0045165","cell fate commitment","14/363","314/28928",0.0445859872611465,3.55312242283869,5.12784717650427,4.89814558388385e-05,0.000890375827343544,0.00057740955458493,"Olig1/Epas1/Olig2/Ascl1/Eya1/Prrx1/Sox6/Stat3/Hey2/Sox2/Nkx2-2/Sox8/Gsx1/Bmp4",14
"GO:0048592","GO:0048592","eye morphogenesis","11/363","200/28928",0.055,4.3830303030303,5.41197878918214,4.91195850831061e-05,0.000890375827343544,0.00057740955458493,"Dscam/Slc1a1/Stat3/Bmp7/Ntrk2/Ptn/Sox2/Mfsd2a/Sox8/Megf11/Bmp4",11
"GO:0050953","GO:0050953","sensory perception of light stimulus","10/363","166/28928",0.0602409638554217,4.80069036476484,5.53598480019996,5.03091813191819e-05,0.000907831443083975,0.000588729537675395,"Epas1/Kcnj10/Pcdh15/Rlbp1/Sema5b/Sema5a/Olfm2/Ppt1/Gucy2f/Elfn1",10
"GO:0072659","GO:0072659","protein localization to plasma membrane","14/363","315/28928",0.0444444444444444,3.5418426691154,5.11340440659939,5.06875911315338e-05,0.000908112930034663,0.00058891208222549,"Lrp1/Kcnip3/Rab31/Zdhhc2/Cd81/Dpp6/Atp1b1/Pid1/Ehd3/Pik3r1/Dab2/Prkg2/Nfasc/Rhoq",14
"GO:0010524","GO:0010524","positive regulation of calcium ion transport into cytosol","4/363","17/28928",0.235294117647059,18.7509317776697,8.25281205472578,5.10048450468794e-05,0.000908112930034663,0.00058891208222549,"P2rx7/Cav1/Adcyap1r1/Bmp4",4
"GO:0061000","GO:0061000","negative regulation of dendritic spine development","4/363","17/28928",0.235294117647059,18.7509317776697,8.25281205472578,5.10048450468794e-05,0.000908112930034663,0.00058891208222549,"Nlgn3/Grin3a/Dnm3/Apoe",4
"GO:0048545","GO:0048545","response to steroid hormone","15/363","357/28928",0.0420168067226891,3.34838067458388,5.03300986198484,5.21655288115109e-05,0.000924668621322623,0.000599648463469068,"Abhd2/Sox10/Zfp36l2/Adam9/Cav1/Cdo1/Atp1a2/Npc1/Ntrk2/Lbh/Pik3r1/Lcat/Nkx2-2/Dab2/Bmp4",15
"GO:0070482","GO:0070482","response to oxygen levels","17/363","444/28928",0.0382882882882883,3.05124959670414,4.91017986754043,5.35827218488694e-05,0.000945376491321583,0.000613077536479929,"Ddah1/Epas1/Cpt1a/Adora1/Slc1a1/Gucy1a1/Cryab/Arnt2/Stat3/Chrna4/Cav1/Sox2/Atp1b1/Mmp2/Sirt2/Itpr2/Kcnd2",17
"GO:0099505","GO:0099505","regulation of presynaptic membrane potential","5/363","33/28928",0.151515151515152,12.0744636447116,7.17556690950882,5.38057513782628e-05,0.000945376491321583,0.000613077536479929,"Gria3/Grik3/Gria1/Kcna1/Kcna2",5
"GO:0006672","GO:0006672","ceramide metabolic process","8/363","105/28928",0.0761904761904762,6.07173028991211,5.86906750706557,5.50948672771458e-05,0.000963799293939938,0.000625024741162931,"P2rx7/Gm2a/Plpp3/Itgb8/Ugt8a/Neu4/Degs1/Fa2h",8
"GO:0001667","GO:0001667","ameboidal-type cell migration","13/363","278/28928",0.0467625899280576,3.72657906732465,5.14951203069244,5.59820034719873e-05,0.000975060460472961,0.00063232761816414,"Sox10/Ednrb/Arsb/Adam9/Sema3d/Sema5b/Bmp7/Sash1/Syde1/Sema5a/Sox8/Pmp22/Bmp4",13
"GO:0006937","GO:0006937","regulation of muscle contraction","10/363","169/28928",0.0591715976331361,4.7154710091773,5.46082469601012,5.85113869038004e-05,0.00101470396509361,0.000658036467890542,"Adora1/Gucy1a1/Cav1/Atp1a2/Atp1b1/Ehd3/Prkca/Calcrl/Nr4a1/Kcna1",10
"GO:0048168","GO:0048168","regulation of neuronal synaptic plasticity","7/363","79/28928",0.0886075949367089,7.0612686124769,6.0813442805361,6.17404118488259e-05,0.00106435118243138,0.000690232734645573,"Neto1/Kcnj10/Zdhhc2/Grm5/S100b/Shisa9/Shisa6",7
"GO:0007214","GO:0007214","gamma-aminobutyric acid signaling pathway","5/363","34/28928",0.147058823529412,11.7193323610436,7.05003474211436,6.24369765030892e-05,0.00106435118243138,0.000690232734645573,"Shisa7/Gabra3/Gabbr2/Gabrg3/Gabrg1",5
"GO:0015813","GO:0015813","L-glutamate transmembrane transport","5/363","34/28928",0.147058823529412,11.7193323610436,7.05003474211436,6.24369765030892e-05,0.00106435118243138,0.000690232734645573,"Kcnj10/Slc1a1/Ttyh1/Slc1a3/Slc25a18",5
"GO:0034250","GO:0034250","positive regulation of amide metabolic process","5/363","34/28928",0.147058823529412,11.7193323610436,7.05003474211436,6.24369765030892e-05,0.00106435118243138,0.000690232734645573,"Gsap/Abcg1/Lrrtm3/Apoe/Clu",5
"GO:0042632","GO:0042632","cholesterol homeostasis","8/363","107/28928",0.0747663551401869,5.95824000411936,5.79232347517353,6.30263925936604e-05,0.00106984630817883,0.000693796328818706,"Minar2/Cav1/Npc1/Abcg1/Lcat/Scd1/Apoe/Soat1",8
"GO:0021537","GO:0021537","telencephalon development","14/363","322/28928",0.0434782608695652,3.46484608935202,5.0139161978853,6.41550685855852e-05,0.00108441014664074,0.000703240991646566,"Bcan/Atp1b2/Tnr/Ascl1/Atp1a2/Ntrk2/Sox2/Dbi/Mfsd2a/Gria1/Tmem108/Kcna1/Kcna2/Bmp4",14
"GO:0050730","GO:0050730","regulation of peptidyl-tyrosine phosphorylation","12/363","244/28928",0.0491803278688525,3.9192521338572,5.16219681708851,6.66372676467705e-05,0.00112163400921413,0.000727380701248252,"Ptprz1/Cspg4/Cntn1/Pdgfra/Plpp3/Ptprj/Cav1/Gfra1/Prkca/Cav2/Tgfa/Fyn",12
"GO:0055074","GO:0055074","calcium ion homeostasis","15/363","365/28928",0.0410958904109589,3.27499150911355,4.93074108870966,6.69179714463759e-05,0.0011216459983857,0.000727388476237197,"Adora1/P2rx7/Itgav/Cav1/Atp1b1/Nt5e/Dbi/S100b/Prkca/Mcur1/Apoe/Fzd9/Itpr2/Cav2/Grina",15
"GO:0055092","GO:0055092","sterol homeostasis","8/363","108/28928",0.0740740740740741,5.90307111519233,5.75467733861495,6.7334656069749e-05,0.00112392763423089,0.000728868119211142,"Minar2/Cav1/Npc1/Abcg1/Lcat/Scd1/Apoe/Soat1",8
"GO:0050731","GO:0050731","positive regulation of peptidyl-tyrosine phosphorylation","10/363","172/28928",0.0581395348837209,4.63322442180793,5.38741097742584,6.78252741378891e-05,0.00112741928712192,0.00073113245936803,"Ptprz1/Cspg4/Cntn1/Pdgfra/Plpp3/Ptprj/Gfra1/Cav2/Tgfa/Fyn",10
"GO:0006820","GO:0006820","monoatomic anion transport","10/363","173/28928",0.0578034682080925,4.60644277775124,5.36331503265974,7.11973462211955e-05,0.00116354088737108,0.000754557350824242,"Slc1a1/Ttyh1/Gabra3/Slc6a1/Slc1a3/Slc12a4/Gabrg3/Prkg2/Slc4a4/Gabrg1",10
"GO:0051961","GO:0051961","negative regulation of nervous system development","10/363","173/28928",0.0578034682080925,4.60644277775124,5.36331503265974,7.11973462211955e-05,0.00116354088737108,0.000754557350824242,"Tnr/Gpr37l1/Sox10/Bmp7/Brinp1/Ptn/Sema5a/Sirt2/B2m/Bmp4",10
"GO:0050848","GO:0050848","regulation of calcium-mediated signaling","8/363","109/28928",0.073394495412844,5.84891449945662,5.71750058718512,7.18847655727278e-05,0.00116354088737108,0.000754557350824242,"Pdgfra/Grm5/Ptprj/Rit2/Tmem100/Ncam1/Car8/Erbb3",8
"GO:0048679","GO:0048679","regulation of axon regeneration","5/363","35/28928",0.142857142857143,11.3844942935852,6.9296444396776,7.20978308506003e-05,0.00116354088737108,0.000754557350824242,"Lrp1/Xylt1/Tnr/Ptn/Omg",5
"GO:0050654","GO:0050654","chondroitin sulfate proteoglycan metabolic process","5/363","35/28928",0.142857142857143,11.3844942935852,6.9296444396776,7.20978308506003e-05,0.00116354088737108,0.000754557350824242,"Xylt1/Chst11/Arsb/B3gat2/Ugdh",5
"GO:0055075","GO:0055075","potassium ion homeostasis","5/363","35/28928",0.142857142857143,11.3844942935852,6.9296444396776,7.20978308506003e-05,0.00116354088737108,0.000754557350824242,"Atp1b2/Kcnj10/Atp1a2/Atp1b1/Slc12a4",5
"GO:0097107","GO:0097107","postsynaptic density assembly","5/363","35/28928",0.142857142857143,11.3844942935852,6.9296444396776,7.20978308506003e-05,0.00116354088737108,0.000754557350824242,"C1ql2/Slitrk3/Csmd2/Nrxn3/Il1rap",5
"GO:0098656","GO:0098656","monoatomic anion transmembrane transport","9/363","140/28928",0.0642857142857143,5.12302243211334,5.5126683389521,7.23219373328502e-05,0.00116354088737108,0.000754557350824242,"Slc1a1/Ttyh1/Gabra3/Slc6a1/Slc1a3/Slc12a4/Gabrg3/Slc4a4/Gabrg1",9
"GO:0022898","GO:0022898","regulation of transmembrane transporter activity","11/363","209/28928",0.0526315789473684,4.19428737132086,5.22456776859265,7.30330537007512e-05,0.00117028165250084,0.000758928743298754,"Cacng4/Atp1b2/Neto1/Nlgn3/Slc6a9/Cav1/Atp1a2/Scn1b/Atp1b1/Shisa9/Ehd3",11
"GO:0045834","GO:0045834","positive regulation of lipid metabolic process","10/363","175/28928",0.0571428571428571,4.55379771743408,5.31567037359228,7.8370417692517e-05,0.00124653560029233,0.00080837949957208,"Cpt1a/Adora1/Qki/Abcg1/Dbi/Mfsd2a/Sirt2/Dab2/Apoe/Eef1a2",10
"GO:0014009","GO:0014009","glial cell proliferation","7/363","82/28928",0.0853658536585366,6.80292951689847,5.93197508565971,7.84141216359627e-05,0.00124653560029233,0.00080837949957208,"Sox10/Ptn/Dbi/Etv5/Atxn1/Clu/Pmp22",7
"GO:0009582","GO:0009582","detection of abiotic stimulus","9/363","142/28928",0.0633802816901408,5.05086718659062,5.45493289303784,8.06958627379605e-05,0.00127432759374026,0.000826402633247748,"Serpine2/Pcdh15/Adora1/Sema5b/Sox2/Sema5a/Gucy2f/Kcna1/Fyn",9
"GO:1902430","GO:1902430","negative regulation of amyloid-beta formation","4/363","19/28928",0.210526315789474,16.7771494852835,7.75490893727224,8.14323521216155e-05,0.00127432759374026,0.000826402633247748,"Spon1/Ntrk2/Apoe/Clu",4
"GO:0007156","GO:0007156","homophilic cell adhesion via plasma membrane adhesion molecules","8/363","111/28928",0.0720720720720721,5.74352865261956,5.64451368705754,8.17529185200315e-05,0.00127432759374026,0.000826402633247748,"Dscam/Pcdh15/Pcdh10/Ptprt/Cadm2/Igsf9b/Cdh11/Plxnb3",8
"GO:0019915","GO:0019915","lipid storage","8/363","111/28928",0.0720720720720721,5.74352865261956,5.64451368705754,8.17529185200315e-05,0.00127432759374026,0.000826402633247748,"Cpt1a/Gm2a/Itgav/Cav1/Npc1/Abcg1/Apoe/Soat1",8
"GO:1902476","GO:1902476","chloride transmembrane transport","8/363","111/28928",0.0720720720720721,5.74352865261956,5.64451368705754,8.17529185200315e-05,0.00127432759374026,0.000826402633247748,"Slc1a1/Ttyh1/Gabra3/Slc6a1/Slc1a3/Slc12a4/Gabrg3/Gabrg1",8
"GO:0015698","GO:0015698","inorganic anion transport","10/363","176/28928",0.0568181818181818,4.52792386676684,5.29211660261997,8.21810799614402e-05,0.00127603645862608,0.000827510833720254,"Slc1a1/Ttyh1/Gabra3/Slc6a1/Slc1a3/Slc12a4/Gabrg3/Prkg2/Slc4a4/Gabrg1",10
"GO:0097191","GO:0097191","extrinsic apoptotic signaling pathway","12/363","250/28928",0.048,3.82519008264463,5.05744470675029,8.39865246309065e-05,0.00129903481726414,0.000842425290750162,"P2rx7/Itgav/Eya1/Cav1/Faim2/Pik3r1/Dab2/Erbb3/Tlr3/Grina/Fyn/Bmp4",12
"GO:0009581","GO:0009581","detection of external stimulus","9/363","143/28928",0.0629370629370629,5.01554643703404,5.42647055184906,8.51790879400592e-05,0.0013124131780303,0.000851101170186502,"Serpine2/Pcdh15/Adora1/Sema5b/Sox2/Sema5a/Gucy2f/Kcna1/Fyn",9
"GO:0030856","GO:0030856","regulation of epithelial cell differentiation","10/363","177/28928",0.0564971751412429,4.50234237599415,5.26873858207186,8.61478008619647e-05,0.00132225321936027,0.000857482446167892,"Ascl1/Spry1/Bmp7/Cav1/Hey2/Tmem100/Sox2/Ajap1/Nkx2-2/Bmp4",10
"GO:0006835","GO:0006835","dicarboxylic acid transport","8/363","112/28928",0.0714285714285714,5.6922471467926,5.60868356854061,8.70929495660009e-05,0.00132251362250422,0.00085765131784965,"Kcnj10/Adora1/Slc1a1/P2rx7/Ttyh1/Slc1a3/Ntrk2/Slc25a18",8
"GO:0035418","GO:0035418","protein localization to synapse","8/363","112/28928",0.0714285714285714,5.6922471467926,5.60868356854061,8.70929495660009e-05,0.00132251362250422,0.00085765131784965,"Neto1/Nlgn3/C1ql2/Zdhhc2/Slitrk3/Nrxn3/Olfm2/Tmem108",8
"GO:0046578","GO:0046578","regulation of Ras protein signal transduction","6/363","58/28928",0.103448275862069,8.24394414363066,6.2252040864571,8.74852995415921e-05,0.00132251362250422,0.00085765131784965,"Spry4/Spry1/Rasa3/Mmd2/Syde1/Timp2",6
"GO:0089718","GO:0089718","amino acid import across plasma membrane","6/363","58/28928",0.103448275862069,8.24394414363066,6.2252040864571,8.74852995415921e-05,0.00132251362250422,0.00085765131784965,"Slc38a3/Kcnj10/Slc1a1/Slc6a9/Slc7a3/Slc1a3",6
"GO:0050770","GO:0050770","regulation of axonogenesis","10/363","178/28928",0.0561797752808989,4.47704831770205,5.24553390549064,9.02757128525122e-05,0.001359565810854,0.000881679696557183,"Lrp1/Dscam/Tnr/Lrrc4c/Ntrk2/Metrn/Sema5a/Omg/Apoe/Plxnb3",10
"GO:0010469","GO:0010469","regulation of signaling receptor activity","8/363","113/28928",0.0707964601769911,5.64187327823691,5.57328286988345,9.27188101471346e-05,0.00139112941366824,0.000902148722425106,"Cacng4/Neto1/Shisa7/Nlgn3/Slc6a9/Ptprj/Shisa9/Shisa6",8
"GO:0061744","GO:0061744","motor behavior","5/363","37/28928",0.135135135135135,10.7691162236617,6.70290011155676,9.48387352832037e-05,0.00141675571080984,0.00091876740002593,"Atp1b2/Slc1a1/Mfsd2a/Mdga2/Pmp22",5
"GO:0033002","GO:0033002","muscle cell proliferation","13/363","293/28928",0.0443686006825939,3.53579856899745,4.9179925327626,9.51341203714046e-05,0.00141675571080984,0.00091876740002593,"Stat3/Cav1/Hey2/Ncam1/Mmp2/Igfbp3/Ndrg2/Pik3r1/Prkca/Calcrl/Apoe/Cav2/Bmp4",13
"GO:0120032","GO:0120032","regulation of plasma membrane bounded cell projection assembly","11/363","216/28928",0.0509259259259259,4.05836139169472,5.08594725140065,9.79589277649707e-05,0.00145342023935731,0.00094254438099005,"Rap1gap/P2rx7/Cdc42ep1/Plppr5/Cav1/Frmd7/Pik3r1/Dnm3/Plxnb3/Rhoq/Ppp1r16b",11
"GO:0010595","GO:0010595","positive regulation of endothelial cell migration","8/363","114/28928",0.0701754385964912,5.59238316176115,5.53830235609673,9.86423022721465e-05,0.00145815890369822,0.000945617409235415,"Plpp3/Rin2/Rhoj/Sash1/Sema5a/Prkca/Sparc/Bmp4",8
"GO:0040037","GO:0040037","negative regulation of fibroblast growth factor receptor signaling pathway","4/363","20/28928",0.2,15.9382920110193,7.53346570622238,0.00010078571666258,0.00148436610643491,0.000962612804656528,"Sulf2/Spry4/Spry1/Fgfrl1",4
"GO:0060041","GO:0060041","retina development in camera-type eye","11/363","217/28928",0.0506912442396313,4.03965926546572,5.06662202833117,0.000102052933855049,0.00149752400374844,0.000971145713338192,"Dscam/Pdgfra/Slc1a1/Rhoj/Stat3/Ntrk2/Ptn/Sox2/Mfsd2a/Sox8/Megf11",11
"GO:1902414","GO:1902414","protein localization to cell junction","9/363","147/28928",0.0612244897959184,4.87906898296509,5.31521855228088,0.000105261289298038,0.00153896614937204,0.000998020983432799,"Neto1/Nlgn3/C1ql2/Zdhhc2/Slitrk3/Hepacam/Nrxn3/Olfm2/Tmem108",9
"GO:1900271","GO:1900271","regulation of long-term synaptic potentiation","6/363","60/28928",0.1,7.96914600550964,6.09164710364034,0.00010595708279479,0.00154119814586882,0.000999468435242987,"Shisa7/Adora1/Nlgn3/Zdhhc2/Ptn/Apoe",6
"GO:0034103","GO:0034103","regulation of tissue remodeling","7/363","86/28928",0.0813953488372093,6.4865141905311,5.74408611623645,0.000106183396969494,0.00154119814586882,0.000999468435242987,"Lrp1/P2rx7/Gpnmb/Itgav/Prkca/Trf/Cst3",7
"GO:1905606","GO:1905606","regulation of presynapse assembly","5/363","38/28928",0.131578947368421,10.4857184283022,6.59593173926993,0.000108091831281745,0.00155241475528647,0.00100674241691331,"Slitrk3/Slitrk2/Il1rap/Lrrtm3/Mdga2",5
"GO:0007269","GO:0007269","neurotransmitter secretion","10/363","182/28928",0.0549450549450549,4.37865165137892,5.1544021153339,0.000108506273459863,0.00155241475528647,0.00100674241691331,"Cspg5/P2rx7/Slc6a9/Ntrk2/Trim9/Syde1/Nrxn3/Ppt1/Prkca/Nr4a1",10
"GO:0043409","GO:0043409","negative regulation of MAPK cascade","10/363","182/28928",0.0549450549450549,4.37865165137892,5.1544021153339,0.000108506273459863,0.00155241475528647,0.00100674241691331,"P2rx7/Spry4/Spry1/Ptprj/Cav1/Ndrg2/Prkca/Dab2/Apoe/Dusp6",10
"GO:0099643","GO:0099643","signal release from synapse","10/363","182/28928",0.0549450549450549,4.37865165137892,5.1544021153339,0.000108506273459863,0.00155241475528647,0.00100674241691331,"Cspg5/P2rx7/Slc6a9/Ntrk2/Trim9/Syde1/Nrxn3/Ppt1/Prkca/Nr4a1",10
"GO:0032102","GO:0032102","negative regulation of response to external stimulus","16/363","426/28928",0.0375586854460094,2.99310648094259,4.67181384236234,0.000110444590446598,0.0015612200062522,0.00101245263037823,"Xylt1/Serpine2/Tnr/Susd4/Adora1/Pdgfra/Nlgn3/Gpr17/Stat3/Grin3a/Nt5e/Ajap1/Fabp7/Sema5a/Apoe/Anxa5",16
"GO:0006874","GO:0006874","intracellular calcium ion homeostasis","14/363","339/28928",0.0412979351032448,3.2910927456382,4.78333649150026,0.000110554569410714,0.0015612200062522,0.00101245263037823,"Adora1/P2rx7/Itgav/Cav1/Atp1b1/Dbi/S100b/Prkca/Mcur1/Apoe/Fzd9/Itpr2/Cav2/Grina",14
"GO:0045862","GO:0045862","positive regulation of proteolysis","14/363","339/28928",0.0412979351032448,3.2910927456382,4.78333649150026,0.000110554569410714,0.0015612200062522,0.00101245263037823,"Spon1/Slc1a1/Hip1/F3/Antxr1/Adam9/Stat3/Cav1/Sirt2/Trf/Dab2/Apoe/Clu/Trib2",14
"GO:0060491","GO:0060491","regulation of cell projection assembly","11/363","219/28928",0.0502283105022831,4.00276740002767,5.02831658366684,0.00011068059954459,0.0015612200062522,0.00101245263037823,"Rap1gap/P2rx7/Cdc42ep1/Plppr5/Cav1/Frmd7/Pik3r1/Dnm3/Plxnb3/Rhoq/Ppp1r16b",11
"GO:0007411","GO:0007411","axon guidance","12/363","258/28928",0.0465116279069767,3.70657953744634,4.92271504134286,0.000113072622120097,0.00158936464636178,0.00103070445574293,"Lrp1/Dscam/Cntn1/Sema3d/Sema5b/Bmp7/Ptprj/Chl1/Scn1b/Ncam1/Sema5a/Nfasc",12
"GO:0032409","GO:0032409","regulation of transporter activity","11/363","220/28928",0.05,3.98457300275482,5.00933382111639,0.000115222693119147,0.00161392345676679,0.00104663086719931,"Cacng4/Atp1b2/Neto1/Nlgn3/Slc6a9/Cav1/Atp1a2/Scn1b/Atp1b1/Shisa9/Ehd3",11
"GO:0050918","GO:0050918","positive chemotaxis","6/363","61/28928",0.0983606557377049,7.8385042677144,6.02716540108054,0.000116286500635056,0.00162314885555413,0.00105261354691846,"Lrp1/Ptprj/Sema5a/Prkca/Plxnb3/Bmp4",6
"GO:0097485","GO:0097485","neuron projection guidance","12/363","259/28928",0.0463320463320463,3.69226841954115,4.90625213152779,0.000117253931892797,0.00163096962209217,0.00105768532131368,"Lrp1/Dscam/Cntn1/Sema3d/Sema5b/Bmp7/Ptprj/Chl1/Scn1b/Ncam1/Sema5a/Nfasc",12
"GO:0035725","GO:0035725","sodium ion transmembrane transport","10/363","184/28928",0.0543478260869565,4.33105761169002,5.10981703168476,0.000118731366633421,0.0016458057257214,0.00106730654835652,"Atp1b2/Neto1/Slc9a9/Slc6a9/Slc6a1/Atp1a2/Scn1b/Atp1b1/Slc4a4/Slc6a11",10
"GO:0060441","GO:0060441","epithelial tube branching involved in lung morphogenesis","5/363","39/28928",0.128205128205128,10.2168538532175,6.49286908528755,0.00012272056372647,0.00167968069224924,0.00108927449574878,"Pdgfra/Spry1/Sox2/Tnc/Bmp4",5
"GO:0099149","GO:0099149","regulation of postsynaptic neurotransmitter receptor internalization","5/363","39/28928",0.128205128205128,10.2168538532175,6.49286908528755,0.00012272056372647,0.00167968069224924,0.00108927449574878,"Lrp1/Susd4/Hip1/Tspan7/Sirt2",5
"GO:0010522","GO:0010522","regulation of calcium ion transport into cytosol","4/363","21/28928",0.19047619047619,15.1793257247803,7.32742887226283,0.000123271623445151,0.00167968069224924,0.00108927449574878,"P2rx7/Cav1/Adcyap1r1/Bmp4",4
"GO:0034377","GO:0034377","plasma lipoprotein particle assembly","4/363","21/28928",0.19047619047619,15.1793257247803,7.32742887226283,0.000123271623445151,0.00167968069224924,0.00108927449574878,"Mfsd2a/Lcat/Apoe/Soat1",4
"GO:1902992","GO:1902992","negative regulation of amyloid precursor protein catabolic process","4/363","21/28928",0.19047619047619,15.1793257247803,7.32742887226283,0.000123271623445151,0.00167968069224924,0.00108927449574878,"Spon1/Ntrk2/Apoe/Clu",4
"GO:0001894","GO:0001894","tissue homeostasis","13/363","301/28928",0.0431893687707641,3.44182385620018,4.80062251128465,0.000124383767255321,0.001683383012246,0.00109167545372025,"Atp1b2/Pcdh15/Adora1/Slc1a1/P2rx7/Itgav/Minar2/Brinp1/Nt5e/Mfsd2a/Prkca/Trf/Tns3",13
"GO:0060249","GO:0060249","anatomical structure homeostasis","13/363","301/28928",0.0431893687707641,3.44182385620018,4.80062251128465,0.000124383767255321,0.001683383012246,0.00109167545372025,"Atp1b2/Pcdh15/Adora1/Slc1a1/P2rx7/Itgav/Minar2/Brinp1/Nt5e/Mfsd2a/Prkca/Trf/Tns3",13
"GO:0001666","GO:0001666","response to hypoxia","14/363","343/28928",0.0408163265306122,3.25271265531006,4.73120380763834,0.000124975225378239,0.00168569277058998,0.00109317333416088,"Ddah1/Epas1/Cpt1a/Adora1/Cryab/Arnt2/Stat3/Chrna4/Cav1/Atp1b1/Mmp2/Sirt2/Itpr2/Kcnd2",14
"GO:0007265","GO:0007265","Ras protein signal transduction","8/363","118/28928",0.0677966101694915,5.40281085119298,5.40240699205668,0.000125560272271785,0.00168790084134486,0.00109460527010514,"Spry4/Spry1/Rasa3/Mmd2/Rit2/Syde1/Timp2/Rsu1",8
"GO:0015711","GO:0015711","organic anion transport","17/363","477/28928",0.0356394129979036,2.84015685730952,4.56828470496406,0.000127620332344933,0.00170985635910971,0.00110884344385599,"Slc38a3/Kcnj10/Adora1/Slc1a1/P2rx7/Slc6a9/Slc7a3/Ttyh1/Slc6a1/Slc1a3/Ntrk2/Mfsd2a/Fabp7/Apoe/Slc25a18/Slc4a4/Slc6a11",17
"GO:0016042","GO:0016042","lipid catabolic process","14/363","348/28928",0.0402298850574713,3.20597827807859,4.66710570768719,0.000145272072449821,0.00193986640744661,0.00125800517475845,"Lrp1/Cpt1a/Abhd2/Adora1/Gm2a/Abhd4/Neu4/Dbi/Nceh1/Mfsd2a/Sirt2/Ppt1/Pla2g7/Apoe",14
"GO:0035641","GO:0035641","locomotory exploration behavior","4/363","22/28928",0.181818181818182,14.4893563736539,7.13504088023033,0.000149179383202315,0.00196933172429787,0.00127711346022207,"Tnr/Atp1a2/Apoe/Lsamp",4
"GO:0036376","GO:0036376","sodium ion export across plasma membrane","4/363","22/28928",0.181818181818182,14.4893563736539,7.13504088023033,0.000149179383202315,0.00196933172429787,0.00127711346022207,"Atp1b2/Atp1a2/Atp1b1/Slc4a4",4
"GO:0099550","GO:0099550","trans-synaptic signaling, modulating synaptic transmission","4/363","22/28928",0.181818181818182,14.4893563736539,7.13504088023033,0.000149179383202315,0.00196933172429787,0.00127711346022207,"Grm5/Gucy1a1/Ntrk2/Nrxn3",4
"GO:0060079","GO:0060079","excitatory postsynaptic potential","8/363","121/28928",0.0661157024793388,5.26885686314687,5.30448417254362,0.000149502142183392,0.00196933172429787,0.00127711346022207,"Neto1/Adora1/Nlgn3/P2rx7/Chrna4/Gria1/Atxn1/Tmem108",8
"GO:0048706","GO:0048706","embryonic skeletal system development","9/363","154/28928",0.0584415584415584,4.65729312010304,5.1298882667299,0.000149936639019183,0.00196933172429787,0.00127711346022207,"Xylt1/Sulf2/Pdgfra/Chst11/Eya1/Prrx1/Bmp7/Mmp16/Bmp4",9
"GO:0048260","GO:0048260","positive regulation of receptor-mediated endocytosis","6/363","65/28928",0.0923076923076923,7.35613477431659,5.78318302635285,0.00016586351282641,0.00216432974717459,0.00140356985995399,"Hip1/Ppt1/Trf/Dab2/Clu/B2m",6
"GO:0050850","GO:0050850","positive regulation of calcium-mediated signaling","6/363","65/28928",0.0923076923076923,7.35613477431659,5.78318302635285,0.00016586351282641,0.00216432974717459,0.00140356985995399,"Pdgfra/Grm5/Ptprj/Ncam1/Car8/Erbb3",6
"GO:0032368","GO:0032368","regulation of lipid transport","9/363","157/28928",0.0573248407643312,4.56830025793546,5.05384170749509,0.000173422203623609,0.00225561476531226,0.00146276827936797,"Lrp1/P2rx7/Itgav/Cav1/Abcg1/Dbi/Igfbp3/Dab2/Apoe",9
"GO:1903169","GO:1903169","regulation of calcium ion transmembrane transport","10/363","193/28928",0.0518134715025907,4.12909119456458,4.9167618180638,0.000175418777042132,0.00227419942016434,0.00147482044537551,"P2rx7/Cav1/Atp1a2/Atp1b1/Adcyap1r1/Dbi/Ehd3/Plp1/Fyn/Bmp4",10
"GO:0034249","GO:0034249","negative regulation of amide metabolic process","4/363","23/28928",0.173913043478261,13.8593843574081,6.9548137571804,0.000178805274005045,0.00231062557311035,0.00149844283953973,"Spon1/Ntrk2/Apoe/Clu",4
"GO:0099171","GO:0099171","presynaptic modulation of chemical synaptic transmission","6/363","66/28928",0.0909090909090909,7.24467818682695,5.72541161968417,0.000180543073332032,0.00231748269901521,0.00150288969208544,"P2rx7/Hip1/Chrna4/Grin3a/Nrxn3/Prkca",6
"GO:1902692","GO:1902692","regulation of neuroblast proliferation","6/363","66/28928",0.0909090909090909,7.24467818682695,5.72541161968417,0.000180543073332032,0.00231748269901521,0.00150288969208544,"Bcan/Sox10/Vcan/Ncan/Ptn/Sox2",6
"GO:0043547","GO:0043547","positive regulation of GTPase activity","9/363","158/28928",0.0569620253164557,4.53938696516372,5.02891801829239,0.00018190065664318,0.00231748269901521,0.00150288969208544,"Rap1gap/Mtss2/Prex1/Dock10/Rgs7/Syde1/Rsu1/Dock9/Cav2",9
"GO:1903825","GO:1903825","organic acid transmembrane transport","9/363","158/28928",0.0569620253164557,4.53938696516372,5.02891801829239,0.00018190065664318,0.00231748269901521,0.00150288969208544,"Slc38a3/Kcnj10/Slc1a1/Slc6a9/Slc7a3/Ttyh1/Slc1a3/Slc25a18/Slc6a11",9
"GO:0048754","GO:0048754","branching morphogenesis of an epithelial tube","10/363","194/28928",0.0515463917525773,4.10780721933487,4.89603809805502,0.000182929359304696,0.00231748269901521,0.00150288969208544,"Pdgfra/Spry1/Eya1/Bmp7/Sox2/Sema5a/Etv5/Sox8/Tnc/Bmp4",10
"GO:0052547","GO:0052547","regulation of peptidase activity","15/363","400/28928",0.0375,2.98842975206612,4.51432146065024,0.000182984199367968,0.00231748269901521,0.00150288969208544,"Serpine2/Slc1a1/Serpina3n/Hip1/F3/Antxr1/Cryab/Stat3/Cav1/Sox2/Timp2/Timp4/Pcsk1n/Nr4a1/Cst3",15
"GO:0061138","GO:0061138","morphogenesis of a branching epithelium","11/363","232/28928",0.0474137931034483,3.77847439916405,4.78991278999508,0.000183385425758318,0.00231748269901521,0.00150288969208544,"Pdgfra/Sox10/Spry1/Eya1/Bmp7/Sox2/Sema5a/Etv5/Sox8/Tnc/Bmp4",11
"GO:0007219","GO:0007219","Notch signaling pathway","10/363","195/28928",0.0512820512820513,4.086741541287,4.87545308906739,0.000190708564282247,0.00240244813998327,0.00155798985980995,"Cntn1/Ascl1/Ttyh1/Epn2/Stat3/Bmp7/Hey2/Tmem100/Sox2/Timp4",10
"GO:0007528","GO:0007528","neuromuscular junction development","6/363","67/28928",0.0895522388059701,7.13654866165042,5.66883468827627,0.000196229418850753,0.00244889424272934,0.00158811020076622,"Ptn/Etv5/Ppfibp1/Fzd9/Tnc/Pmp22",6
"GO:0042220","GO:0042220","response to cocaine","6/363","67/28928",0.0895522388059701,7.13654866165042,5.66883468827627,0.000196229418850753,0.00244889424272934,0.00158811020076622,"Cacng4/Slc1a1/Slc1a3/Ncam1/Adgrl3/Gria1",6
"GO:0048008","GO:0048008","platelet-derived growth factor receptor signaling pathway","6/363","67/28928",0.0895522388059701,7.13654866165042,5.66883468827627,0.000196229418850753,0.00244889424272934,0.00158811020076622,"Lrp1/Cspg4/Pdgfra/Hip1/F3/Ptprj",6
"GO:0032963","GO:0032963","collagen metabolic process","8/363","127/28928",0.062992125984252,5.01993449165962,5.1180550037966,0.000208719498599835,0.00259667798568614,0.00168394809592806,"P2rx7/Mmp16/Mmp15/Mmp2/Cyp2j6/P3h2/Cst3/Bmp4",8
"GO:0009410","GO:0009410","response to xenobiotic stimulus","17/363","498/28928",0.034136546184739,2.72039120670008,4.36557397489186,0.000212056118000299,0.00263002107959504,0.00170557112343079,"Cpt1a/Sox10/Slc1a1/P2rx7/Arnt2/Slc1a3/Npc1/Ncam1/Nceh1/Mmp2/Pde4b/Gria1/Cyp2j6/Gabrg3/Dusp6/Tlr3/Slc6a11",17
"GO:0033344","GO:0033344","cholesterol efflux","6/363","68/28928",0.0882352941176471,7.03159941662615,5.61340890966424,0.000212971109953378,0.00263321687183097,0.00170764359767686,"Lrp1/Cav1/Npc1/Abcg1/Apoe/Soat1",6
"GO:0009150","GO:0009150","purine ribonucleotide metabolic process","14/363","362/28928",0.0386740331491713,3.08199016787666,4.49361788799617,0.000217971299127451,0.00267381643839993,0.00173397245446857,"P2rx7/Gucy1a1/Ampd3/Stat3/Atp1a2/Atp1b1/Nt5e/Pde7b/Ak5/Pid1/Aldoc/Gucy2f/Slc4a4/Rhoq",14
"GO:0043405","GO:0043405","regulation of MAP kinase activity","9/363","162/28928",0.0555555555555556,4.42730333639425,4.93126349507279,0.000219345971484435,0.00267381643839993,0.00173397245446857,"P2rx7/Spry4/Spry1/Adam9/Sash1/Ptprj/Cav1/Apoe/Trib2",9
"GO:0002052","GO:0002052","positive regulation of neuroblast proliferation","5/363","44/28928",0.113636363636364,9.05584773353368,6.02832717980854,0.000219899796445752,0.00267381643839993,0.00173397245446857,"Bcan/Sox10/Vcan/Ncan/Sox2",5
"GO:1990806","GO:1990806","ligand-gated ion channel signaling pathway","5/363","44/28928",0.113636363636364,9.05584773353368,6.02832717980854,0.000219899796445752,0.00267381643839993,0.00173397245446857,"Gria3/Grik3/Grin3a/Gria1/Plp1",5
"GO:0106104","GO:0106104","regulation of glutamate receptor clustering","3/363","10/28928",0.3,23.9074380165289,8.16733349745905,0.000220259466967543,0.00267381643839993,0.00173397245446857,"Shisa7/Zdhhc2/Shisa6",3
"GO:1904717","GO:1904717","regulation of AMPA glutamate receptor clustering","3/363","10/28928",0.3,23.9074380165289,8.16733349745905,0.000220259466967543,0.00267381643839993,0.00173397245446857,"Shisa7/Zdhhc2/Shisa6",3
"GO:0001558","GO:0001558","regulation of cell growth","16/363","456/28928",0.0350877192982456,2.79619158088058,4.358268540642,0.000238542664747095,0.00286967542035093,0.00186098718696327,"Lrp1/Dscam/Serpine2/Tnr/Cryab/Taf9b/Ptprj/Mfsd2a/Sema5a/Igfbp3/Ppt1/Omg/Igfbp7/Dab2/Apoe/Tnc",16
"GO:0006163","GO:0006163","purine nucleotide metabolic process","16/363","456/28928",0.0350877192982456,2.79619158088058,4.358268540642,0.000238542664747095,0.00286967542035093,0.00186098718696327,"P2rx7/Gucy1a1/Ampd3/Stat3/Atp1a2/Me1/Atp1b1/Nt5e/Pde7b/Nmnat2/Ak5/Pid1/Aldoc/Gucy2f/Slc4a4/Rhoq",16
"GO:0006869","GO:0006869","lipid transport","16/363","456/28928",0.0350877192982456,2.79619158088058,4.358268540642,0.000238542664747095,0.00286967542035093,0.00186098718696327,"Lrp1/P2rx7/Gm2a/Itgav/Cav1/Npc1/Abcg1/Dbi/Mfsd2a/Fabp7/Igfbp3/Lcat/Dab2/Apoe/Gltp/Soat1",16
"GO:0006633","GO:0006633","fatty acid biosynthetic process","9/363","164/28928",0.0548780487804878,4.37331183229188,4.88361781975674,0.000240343513228527,0.00288268297602838,0.00186942259895369,"Abhd2/Qki/Acss1/Sirt2/Scd1/Scd2/Plp1/Degs1/Fa2h",9
"GO:0032535","GO:0032535","regulation of cellular component size","15/363","411/28928",0.0364963503649635,2.90844744726629,4.39275614107649,0.000244694979257572,0.00289357882252221,0.0018764885655687,"Lrp1/Dscam/Tnr/P2rx7/Prex1/Fchsd2/Cdc42ep1/Dnm1/Slc12a4/Sema5a/Omg/Aqp4/Apoe/Prkg2/Wdr1",15
"GO:0001504","GO:0001504","neurotransmitter uptake","5/363","45/28928",0.111111111111111,8.85460667278849,5.94425518219679,0.000244863509943841,0.00289357882252221,0.0018764885655687,"Kcnj10/Slc6a9/Slc6a1/Atp1a2/Slc6a11",5
"GO:0051938","GO:0051938","L-glutamate import","5/363","45/28928",0.111111111111111,8.85460667278849,5.94425518219679,0.000244863509943841,0.00289357882252221,0.0018764885655687,"Kcnj10/Slc1a1/Ttyh1/Slc1a3/Slc25a18",5
"GO:0055078","GO:0055078","sodium ion homeostasis","5/363","45/28928",0.111111111111111,8.85460667278849,5.94425518219679,0.000244863509943841,0.00289357882252221,0.0018764885655687,"Atp1b2/Ednrb/Slc1a3/Atp1a2/Atp1b1",5
"GO:1904861","GO:1904861","excitatory synapse assembly","5/363","45/28928",0.111111111111111,8.85460667278849,5.94425518219679,0.000244863509943841,0.00289357882252221,0.0018764885655687,"C1ql2/Slitrk3/Csmd2/Nrxn3/Il1rap",5
"GO:0071560","GO:0071560","cellular response to transforming growth factor beta stimulus","12/363","281/28928",0.0427046263345196,3.40319402370518,4.56341869612464,0.000249280373442686,0.0029348485050634,0.00190325199319349,"Lrp1/Chst11/Zfp36l2/Spry1/Adam9/Sox6/Stat3/Itgb8/Cav1/Dab2/Cav2/Fyn",12
"GO:0097006","GO:0097006","regulation of plasma lipoprotein particle levels","6/363","70/28928",0.0857142857142857,6.83069657615112,5.5058483254912,0.000249821103401552,0.0029348485050634,0.00190325199319349,"Abcg1/Mfsd2a/Lcat/Pla2g7/Apoe/Soat1",6
"GO:1990138","GO:1990138","neuron projection extension","10/363","202/28928",0.0495049504950495,3.94512178490576,4.73510115243476,0.000253341548972972,0.00296750364089394,0.00192442887924068,"Lrp1/Bcan/Dscam/Tnr/Nlgn3/Sema5b/S100b/Sema5a/Apoe/Tmem108",10
"GO:0007160","GO:0007160","cell-matrix adhesion","11/363","241/28928",0.045643153526971,3.63736954608324,4.63473425495965,0.000254635624247453,0.00297396592051107,0.00192861967360047,"Lrp1/Bcan/Itgav/Rin2/Adam9/Itgb8/Ptprj/Ajap1/Pik3r1/Cdh11/Epdr1",11
"GO:1904427","GO:1904427","positive regulation of calcium ion transmembrane transport","7/363","99/28928",0.0707070707070707,5.6347497008654,5.20735264593376,0.000256044899392966,0.00298173217141924,0.00193365609455887,"P2rx7/Cav1/Adcyap1r1/Dbi/Ehd3/Plp1/Bmp4",7
"GO:0051345","GO:0051345","positive regulation of hydrolase activity","14/363","368/28928",0.0380434782608696,3.03174032818302,4.42181842439114,0.000257634266194465,0.00299154455181168,0.00194001943239646,"Rap1gap/Slc1a1/Mtss2/Prex1/Hip1/Dock10/F3/Antxr1/Stat3/Rgs7/Syde1/Rsu1/Dock9/Cav2",14
"GO:0035176","GO:0035176","social behavior","6/363","71/28928",0.0845070422535211,6.73448958212082,5.45363726850645,0.000270032841434668,0.00312644960343145,0.00202750548421284,"Nlgn3/Brinp3/Brinp1/Nrxn3/Atxn1/Grid1",6
"GO:0045732","GO:0045732","positive regulation of protein catabolic process","10/363","205/28928",0.0487804878048781,3.88738829537056,4.67686807132218,0.000285021394799446,0.00325191497558206,0.00210886989508803,"Lrp1/Adam9/Cd81/Cav1/Sirt2/Trf/Dab2/Apoe/Clu/Trib2",10
"GO:0098661","GO:0098661","inorganic anion transmembrane transport","8/363","133/28928",0.0601503759398496,4.79347128150956,4.94301553930574,0.000285946218516022,0.00325191497558206,0.00210886989508803,"Slc1a1/Ttyh1/Gabra3/Slc6a1/Slc1a3/Slc12a4/Gabrg3/Gabrg1",8
"GO:0045471","GO:0045471","response to ethanol","9/363","168/28928",0.0535714285714286,4.26918536009445,4.79057497551685,0.000287359788404808,0.00325191497558206,0.00210886989508803,"Cpt1a/Grin3a/Cdo1/Ncam1/Gria1/Prkca/Itpr2/Tnc/Fyn",9
"GO:0006066","GO:0006066","alcohol metabolic process","14/363","372/28928",0.0376344086021505,2.99914096981546,4.37475865441737,0.000287393769981422,0.00325191497558206,0.00210886989508803,"Lrp1/Plpp3/Ednrb/Qki/Abhd4/Npc1/Abcg1/Adcyap1r1/Lcat/Dab2/Apoe/Soat1/Pgp/Pmp22",14
"GO:0034446","GO:0034446","substrate adhesion-dependent cell spreading","7/363","101/28928",0.0693069306930693,5.52317049886807,5.13324292847596,0.000289574180599628,0.00325191497558206,0.00210886989508803,"Cspg5/Prex1/Spry4/Itgav/Antxr1/Dab2/Lims2",7
"GO:0050772","GO:0050772","positive regulation of axonogenesis","7/363","101/28928",0.0693069306930693,5.52317049886807,5.13324292847596,0.000289574180599628,0.00325191497558206,0.00210886989508803,"Lrp1/Dscam/Ntrk2/Metrn/Sema5a/Apoe/Plxnb3",7
"GO:0007413","GO:0007413","axonal fasciculation","4/363","26/28928",0.153846153846154,12.260224623861,6.47526692701679,0.000293045757909416,0.00325191497558206,0.00210886989508803,"Ptprz1/Ncam2/Ncam1/Sema5a",4
"GO:0010640","GO:0010640","regulation of platelet-derived growth factor receptor signaling pathway","4/363","26/28928",0.153846153846154,12.260224623861,6.47526692701679,0.000293045757909416,0.00325191497558206,0.00210886989508803,"Lrp1/Hip1/F3/Ptprj",4
"GO:0050650","GO:0050650","chondroitin sulfate proteoglycan biosynthetic process","4/363","26/28928",0.153846153846154,12.260224623861,6.47526692701679,0.000293045757909416,0.00325191497558206,0.00210886989508803,"Xylt1/Chst11/B3gat2/Ugdh",4
"GO:0051043","GO:0051043","regulation of membrane protein ectodomain proteolysis","4/363","26/28928",0.153846153846154,12.260224623861,6.47526692701679,0.000293045757909416,0.00325191497558206,0.00210886989508803,"Adam9/Timp2/Timp4/Apoe",4
"GO:0060080","GO:0060080","inhibitory postsynaptic potential","4/363","26/28928",0.153846153846154,12.260224623861,6.47526692701679,0.000293045757909416,0.00325191497558206,0.00210886989508803,"Nlgn3/Chrna4/Igsf9b/Insyn2b",4
"GO:0060221","GO:0060221","retinal rod cell differentiation","4/363","26/28928",0.153846153846154,12.260224623861,6.47526692701679,0.000293045757909416,0.00325191497558206,0.00210886989508803,"Stat3/Ntrk2/Ptn/Sox8",4
"GO:0065005","GO:0065005","protein-lipid complex assembly","4/363","26/28928",0.153846153846154,12.260224623861,6.47526692701679,0.000293045757909416,0.00325191497558206,0.00210886989508803,"Mfsd2a/Lcat/Apoe/Soat1",4
"GO:0071359","GO:0071359","cellular response to dsRNA","4/363","26/28928",0.153846153846154,12.260224623861,6.47526692701679,0.000293045757909416,0.00325191497558206,0.00210886989508803,"P2rx7/Cav1/Gria1/Tlr3",4
"GO:0106030","GO:0106030","neuron projection fasciculation","4/363","26/28928",0.153846153846154,12.260224623861,6.47526692701679,0.000293045757909416,0.00325191497558206,0.00210886989508803,"Ptprz1/Ncam2/Ncam1/Sema5a",4
"GO:0030111","GO:0030111","regulation of Wnt signaling pathway","13/363","329/28928",0.0395136778115502,3.1489026769491,4.41903222013841,0.000295844356490013,0.00327390191187567,0.0021231284437841,"Lrp1/Sulf2/Sox10/Plpp3/Cav1/Sox2/Sema5a/Gpc5/Dab2/Apoe/Fzd9/Shisa6/Lypd6",13
"GO:0014044","GO:0014044","Schwann cell development","5/363","47/28928",0.106382978723404,8.47781489947834,5.78369553192033,0.00030119243751141,0.00331477171612832,0.00214963254996576,"Ntrk2/Sirt2/Erbb3/Fa2h/Pmp22",5
"GO:0043268","GO:0043268","positive regulation of potassium ion transport","5/363","47/28928",0.106382978723404,8.47781489947834,5.78369553192033,0.00030119243751141,0.00331477171612832,0.00214963254996576,"Atp1b2/Adora1/Rgs7/Dpp6/Atp1b1",5
"GO:0031400","GO:0031400","negative regulation of protein modification process","15/363","420/28928",0.0357142857142857,2.8461235733963,4.29625384820664,0.000307824361765057,0.00337847778967348,0.00219094599808554,"Adgrb1/Spry4/Spry1/Plpp3/Ptprj/Cav1/Dbi/Pid1/Sirt2/Igfbp3/Prkca/Ptprt/Apoe/Dusp6/Fyn",15
"GO:0071559","GO:0071559","response to transforming growth factor beta","12/363","288/28928",0.0416666666666667,3.32047750229568,4.4614393694575,0.000311675627389969,0.00341140044624103,0.00221229637158023,"Lrp1/Chst11/Zfp36l2/Spry1/Adam9/Sox6/Stat3/Itgb8/Cav1/Dab2/Cav2/Fyn",12
"GO:0016358","GO:0016358","dendrite development","13/363","331/28928",0.0392749244712991,3.12987607467146,4.39335189460549,0.000313497020231535,0.00342198654781343,0.00221916146832476,"Ptprz1/Dscam/Nlgn3/Prex1/Dock10/Bmp7/Grin3a/Ntrk2/Ptn/Mfsd2a/Dnm3/Apoe/Fyn",13
"GO:0016053","GO:0016053","organic acid biosynthetic process","13/363","332/28928",0.0391566265060241,3.12044873709715,4.38058459342443,0.000322655126057556,0.00351238161681133,0.00227778275489144,"Abhd2/Gatm/Qki/Slc1a3/Cdo1/Acss1/Sirt2/Scd1/Scd2/Plp1/Degs1/Fa2h/Ugdh",13
"GO:0043010","GO:0043010","camera-type eye development","15/363","423/28928",0.0354609929078014,2.82593829982611,4.26465256254668,0.000331771171510328,0.00358872971319259,0.00232729456661306,"Dscam/Pdgfra/Slc1a1/Spry1/Rhoj/Cryab/Stat3/Bmp7/Ntrk2/Ptn/Sox2/Mfsd2a/Sox8/Megf11/Bmp4",15
"GO:0070372","GO:0070372","regulation of ERK1 and ERK2 cascade","13/363","333/28928",0.039039039039039,3.11107802016893,4.36786539770632,0.000332040367063479,0.00358872971319259,0.00232729456661306,"Lrp1/Pdgfra/Spry4/Gpnmb/Spry1/Cav1/Ndrg2/Prkca/Dab2/Apoe/Dusp6/Bmp4/Dusp15",13
"GO:0007369","GO:0007369","gastrulation","10/363","209/28928",0.0478468899521531,3.8129885193826,4.6009163996132,0.000332356146678595,0.00358872971319259,0.00232729456661306,"Plpp3/Itgav/Eya1/Bmp7/Mmp15/Sox2/Mmp2/Lmbrd1/Ugdh/Bmp4",10
"GO:0008347","GO:0008347","glial cell migration","6/363","74/28928",0.0810810810810811,6.46146973419701,5.30286136746495,0.00033846183512805,0.00361947308956147,0.00234723167486605,"Ptprz1/Lrp1/Atp1b2/Cspg4/Vcan/Pmp22",6
"GO:0051703","GO:0051703","biological process involved in intraspecies interaction between organisms","6/363","74/28928",0.0810810810810811,6.46146973419701,5.30286136746495,0.00033846183512805,0.00361947308956147,0.00234723167486605,"Nlgn3/Brinp3/Brinp1/Nrxn3/Atxn1/Grid1",6
"GO:0032288","GO:0032288","myelin assembly","4/363","27/28928",0.148148148148148,11.8061422303847,6.33262866745339,0.000340624402088037,0.00361947308956147,0.00234723167486605,"Cntn1/Ugt8a/Nfasc/Pmp22",4
"GO:0034368","GO:0034368","protein-lipid complex remodeling","4/363","27/28928",0.148148148148148,11.8061422303847,6.33262866745339,0.000340624402088037,0.00361947308956147,0.00234723167486605,"Abcg1/Lcat/Pla2g7/Apoe",4
"GO:0034369","GO:0034369","plasma lipoprotein particle remodeling","4/363","27/28928",0.148148148148148,11.8061422303847,6.33262866745339,0.000340624402088037,0.00361947308956147,0.00234723167486605,"Abcg1/Lcat/Pla2g7/Apoe",4
"GO:0046580","GO:0046580","negative regulation of Ras protein signal transduction","4/363","27/28928",0.148148148148148,11.8061422303847,6.33262866745339,0.000340624402088037,0.00361947308956147,0.00234723167486605,"Spry4/Spry1/Rasa3/Timp2",4
"GO:0003407","GO:0003407","neural retina development","7/363","104/28928",0.0673076923076923,5.36384827293918,5.02570604927837,0.000346393723959051,0.0036421345359054,0.00236192764395894,"Dscam/Slc1a1/Stat3/Ntrk2/Ptn/Sox8/Megf11",7
"GO:0032370","GO:0032370","positive regulation of lipid transport","7/363","104/28928",0.0673076923076923,5.36384827293918,5.02570604927837,0.000346393723959051,0.0036421345359054,0.00236192764395894,"Lrp1/P2rx7/Cav1/Abcg1/Dbi/Dab2/Apoe",7
"GO:0099068","GO:0099068","postsynapse assembly","7/363","104/28928",0.0673076923076923,5.36384827293918,5.02570604927837,0.000346393723959051,0.0036421345359054,0.00236192764395894,"Nlgn3/C1ql2/Dock10/Slitrk3/Csmd2/Nrxn3/Il1rap",7
"GO:2001237","GO:2001237","negative regulation of extrinsic apoptotic signaling pathway","7/363","104/28928",0.0673076923076923,5.36384827293918,5.02570604927837,0.000346393723959051,0.0036421345359054,0.00236192764395894,"Itgav/Eya1/Faim2/Dab2/Grina/Fyn/Bmp4",7
"GO:0010543","GO:0010543","regulation of platelet activation","5/363","49/28928",0.102040816326531,8.13178163827514,5.63239232710466,0.000366828496009268,0.00382686186201335,0.00248172348725568,"Serpine2/Pdgfra/Ptprj/Prkca/Apoe",5
"GO:0030501","GO:0030501","positive regulation of bone mineralization","5/363","49/28928",0.102040816326531,8.13178163827514,5.63239232710466,0.000366828496009268,0.00382686186201335,0.00248172348725568,"P2rx7/Bmp7/Ptn/Fzd9/Bmp4",5
"GO:0060219","GO:0060219","camera-type eye photoreceptor cell differentiation","5/363","49/28928",0.102040816326531,8.13178163827514,5.63239232710466,0.000366828496009268,0.00382686186201335,0.00248172348725568,"Dscam/Stat3/Ntrk2/Ptn/Sox8",5
"GO:0042326","GO:0042326","negative regulation of phosphorylation","13/363","337/28928",0.0385756676557863,3.07415127808977,4.31746277948439,0.000371944598274696,0.00386300866029932,0.00250516471966228,"Spry4/Spry1/Plpp3/Ptprj/Cav1/Pid1/Sirt2/Igfbp3/Prkca/Ptprt/Atxn1/Apoe/Dusp6",13
"GO:0001763","GO:0001763","morphogenesis of a branching structure","11/363","252/28928",0.0436507936507936,3.47859547859548,4.4548648568408,0.000372222002714812,0.00386300866029932,0.00250516471966228,"Pdgfra/Sox10/Spry1/Eya1/Bmp7/Sox2/Sema5a/Etv5/Sox8/Tnc/Bmp4",11
"GO:0007015","GO:0007015","actin filament organization","16/363","476/28928",0.0336134453781513,2.67870453966711,4.16302709352679,0.00038286476764617,0.00396319446819265,0.00257013530953556,"Pcdh15/Prex1/Hip1/Pstpip2/Rhoj/Fchsd2/Cdc42ep1/Frmd7/Sema5a/Sorbs3/Pik3r1/Trf/Tagln2/Wdr1/Cnn2/Rhoq",16
"GO:0009259","GO:0009259","ribonucleotide metabolic process","14/363","383/28928",0.0365535248041775,2.91300376180509,4.24852407371329,0.000384895312446686,0.00397394490118924,0.00257710697536197,"P2rx7/Gucy1a1/Ampd3/Stat3/Atp1a2/Atp1b1/Nt5e/Pde7b/Ak5/Pid1/Aldoc/Gucy2f/Slc4a4/Rhoq",14
"GO:0050805","GO:0050805","negative regulation of synaptic transmission","6/363","76/28928",0.0789473684210526,6.2914310569813,5.20690761907617,0.000391139624449107,0.00398928556937531,0.00258705541299058,"Tnr/Adora1/Slc6a1/Grik3/Pcdh17/Gria1",6
"GO:1903539","GO:1903539","protein localization to postsynaptic membrane","6/363","76/28928",0.0789473684210526,6.2914310569813,5.20690761907617,0.000391139624449107,0.00398928556937531,0.00258705541299058,"Neto1/C1ql2/Zdhhc2/Nrxn3/Olfm2/Tmem108",6
"GO:0006883","GO:0006883","intracellular sodium ion homeostasis","4/363","28/28928",0.142857142857143,11.3844942935852,6.19731173495435,0.000393485492358769,0.00398928556937531,0.00258705541299058,"Atp1b2/Slc1a3/Atp1a2/Atp1b1",4
"GO:0035335","GO:0035335","peptidyl-tyrosine dephosphorylation","4/363","28/28928",0.142857142857143,11.3844942935852,6.19731173495435,0.000393485492358769,0.00398928556937531,0.00258705541299058,"Ptprz1/Ptprj/Ptprt/Dusp6",4
"GO:0036135","GO:0036135","Schwann cell migration","3/363","12/28928",0.25,19.9228650137741,7.39088257670479,0.000396339405045275,0.00398928556937531,0.00258705541299058,"Ptprz1/Lrp1/Pmp22",3
"GO:0048934","GO:0048934","peripheral nervous system neuron differentiation","3/363","12/28928",0.25,19.9228650137741,7.39088257670479,0.000396339405045275,0.00398928556937531,0.00258705541299058,"Ascl1/Ntrk2/Pmp22",3
"GO:0048935","GO:0048935","peripheral nervous system neuron development","3/363","12/28928",0.25,19.9228650137741,7.39088257670479,0.000396339405045275,0.00398928556937531,0.00258705541299058,"Ascl1/Ntrk2/Pmp22",3
"GO:0070445","GO:0070445","regulation of oligodendrocyte progenitor proliferation","3/363","12/28928",0.25,19.9228650137741,7.39088257670479,0.000396339405045275,0.00398928556937531,0.00258705541299058,"Ptprz1/Sirt2/Trf",3
"GO:1905907","GO:1905907","negative regulation of amyloid fibril formation","3/363","12/28928",0.25,19.9228650137741,7.39088257670479,0.000396339405045275,0.00398928556937531,0.00258705541299058,"Cryab/Apoe/Clu",3
"GO:1990416","GO:1990416","cellular response to brain-derived neurotrophic factor stimulus","3/363","12/28928",0.25,19.9228650137741,7.39088257670479,0.000396339405045275,0.00398928556937531,0.00258705541299058,"Ntrk2/Gria1/Tmem108",3
"GO:0006509","GO:0006509","membrane protein ectodomain proteolysis","5/363","50/28928",0.1,7.96914600550964,5.55992464412317,0.00040343538265126,0.00402633802252834,0.00261108396342327,"P2rx7/Adam9/Timp2/Timp4/Apoe",5
"GO:0099633","GO:0099633","protein localization to postsynaptic specialization membrane","5/363","50/28928",0.1,7.96914600550964,5.55992464412317,0.00040343538265126,0.00402633802252834,0.00261108396342327,"Neto1/C1ql2/Nrxn3/Olfm2/Tmem108",5
"GO:0099645","GO:0099645","neurotransmitter receptor localization to postsynaptic specialization membrane","5/363","50/28928",0.1,7.96914600550964,5.55992464412317,0.00040343538265126,0.00402633802252834,0.00261108396342327,"Neto1/C1ql2/Nrxn3/Olfm2/Tmem108",5
"GO:0007266","GO:0007266","Rho protein signal transduction","8/363","140/28928",0.0571428571428571,4.55379771743408,4.75158903025841,0.000404040909899249,0.00402633802252834,0.00261108396342327,"Dock10/Rhoj/Cdc42ep1/Rit2/Arhgef3/Apoe/Tns3/Dock9",8
"GO:0046486","GO:0046486","glycerolipid metabolic process","14/363","385/28928",0.0363636363636364,2.89787127473078,4.22605558197021,0.000405364453466385,0.0040295037235393,0.00261313692348188,"Cpt1a/Abhd2/Cav1/Abhd4/Dbi/Mfsd2a/Pik3r1/Serinc5/Lcat/Mtmr10/Scd1/Pla2g7/Apoe/Pgp",14
"GO:0060828","GO:0060828","regulation of canonical Wnt signaling pathway","11/363","255/28928",0.0431372549019608,3.43767082590612,4.40754219542773,0.000411241376508291,0.00407780434230746,0.00264445991980839,"Sulf2/Sox10/Cav1/Sox2/Sema5a/Gpc5/Dab2/Apoe/Fzd9/Shisa6/Lypd6",11
"GO:0003018","GO:0003018","vascular process in circulatory system","11/363","256/28928",0.04296875,3.42424242424242,4.3919251693503,0.00042498682738443,0.004193342932271,0.00271938680317545,"Lrp1/Ddah1/Adora1/Ednrb/Gucy1a1/Ptprj/Cav1/Atp1a2/Mmp2/Mfsd2a/Apoe",11
"GO:0097529","GO:0097529","myeloid leukocyte migration","11/363","256/28928",0.04296875,3.42424242424242,4.3919251693503,0.00042498682738443,0.004193342932271,0.00271938680317545,"Prex1/Ednrb/Ptprj/Cd81/Mmp2/Pde4b/Pik3r1/Prkca/Pla2g7/Wdr1/Cnn2",11
"GO:0021675","GO:0021675","nerve development","7/363","108/28928",0.0648148148148148,5.16518722579329,4.8886316303044,0.000435689026507526,0.00427771170769309,0.00277410003273683,"Sulf2/Serpine2/Slc1a3/Nkx2-2/Erbb3/Kcna1/Kcna2",7
"GO:0018108","GO:0018108","peptidyl-tyrosine phosphorylation","12/363","299/28928",0.040133779264214,3.19831946709417,4.30736035810082,0.000436294421988155,0.00427771170769309,0.00277410003273683,"Ptprz1/Cspg4/Cntn1/Pdgfra/Plpp3/Ptprj/Cav1/Gfra1/Prkca/Cav2/Tgfa/Fyn",12
"GO:0010563","GO:0010563","negative regulation of phosphorus metabolic process","14/363","388/28928",0.0360824742268041,2.87546505353441,4.19262240333093,0.000437808736933142,0.00427771170769309,0.00277410003273683,"Spry4/Spry1/Plpp3/Stat3/Ptprj/Cav1/Pid1/Sirt2/Igfbp3/Prkca/Ptprt/Atxn1/Apoe/Dusp6",14
"GO:0045936","GO:0045936","negative regulation of phosphate metabolic process","14/363","388/28928",0.0360824742268041,2.87546505353441,4.19262240333093,0.000437808736933142,0.00427771170769309,0.00277410003273683,"Spry4/Spry1/Plpp3/Stat3/Ptprj/Cav1/Pid1/Sirt2/Igfbp3/Prkca/Ptprt/Atxn1/Apoe/Dusp6",14
"GO:0008038","GO:0008038","neuron recognition","5/363","51/28928",0.0980392156862745,7.81288824069573,5.48944214814364,0.000442732199809711,0.00431529243902117,0.00279847117205882,"Ptprz1/Dscam/Ncam2/Ncam1/Sema5a",5
"GO:0008361","GO:0008361","regulation of cell size","10/363","217/28928",0.0460829493087558,3.67241751405974,4.4544892249818,0.000446842472245819,0.00434478384421541,0.0028175963758372,"Lrp1/Dscam/Tnr/P2rx7/Slc12a4/Sema5a/Omg/Aqp4/Apoe/Prkg2",10
"GO:0051057","GO:0051057","positive regulation of small GTPase mediated signal transduction","6/363","78/28928",0.0769230769230769,6.13011231193049,5.11433488168206,0.000450012844677456,0.00436272192038796,0.00282922923496794,"Itgav/Mmd2/Frmd7/Adcyap1r1/Arhgef3/Tns3",6
"GO:0030204","GO:0030204","chondroitin sulfate metabolic process","4/363","29/28928",0.137931034482759,10.9919255248409,6.06868612126833,0.000451954467538942,0.00436272192038796,0.00282922923496794,"Xylt1/Chst11/Arsb/Ugdh",4
"GO:0034367","GO:0034367","protein-containing complex remodeling","4/363","29/28928",0.137931034482759,10.9919255248409,6.06868612126833,0.000451954467538942,0.00436272192038796,0.00282922923496794,"Abcg1/Lcat/Pla2g7/Apoe",4
"GO:0062237","GO:0062237","protein localization to postsynapse","6/363","79/28928",0.0759493670886076,6.05251595355163,5.06925050858166,0.0004819256473757,0.00462972216639581,0.00300237914356488,"Neto1/C1ql2/Zdhhc2/Nrxn3/Olfm2/Tmem108",6
"GO:0140115","GO:0140115","export across plasma membrane","6/363","79/28928",0.0759493670886076,6.05251595355163,5.06925050858166,0.0004819256473757,0.00462972216639581,0.00300237914356488,"Atp1b2/Atp1a2/Atp1b1/Kcnip1/Slc4a4/Kcna2",6
"GO:0019693","GO:0019693","ribose phosphate metabolic process","14/363","392/28928",0.0357142857142857,2.8461235733963,4.1485387339797,0.00048449494902898,0.00463974578887351,0.00300887947209182,"P2rx7/Gucy1a1/Ampd3/Stat3/Atp1a2/Atp1b1/Nt5e/Pde7b/Ak5/Pid1/Aldoc/Gucy2f/Slc4a4/Rhoq",14
"GO:0048704","GO:0048704","embryonic skeletal system morphogenesis","7/363","110/28928",0.0636363636363636,5.07127473077886,4.82261652406572,0.000486750948780594,0.00463974578887351,0.00300887947209182,"Pdgfra/Chst11/Eya1/Prrx1/Bmp7/Mmp16/Bmp4",7
"GO:0051899","GO:0051899","membrane depolarization","7/363","110/28928",0.0636363636363636,5.07127473077886,4.82261652406572,0.000486750948780594,0.00463974578887351,0.00300887947209182,"P2rx7/Chrna4/Cav1/Atp1a2/Scn1b/Fzd9/B2m",7
"GO:0010811","GO:0010811","positive regulation of cell-substrate adhesion","8/363","144/28928",0.0555555555555556,4.42730333639425,4.64778588719214,0.000487601841516662,0.00463974578887351,0.00300887947209182,"Cspg5/Prex1/Rin2/Ptprj/Ptn/Rsu1/Dab2/Lims2",8
"GO:0018212","GO:0018212","peptidyl-tyrosine modification","12/363","303/28928",0.0396039603960396,3.15609742792461,4.25309265620101,0.000490980034025381,0.00466081994385231,0.00302254608125378,"Ptprz1/Cspg4/Cntn1/Pdgfra/Plpp3/Ptprj/Cav1/Gfra1/Prkca/Cav2/Tgfa/Fyn",12
"GO:0071375","GO:0071375","cellular response to peptide hormone stimulus","13/363","348/28928",0.0373563218390805,2.97697982964441,4.18262225816312,0.000503326482281828,0.00476672786766194,0.00309122746863643,"Rab31/Stat3/Ptprj/Cav1/Pid1/Pik3r1/Gria1/Prkca/Ptpre/Nr4a1/Cav2/Anxa5/Rhoq",13
"GO:0034374","GO:0034374","low-density lipoprotein particle remodeling","3/363","13/28928",0.230769230769231,18.3903369357915,7.06978115524239,0.000510457953111126,0.00478898023457417,0.00310565814933627,"Abcg1/Pla2g7/Apoe",3
"GO:0044857","GO:0044857","plasma membrane raft organization","3/363","13/28928",0.230769230769231,18.3903369357915,7.06978115524239,0.000510457953111126,0.00478898023457417,0.00310565814933627,"Cav1/Cav2/Fa2h",3
"GO:0070444","GO:0070444","oligodendrocyte progenitor proliferation","3/363","13/28928",0.230769230769231,18.3903369357915,7.06978115524239,0.000510457953111126,0.00478898023457417,0.00310565814933627,"Ptprz1/Sirt2/Trf",3
"GO:1905048","GO:1905048","regulation of metallopeptidase activity","3/363","13/28928",0.230769230769231,18.3903369357915,7.06978115524239,0.000510457953111126,0.00478898023457417,0.00310565814933627,"Antxr1/Stat3/Timp2",3
"GO:0046847","GO:0046847","filopodium assembly","6/363","80/28928",0.075,5.97685950413223,5.02493462356453,0.000515573123274808,0.00481656820042158,0.00312354897092268,"Ttyh1/Plppr5/Pik3r1/Dnm3/Rhoq/Ppp1r16b",6
"GO:0030323","GO:0030323","respiratory tube development","11/363","262/28928",0.0419847328244275,3.34582465880176,4.29982262625953,0.00051580323464325,0.00481656820042158,0.00312354897092268,"Epas1/Ascl1/Pdgfra/Spry1/Traf4/Sox2/Atxn1/Tns3/Sparc/Tnc/Bmp4",11
"GO:0043407","GO:0043407","negative regulation of MAP kinase activity","5/363","53/28928",0.0943396226415094,7.51806226934872,5.35406130438986,0.000529901140916986,0.0049367069081708,0.0032014590349648,"Spry4/Spry1/Ptprj/Cav1/Apoe",5
"GO:0006470","GO:0006470","protein dephosphorylation","8/363","146/28928",0.0547945205479452,4.36665534548473,4.59729633065113,0.000534345730938527,0.00495506712532348,0.00321336565291493,"Ptprz1/Eya1/Ptprj/Nceh1/Ptprt/Ptpre/Dusp6/Dusp15",8
"GO:0008360","GO:0008360","regulation of cell shape","8/363","146/28928",0.0547945205479452,4.36665534548473,4.59729633065113,0.000534345730938527,0.00495506712532348,0.00321336565291493,"Rhoj/Cdc42ep1/Ptn/S100b/Wdr1/Plxnb3/Fyn/Rhoq",8
"GO:0031330","GO:0031330","negative regulation of cellular catabolic process","7/363","112/28928",0.0625,4.98071625344353,4.75818454212767,0.000542471597054631,0.00501880188868557,0.00325469770640776,"Stat3/Npc1/Dbi/Mfsd2a/Timp2/Sirt2/Timp4",7
"GO:0045766","GO:0045766","positive regulation of angiogenesis","9/363","184/28928",0.0489130434782609,3.89795185052102,4.44543608937517,0.000558053966501781,0.00515106956176528,0.00334047341578073,"Ddah1/S100a1/F3/Stat3/Itgb8/Sash1/Sema5a/Prkca/Tlr3",9
"GO:0006687","GO:0006687","glycosphingolipid metabolic process","5/363","54/28928",0.0925925925925926,7.37883889399041,5.28899228556753,0.000578031342957232,0.00528674328741249,0.00342845795342093,"Gm2a/Itgb8/Ugt8a/Neu4/Fa2h",5
"GO:0014037","GO:0014037","Schwann cell differentiation","5/363","54/28928",0.0925925925925926,7.37883889399041,5.28899228556753,0.000578031342957232,0.00528674328741249,0.00342845795342093,"Ntrk2/Sirt2/Erbb3/Fa2h/Pmp22",5
"GO:0050974","GO:0050974","detection of mechanical stimulus involved in sensory perception","5/363","54/28928",0.0925925925925926,7.37883889399041,5.28899228556753,0.000578031342957232,0.00528674328741249,0.00342845795342093,"Serpine2/Pcdh15/Sox2/Kcna1/Fyn",5
"GO:0071526","GO:0071526","semaphorin-plexin signaling pathway","5/363","54/28928",0.0925925925925926,7.37883889399041,5.28899228556753,0.000578031342957232,0.00528674328741249,0.00342845795342093,"Sema3d/Sema5b/Ncam1/Sema5a/Plxnb3",5
"GO:0060004","GO:0060004","reflex","4/363","31/28928",0.129032258064516,10.2827690393673,5.82934701447416,0.000587032103633003,0.00535683509602235,0.00347391255668685,"Pcdh15/Ascl1/Slc1a1/Pmp22",4
"GO:0072330","GO:0072330","monocarboxylic acid biosynthetic process","10/363","226/28928",0.0442477876106195,3.52617079889807,4.29782518283648,0.000613010522570899,0.00558118216686141,0.00361940184139947,"Abhd2/Gatm/Qki/Acss1/Sirt2/Scd1/Scd2/Plp1/Degs1/Fa2h",10
"GO:1904018","GO:1904018","positive regulation of vasculature development","9/363","187/28928",0.0481283422459893,3.83541786361427,4.3850528622967,0.000626789203800617,0.00568790887109564,0.00368861420865125,"Ddah1/S100a1/F3/Stat3/Itgb8/Sash1/Sema5a/Prkca/Tlr3",9
"GO:0007585","GO:0007585","respiratory gaseous exchange by respiratory system","6/363","83/28928",0.072289156626506,5.76082843771781,4.89636970376123,0.00062757257139897,0.00568790887109564,0.00368861420865125,"Adora1/Nlgn3/Chst11/Chrna4/Atp1a2/Traf4",6
"GO:0048701","GO:0048701","embryonic cranial skeleton morphogenesis","5/363","55/28928",0.0909090909090909,7.24467818682695,5.22556612578253,0.000629367469184635,0.00569130040982765,0.00369081362468262,"Pdgfra/Chst11/Prrx1/Mmp16/Bmp4",5
"GO:0060070","GO:0060070","canonical Wnt signaling pathway","12/363","312/28928",0.0384615384615385,3.06505615596525,4.1342105952484,0.000635428041944794,0.0057204461841972,0.00370971468654878,"Sulf2/Sox10/Ednrb/Cav1/Sox2/Sema5a/Gpc5/Dab2/Apoe/Fzd9/Shisa6/Lypd6",12
"GO:0002027","GO:0002027","regulation of heart rate","7/363","115/28928",0.0608695652173913,4.85078452509283,4.66435712402622,0.000635446468289505,0.0057204461841972,0.00370971468654878,"Epas1/Slc1a1/Ednrb/Cav1/Hey2/Scn1b/Pik3r1",7
"GO:0002087","GO:0002087","regulation of respiratory gaseous exchange by nervous system process","3/363","14/28928",0.214285714285714,17.0767414403778,6.78259449006203,0.000643646190799224,0.00576833700300155,0.0037407719272165,"Adora1/Nlgn3/Atp1a2",3
"GO:1900272","GO:1900272","negative regulation of long-term synaptic potentiation","3/363","14/28928",0.214285714285714,17.0767414403778,6.78259449006203,0.000643646190799224,0.00576833700300155,0.0037407719272165,"Adora1/Ptn/Apoe",3
"GO:0007596","GO:0007596","blood coagulation","9/363","188/28928",0.0478723404255319,3.81501670476525,4.36520270062466,0.000651182191064042,0.00582284789598784,0.00377612229216648,"Serpine2/Pdgfra/F3/Rasa3/Ptprj/Cav1/Prkca/Apoe/Anxa5",9
"GO:0009205","GO:0009205","purine ribonucleoside triphosphate metabolic process","11/363","270/28928",0.0407407407407407,3.24668911335578,4.18109292525821,0.00066163770874184,0.00590316405616884,0.00382820739696369,"P2rx7/Ampd3/Stat3/Atp1a2/Atp1b1/Nt5e/Ak5/Pid1/Aldoc/Slc4a4/Rhoq",11
"GO:0060402","GO:0060402","calcium ion transport into cytosol","4/363","32/28928",0.125,9.96143250688705,5.71770124320962,0.000664304464088133,0.0059137859625268,0.00383509571314506,"P2rx7/Cav1/Adcyap1r1/Bmp4",4
"GO:0006665","GO:0006665","sphingolipid metabolic process","8/363","151/28928",0.0529801324503311,4.22206410887928,4.47494589332809,0.000667223778937497,0.0059266041206732,0.00384340830065992,"P2rx7/Gm2a/Plpp3/Itgb8/Ugt8a/Neu4/Degs1/Fa2h",8
"GO:0030301","GO:0030301","cholesterol transport","7/363","116/28928",0.0603448275862069,4.80896741711789,4.63380170784685,0.000669098834903578,0.00593011047040649,0.00384568217173272,"Lrp1/Cav1/Npc1/Abcg1/Lcat/Apoe/Soat1",7
"GO:1901136","GO:1901136","carbohydrate derivative catabolic process","11/363","271/28928",0.040590405904059,3.23470871072347,4.16656442608177,0.000682067665033147,0.00603170654773242,0.00391156732264856,"P2rx7/Gm2a/Arsb/Ampd3/Stat3/Neu4/Nt5e/Pde7b/Aldoc/Slc4a4/Cst3",11
"GO:0001933","GO:0001933","negative regulation of protein phosphorylation","12/363","316/28928",0.0379746835443038,3.02625797677581,4.08274322485097,0.000710225049136493,0.00626687565383434,0.00406407470732405,"Spry4/Spry1/Plpp3/Ptprj/Cav1/Pid1/Sirt2/Igfbp3/Prkca/Ptprt/Apoe/Dusp6",12
"GO:0035023","GO:0035023","regulation of Rho protein signal transduction","6/363","85/28928",0.0705882352941176,5.62527953330092,4.81410023874384,0.000712121409436502,0.00626979860703874,0.00406597024520367,"Dock10/Rit2/Arhgef3/Apoe/Tns3/Dock9",6
"GO:0050900","GO:0050900","leukocyte migration","14/363","409/28928",0.0342298288508557,2.72782503856076,3.96718238332938,0.00073318469539505,0.00644109186349248,0.00417705408179821,"Adora1/Prex1/Jam2/Ednrb/Ptprj/Cd81/Ptn/Mmp2/Pde4b/Pik3r1/Prkca/Pla2g7/Wdr1/Cnn2",14
"GO:0071774","GO:0071774","response to fibroblast growth factor","7/363","118/28928",0.0593220338983051,4.72745949479386,4.57372663007452,0.00074063583047184,0.00644846408479331,0.00418183497418869,"Sulf2/Zfp36l2/Spry4/Spry1/Fgfrl1/Nr4a1/Tnc",7
"GO:0060251","GO:0060251","regulation of glial cell proliferation","5/363","57/28928",0.087719298245614,6.99047895220144,5.10335708425804,0.000742195294301891,0.00644846408479331,0.00418183497418869,"Sox10/Ptn/Etv5/Atxn1/Pmp22",5
"GO:0010875","GO:0010875","positive regulation of cholesterol efflux","4/363","33/28928",0.121212121212121,9.65957091576926,5.61086590802179,0.000748511183082599,0.00644846408479331,0.00418183497418869,"Lrp1/Cav1/Abcg1/Apoe",4
"GO:0022011","GO:0022011","myelination in peripheral nervous system","4/363","33/28928",0.121212121212121,9.65957091576926,5.61086590802179,0.000748511183082599,0.00644846408479331,0.00418183497418869,"Ntrk2/Sirt2/Fa2h/Pmp22",4
"GO:0032292","GO:0032292","peripheral nervous system axon ensheathment","4/363","33/28928",0.121212121212121,9.65957091576926,5.61086590802179,0.000748511183082599,0.00644846408479331,0.00418183497418869,"Ntrk2/Sirt2/Fa2h/Pmp22",4
"GO:0060740","GO:0060740","prostate gland epithelium morphogenesis","4/363","33/28928",0.121212121212121,9.65957091576926,5.61086590802179,0.000748511183082599,0.00644846408479331,0.00418183497418869,"Bmp7/Mmp2/Tnc/Bmp4",4
"GO:0072574","GO:0072574","hepatocyte proliferation","4/363","33/28928",0.121212121212121,9.65957091576926,5.61086590802179,0.000748511183082599,0.00644846408479331,0.00418183497418869,"Sulf2/Ptn/Lims2/Tgfa",4
"GO:0072575","GO:0072575","epithelial cell proliferation involved in liver morphogenesis","4/363","33/28928",0.121212121212121,9.65957091576926,5.61086590802179,0.000748511183082599,0.00644846408479331,0.00418183497418869,"Sulf2/Ptn/Lims2/Tgfa",4
"GO:1990000","GO:1990000","amyloid fibril formation","4/363","33/28928",0.121212121212121,9.65957091576926,5.61086590802179,0.000748511183082599,0.00644846408479331,0.00418183497418869,"Cryab/Apoe/Clu/B2m",4
"GO:0007599","GO:0007599","hemostasis","9/363","192/28928",0.046875,3.73553719008264,4.28714306466027,0.00075664079867387,0.00648464197018875,0.00420529636661477,"Serpine2/Pdgfra/F3/Rasa3/Ptprj/Cav1/Prkca/Apoe/Anxa5",9
"GO:0048844","GO:0048844","artery morphogenesis","6/363","86/28928",0.0697674418604651,5.55986930616952,4.77393861818948,0.000757566760371526,0.00648464197018875,0.00420529636661477,"Lrp1/Eya1/Prrx1/Hey2/Apoe/Bmp4",6
"GO:0070373","GO:0070373","negative regulation of ERK1 and ERK2 cascade","6/363","86/28928",0.0697674418604651,5.55986930616952,4.77393861818948,0.000757566760371526,0.00648464197018875,0.00420529636661477,"Spry4/Spry1/Cav1/Ndrg2/Dab2/Dusp6",6
"GO:0050817","GO:0050817","coagulation","9/363","193/28928",0.0466321243523316,3.71618207510812,4.26795497075925,0.000785070136688465,0.00670573767073346,0.00434867713465858,"Serpine2/Pdgfra/F3/Rasa3/Ptprj/Cav1/Prkca/Apoe/Anxa5",9
"GO:0035270","GO:0035270","endocrine system development","8/363","155/28928",0.0516129032258065,4.11310761574691,4.38081896170673,0.000791685676839891,0.00672247111075872,0.00435952878612411,"Rap1gap/Ascl1/Pdgfra/Sox2/Nkx2-2/Clu/Gsx1/Bmp4",8
"GO:1905039","GO:1905039","carboxylic acid transmembrane transport","8/363","155/28928",0.0516129032258065,4.11310761574691,4.38081896170673,0.000791685676839891,0.00672247111075872,0.00435952878612411,"Slc38a3/Kcnj10/Slc1a1/Slc6a9/Slc7a3/Ttyh1/Slc1a3/Slc25a18",8
"GO:0007216","GO:0007216","G protein-coupled glutamate receptor signaling pathway","3/363","15/28928",0.2,15.9382920110193,6.52360853469418,0.000797097797706039,0.00672247111075872,0.00435952878612411,"Grm5/Grik3/Fyn",3
"GO:0034375","GO:0034375","high-density lipoprotein particle remodeling","3/363","15/28928",0.2,15.9382920110193,6.52360853469418,0.000797097797706039,0.00672247111075872,0.00435952878612411,"Abcg1/Lcat/Apoe",3
"GO:0098970","GO:0098970","postsynaptic neurotransmitter receptor diffusion trapping","3/363","15/28928",0.2,15.9382920110193,6.52360853469418,0.000797097797706039,0.00672247111075872,0.00435952878612411,"Cacng4/Zdhhc2/Shisa6",3
"GO:0099628","GO:0099628","neurotransmitter receptor diffusion trapping","3/363","15/28928",0.2,15.9382920110193,6.52360853469418,0.000797097797706039,0.00672247111075872,0.00435952878612411,"Cacng4/Zdhhc2/Shisa6",3
"GO:0001662","GO:0001662","behavioral fear response","5/363","58/28928",0.0862068965517241,6.86995345302555,5.04444229532297,0.000803960388147203,0.00676610360276827,0.00438782449789318,"Slc1a1/Atp1a2/Brinp1/Dbi/Apoe",5
"GO:0009199","GO:0009199","ribonucleoside triphosphate metabolic process","11/363","277/28928",0.0397111913357401,3.16464281807242,4.08078893692604,0.000815979106299057,0.00684191433599013,0.00443698782910467,"P2rx7/Ampd3/Stat3/Atp1a2/Atp1b1/Nt5e/Ak5/Pid1/Aldoc/Slc4a4/Rhoq",11
"GO:0015918","GO:0015918","sterol transport","7/363","120/28928",0.0583333333333333,4.64866850321396,4.51498563246674,0.000818092103579448,0.00684191433599013,0.00443698782910467,"Lrp1/Cav1/Npc1/Abcg1/Lcat/Apoe/Soat1",7
"GO:0046889","GO:0046889","positive regulation of lipid biosynthetic process","7/363","120/28928",0.0583333333333333,4.64866850321396,4.51498563246674,0.000818092103579448,0.00684191433599013,0.00443698782910467,"Qki/Abcg1/Dbi/Mfsd2a/Sirt2/Dab2/Apoe",7
"GO:0009895","GO:0009895","negative regulation of catabolic process","13/363","367/28928",0.0354223433242507,2.82285825808244,3.96175052090514,0.000822799154449688,0.00686694460984469,0.00445321998504787,"Serpine2/Adora1/Adgrb1/Qki/Stat3/Npc1/Dbi/Mfsd2a/Timp2/Sirt2/Timp4/Cst3/Fyn",13
"GO:0060512","GO:0060512","prostate gland morphogenesis","4/363","34/28928",0.117647058823529,9.37546588883487,5.5084891025742,0.000839987743959867,0.00698378489450287,0.00452899101863865,"Bmp7/Mmp2/Tnc/Bmp4",4
"GO:0009144","GO:0009144","purine nucleoside triphosphate metabolic process","11/363","278/28928",0.039568345323741,3.15325921081317,4.0667202151455,0.00084028565131063,0.00698378489450287,0.00452899101863865,"P2rx7/Ampd3/Stat3/Atp1a2/Atp1b1/Nt5e/Ak5/Pid1/Aldoc/Slc4a4/Rhoq",11
"GO:0042177","GO:0042177","negative regulation of protein catabolic process","7/363","121/28928",0.0578512396694215,4.61024975525351,4.48609857383566,0.000859145873138854,0.00711102968552531,0.00461150938431208,"Serpine2/Adgrb1/Timp2/Sirt2/Timp4/Cst3/Fyn",7
"GO:0043279","GO:0043279","response to alkaloid","7/363","121/28928",0.0578512396694215,4.61024975525351,4.48609857383566,0.000859145873138854,0.00711102968552531,0.00461150938431208,"Cacng4/Cpt1a/Slc1a1/Slc1a3/Ncam1/Adgrl3/Gria1",7
"GO:0002209","GO:0002209","behavioral defense response","5/363","59/28928",0.0847457627118644,6.75351356399122,4.98690589486889,0.000869478027008263,0.00712296314150327,0.00461924824164545,"Slc1a1/Atp1a2/Brinp1/Dbi/Apoe",5
"GO:0014014","GO:0014014","negative regulation of gliogenesis","5/363","59/28928",0.0847457627118644,6.75351356399122,4.98690589486889,0.000869478027008263,0.00712296314150327,0.00461924824164545,"Gpr37l1/Sox10/Ptn/Sirt2/Bmp4",5
"GO:0070169","GO:0070169","positive regulation of biomineral tissue development","5/363","59/28928",0.0847457627118644,6.75351356399122,4.98690589486889,0.000869478027008263,0.00712296314150327,0.00461924824164545,"P2rx7/Bmp7/Ptn/Fzd9/Bmp4",5
"GO:1900024","GO:1900024","regulation of substrate adhesion-dependent cell spreading","5/363","59/28928",0.0847457627118644,6.75351356399122,4.98690589486889,0.000869478027008263,0.00712296314150327,0.00461924824164545,"Cspg5/Prex1/Spry4/Dab2/Lims2",5
"GO:1902305","GO:1902305","regulation of sodium ion transmembrane transport","5/363","59/28928",0.0847457627118644,6.75351356399122,4.98690589486889,0.000869478027008263,0.00712296314150327,0.00461924824164545,"Atp1b2/Neto1/Atp1a2/Scn1b/Atp1b1",5
"GO:1905952","GO:1905952","regulation of lipid localization","9/363","196/28928",0.0459183673469388,3.65930173722382,4.21114911805186,0.000875620466673011,0.00715864406018792,0.00464238735069601,"Lrp1/P2rx7/Itgav/Cav1/Abcg1/Dbi/Igfbp3/Dab2/Apoe",9
"GO:0120034","GO:0120034","positive regulation of plasma membrane bounded cell projection assembly","7/363","122/28928",0.0573770491803279,4.5724608228334,4.45752521051131,0.000901807761335083,0.00735772279411068,0.00477149009534781,"P2rx7/Cdc42ep1/Plppr5/Frmd7/Pik3r1/Dnm3/Rhoq",7
"GO:0021700","GO:0021700","developmental maturation","14/363","418/28928",0.0334928229665072,2.66909196356782,3.87487497600609,0.000903748464585628,0.00735856981530493,0.00477203938938239,"Xylt1/Epas1/Bcan/Cspg4/Abhd2/Ascl1/Sox10/C1ql2/Ednrb/Mmp2/Sirt2/Sox8/Nfasc/Pmp22",14
"GO:0021536","GO:0021536","diencephalon development","6/363","89/28928",0.0674157303370786,5.37245798124246,4.6571309061182,0.000907439324159527,0.00737363475168979,0.00478180901468072,"Olig2/Sox2/Ncam1/Sema5a/Gsx1/Bmp4",6
"GO:0016055","GO:0016055","Wnt signaling pathway","15/363","467/28928",0.0321199143468951,2.55968287114871,3.83051847553444,0.00091561728374478,0.00742502598923399,0.00481513628016646,"Lrp1/Sulf2/Sox10/Plpp3/Ednrb/Cav1/Sox2/Sema5a/Ndrg2/Gpc5/Dab2/Apoe/Fzd9/Shisa6/Lypd6",15
"GO:0051489","GO:0051489","regulation of filopodium assembly","5/363","60/28928",0.0833333333333333,6.64095500459137,4.93069124801204,0.000938889021936761,0.00753890916924578,0.00488898962863562,"Plppr5/Pik3r1/Dnm3/Rhoq/Ppp1r16b",5
"GO:0090659","GO:0090659","walking behavior","5/363","60/28928",0.0833333333333333,6.64095500459137,4.93069124801204,0.000938889021936761,0.00753890916924578,0.00488898962863562,"Kcnj10/Pcdh15/Minar2/Npc1/Pmp22",5
"GO:1902930","GO:1902930","regulation of alcohol biosynthetic process","5/363","60/28928",0.0833333333333333,6.64095500459137,4.93069124801204,0.000938889021936761,0.00753890916924578,0.00488898962863562,"Qki/Abcg1/Adcyap1r1/Dab2/Apoe",5
"GO:0040036","GO:0040036","regulation of fibroblast growth factor receptor signaling pathway","4/363","35/28928",0.114285714285714,9.10759543486816,5.41025417666177,0.000939070313393321,0.00753890916924578,0.00488898962863562,"Sulf2/Spry4/Spry1/Fgfrl1",4
"GO:1902932","GO:1902932","positive regulation of alcohol biosynthetic process","4/363","35/28928",0.114285714285714,9.10759543486816,5.41025417666177,0.000939070313393321,0.00753890916924578,0.00488898962863562,"Qki/Abcg1/Adcyap1r1/Dab2",4
"GO:1903076","GO:1903076","regulation of protein localization to plasma membrane","7/363","123/28928",0.0569105691056911,4.53528634459898,4.42925932112845,0.000946121789465079,0.00758032777719421,0.00491584963452593,"Lrp1/Zdhhc2/Dpp6/Pid1/Pik3r1/Dab2/Rhoq",7
"GO:0050878","GO:0050878","regulation of body fluid levels","13/363","373/28928",0.0348525469168901,2.77745035044572,3.8949214915138,0.000953652727407189,0.00762541482234172,0.00494508862536179,"Serpine2/Adora1/Pdgfra/Ednrb/F3/Rasa3/Ptprj/Cav1/Cdo1/Prkca/Aqp4/Apoe/Anxa5",13
"GO:2000736","GO:2000736","regulation of stem cell differentiation","6/363","90/28928",0.0666666666666667,5.31276400367309,4.6193649642334,0.000962151736920215,0.00767137450737246,0.00497489352397594,"Pdgfra/Zfp36l2/Sox6/Stat3/Ptn/Lbh",6
"GO:0010544","GO:0010544","negative regulation of platelet activation","3/363","16/28928",0.1875,14.9421487603306,6.2883764429192,0.000971952749777514,0.00767137450737246,0.00497489352397594,"Serpine2/Pdgfra/Apoe",3
"GO:0030007","GO:0030007","intracellular potassium ion homeostasis","3/363","16/28928",0.1875,14.9421487603306,6.2883764429192,0.000971952749777514,0.00767137450737246,0.00497489352397594,"Atp1b2/Atp1a2/Atp1b1",3
"GO:0098953","GO:0098953","receptor diffusion trapping","3/363","16/28928",0.1875,14.9421487603306,6.2883764429192,0.000971952749777514,0.00767137450737246,0.00497489352397594,"Cacng4/Zdhhc2/Shisa6",3
"GO:1905906","GO:1905906","regulation of amyloid fibril formation","3/363","16/28928",0.1875,14.9421487603306,6.2883764429192,0.000971952749777514,0.00767137450737246,0.00497489352397594,"Cryab/Apoe/Clu",3
"GO:2001212","GO:2001212","regulation of vasculogenesis","3/363","16/28928",0.1875,14.9421487603306,6.2883764429192,0.000971952749777514,0.00767137450737246,0.00497489352397594,"Rin2/Hey2/Tmem100",3
"GO:0008203","GO:0008203","cholesterol metabolic process","8/363","160/28928",0.05,3.98457300275482,4.26751698814918,0.000972805354404696,0.00767137450737246,0.00497489352397594,"Lrp1/Qki/Npc1/Abcg1/Lcat/Apoe/Soat1/Pmp22",8
"GO:0009100","GO:0009100","glycoprotein metabolic process","13/363","374/28928",0.0347593582887701,2.7700240126103,3.88391196859229,0.000977070891145883,0.00768987424347821,0.00498689062009728,"Xylt1/Sulf2/Chst11/St6gal2/Arsb/Galnt10/Npc1/Neu4/B3gat2/Phlda1/Soat1/Ugdh/Cst3",13
"GO:0046394","GO:0046394","carboxylic acid biosynthetic process","12/363","328/28928",0.0365853658536585,2.91554122152792,3.93308474057183,0.000980204526190456,0.00769941045474307,0.00499307486199803,"Abhd2/Gatm/Qki/Slc1a3/Acss1/Sirt2/Scd1/Scd2/Plp1/Degs1/Fa2h/Ugdh",12
"GO:0021515","GO:0021515","cell differentiation in spinal cord","5/363","61/28928",0.0819672131147541,6.532086889762,4.87574495714818,0.00101233567562442,0.00793623623591275,0.00514665660200033,"Olig2/Ascl1/Sox6/Nkx2-2/Gsx1",5
"GO:0006942","GO:0006942","regulation of striated muscle contraction","6/363","91/28928",0.0659340659340659,5.25438198165471,4.58215772504588,0.00101936537272972,0.00797573766241263,0.00517227331393288,"Adora1/Cav1/Atp1a2/Atp1b1/Ehd3/Nr4a1",6
"GO:0048588","GO:0048588","developmental cell growth","11/363","285/28928",0.0385964912280702,3.07581073896863,3.96998466330472,0.00102779197011958,0.00802599343528079,0.00520486422951704,"Lrp1/Bcan/Dscam/Tnr/Nlgn3/Sema5b/S100b/Sema5a/Omg/Apoe/Tmem108",11
"GO:0001654","GO:0001654","eye development","15/363","473/28928",0.0317124735729387,2.52721332098614,3.77519053081588,0.00103986629873719,0.0080888942129528,0.00524565544251189,"Dscam/Pdgfra/Slc1a1/Spry1/Rhoj/Cryab/Stat3/Bmp7/Ntrk2/Ptn/Sox2/Mfsd2a/Sox8/Megf11/Bmp4",15
"GO:0032355","GO:0032355","response to estradiol","7/363","125/28928",0.056,4.4627217630854,4.37362594204573,0.00103988530196473,0.0080888942129528,0.00524565544251189,"Cryab/Stat3/Bmp7/Mmp15/Mmp2/Gria1/Prkca",7
"GO:0048660","GO:0048660","regulation of smooth muscle cell proliferation","9/363","201/28928",0.0447761194029851,3.56827433082521,4.11890901589499,0.00104528107222966,0.00810572134081131,0.00525656785062467,"Cav1/Mmp2/Igfbp3/Ndrg2/Pik3r1/Prkca/Calcrl/Apoe/Bmp4",9
"GO:0072576","GO:0072576","liver morphogenesis","4/363","36/28928",0.111111111111111,8.85460667278849,5.31587531107031,0.00104609534028943,0.00810572134081131,0.00525656785062467,"Sulf2/Ptn/Lims2/Tgfa",4
"GO:0006029","GO:0006029","proteoglycan metabolic process","6/363","92/28928",0.0652173913043478,5.19726913402803,4.54549431526771,0.00107915590171533,0.00834575008160542,0.00541222671293118,"Xylt1/Sulf2/Chst11/Arsb/B3gat2/Ugdh",6
"GO:0071695","GO:0071695","anatomical structure maturation","12/363","332/28928",0.036144578313253,2.88041421885891,3.88470299341746,0.00108727151296746,0.00839231152398391,0.00544242185174667,"Xylt1/Epas1/Cspg4/Abhd2/Ascl1/Sox10/Ednrb/Mmp2/Sirt2/Sox8/Nfasc/Pmp22",12
"GO:0150063","GO:0150063","visual system development","15/363","476/28928",0.0315126050420168,2.51128550593791,3.74784386329325,0.00110714877524492,0.00852930383390607,0.00553126149251916,"Dscam/Pdgfra/Slc1a1/Spry1/Rhoj/Cryab/Stat3/Bmp7/Ntrk2/Ptn/Sox2/Mfsd2a/Sox8/Megf11/Bmp4",15
"GO:0071248","GO:0071248","cellular response to metal ion","9/363","203/28928",0.0443349753694581,3.53311891869886,4.08283166983097,0.00112018973079577,0.00861320549245273,0.00558567179635109,"Kcnj10/Slc1a1/Mt2/Cpne2/Sox2/Trf/Cpne8/Kcna1/B2m",9
"GO:0046034","GO:0046034","ATP metabolic process","10/363","245/28928",0.0408163265306122,3.25271265531006,3.99176026413205,0.00113390972216347,0.00870199683330818,0.00564325306372142,"P2rx7/Ampd3/Stat3/Atp1a2/Atp1b1/Nt5e/Ak5/Pid1/Aldoc/Slc4a4",10
"GO:1905954","GO:1905954","positive regulation of lipid localization","7/363","127/28928",0.0551181102362205,4.39244268020216,4.31915203357797,0.0011408002921208,0.00872757479275879,0.00565984039428454,"Lrp1/P2rx7/Cav1/Abcg1/Dbi/Dab2/Apoe",7
"GO:0034109","GO:0034109","homotypic cell-cell adhesion","6/363","93/28928",0.0645161290322581,5.14138451968364,4.50936041717411,0.00114159989800439,0.00872757479275879,0.00565984039428454,"Serpine2/Pdgfra/Plpp3/Ncam1/Prkca/Megf11",6
"GO:0051924","GO:0051924","regulation of calcium ion transport","11/363","289/28928",0.0380622837370242,3.03323896403481,3.91603276185523,0.00114961341786526,0.00877209781327279,0.00568871361461945,"Plpp4/P2rx7/Cav1/Atp1a2/Atp1b1/Adcyap1r1/Dbi/Ehd3/Plp1/Fyn/Bmp4",11
"GO:0010574","GO:0010574","regulation of vascular endothelial growth factor production","4/363","37/28928",0.108108108108108,8.61529297892934,5.22509375355454,0.00116139917119927,0.00882839673590947,0.00572522351846561,"Sulf2/Stat3/Ndrg2/Aqp4",4
"GO:1901381","GO:1901381","positive regulation of potassium ion transmembrane transport","4/363","37/28928",0.108108108108108,8.61529297892934,5.22509375355454,0.00116139917119927,0.00882839673590947,0.00572522351846561,"Atp1b2/Rgs7/Dpp6/Atp1b1",4
"GO:0001553","GO:0001553","luteinization","3/363","17/28928",0.176470588235294,14.0631988332523,6.07337835301494,0.00116929872936265,0.00883813341476748,0.00573153776378752,"Ptprn/Pdgfra/Mmp2",3
"GO:0032488","GO:0032488","Cdc42 protein signal transduction","3/363","17/28928",0.176470588235294,14.0631988332523,6.07337835301494,0.00116929872936265,0.00883813341476748,0.00573153776378752,"Rhoj/Rit2/Apoe",3
"GO:0044065","GO:0044065","regulation of respiratory system process","3/363","17/28928",0.176470588235294,14.0631988332523,6.07337835301494,0.00116929872936265,0.00883813341476748,0.00573153776378752,"Adora1/Nlgn3/Atp1a2",3
"GO:0010812","GO:0010812","negative regulation of cell-substrate adhesion","5/363","63/28928",0.0793650793650794,6.32471905199178,4.76945865060653,0.00117191211269516,0.00884120512892054,0.00573352977328111,"Ptprz1/Lrp1/Spry4/Ajap1/Pik3r1",5
"GO:0001704","GO:0001704","formation of primary germ layer","7/363","128/28928",0.0546875,4.35812672176309,4.29233606776078,0.00119405580844439,0.00899133001621849,0.00583088590273202,"Itgav/Eya1/Bmp7/Mmp15/Sox2/Mmp2/Bmp4",7
"GO:1904375","GO:1904375","regulation of protein localization to cell periphery","8/363","166/28928",0.0481927710843374,3.84055229181188,4.13747314367627,0.00123239746536841,0.00926179274987675,0.00600628123780009,"Lrp1/Zdhhc2/Dpp6/Pid1/Pik3r1/Dab2/Tmem108/Rhoq",8
"GO:0060326","GO:0060326","cell chemotaxis","12/363","337/28928",0.0356083086053412,2.8376781028521,3.82523053817197,0.00123459743595461,0.00926179274987675,0.00600628123780009,"Pdgfra/Prex1/Ednrb/Ptprj/Ptn/Mmp2/Sema5a/Pde4b/Prkca/Pla2g7/Nr4a1/Plxnb3",12
"GO:0021545","GO:0021545","cranial nerve development","5/363","64/28928",0.078125,6.22589531680441,4.7180260127253,0.00125833318590014,0.00940463198267905,0.00609891261351444,"Slc1a3/Nkx2-2/Erbb3/Kcna1/Kcna2",5
"GO:0033619","GO:0033619","membrane protein proteolysis","5/363","64/28928",0.078125,6.22589531680441,4.7180260127253,0.00125833318590014,0.00940463198267905,0.00609891261351444,"P2rx7/Adam9/Timp2/Timp4/Apoe",5
"GO:0002090","GO:0002090","regulation of receptor internalization","6/363","95/28928",0.0631578947368421,5.03314484558504,4.4386265053983,0.00127475896815854,0.00949197848781246,0.00615555690357126,"Lrp1/Susd4/Hip1/Tspan7/Sirt2/Dab2",6
"GO:0046530","GO:0046530","photoreceptor cell differentiation","6/363","95/28928",0.0631578947368421,5.03314484558504,4.4386265053983,0.00127475896815854,0.00949197848781246,0.00615555690357126,"Dscam/Stat3/Ntrk2/Ptn/Mfsd2a/Sox8",6
"GO:0048880","GO:0048880","sensory system development","15/363","483/28928",0.031055900621118,2.47489006382287,3.68483581908519,0.00127854926812945,0.00950253871637587,0.00616240522164534,"Dscam/Pdgfra/Slc1a1/Spry1/Rhoj/Cryab/Stat3/Bmp7/Ntrk2/Ptn/Sox2/Mfsd2a/Sox8/Megf11/Bmp4",15
"GO:0060541","GO:0060541","respiratory system development","11/363","293/28928",0.037542662116041,2.99182955838246,3.86300513551185,0.00128309157478572,0.00951752797264676,0.00617212576831915,"Epas1/Ascl1/Pdgfra/Spry1/Fgfrl1/Sox2/Atxn1/Tns3/Sparc/Tnc/Bmp4",11
"GO:0014912","GO:0014912","negative regulation of smooth muscle cell migration","4/363","38/28928",0.105263157894737,8.38857474264173,5.13767460222638,0.00128531768177781,0.00951752797264676,0.00617212576831915,"Lrp1/Abhd2/Cav1/Igfbp3",4
"GO:0009141","GO:0009141","nucleoside triphosphate metabolic process","11/363","294/28928",0.0374149659863946,2.98165326736755,3.84988909383286,0.00131837880596654,0.00973014566273802,0.00631000853867552,"P2rx7/Ampd3/Stat3/Atp1a2/Atp1b1/Nt5e/Ak5/Pid1/Aldoc/Slc4a4/Rhoq",11
"GO:0048469","GO:0048469","cell maturation","10/363","250/28928",0.04,3.18765840220386,3.91618301167433,0.00131888894030623,0.00973014566273802,0.00631000853867552,"Epas1/Cspg4/Abhd2/Ascl1/Sox10/Ednrb/Sirt2/Sox8/Nfasc/Pmp22",10
"GO:0042596","GO:0042596","fear response","5/363","65/28928",0.0769230769230769,6.13011231193049,4.66767611119922,0.00134937232532295,0.00991850556925457,0.00643216011375575,"Slc1a1/Atp1a2/Brinp1/Dbi/Apoe",5
"GO:0051289","GO:0051289","protein homotetramerization","5/363","65/28928",0.0769230769230769,6.13011231193049,4.66767611119922,0.00134937232532295,0.00991850556925457,0.00643216011375575,"Gria3/Me1/Dnm1/Aqp4/B2m",5
"GO:0007043","GO:0007043","cell-cell junction assembly","8/363","169/28928",0.0473372781065089,3.77237680734184,4.07470915498552,0.00138141170383015,0.0101255110118584,0.00656640333638134,"Ugt8a/Cav1/Cdh19/Prkca/Cdh11/Wdr1/Nfasc/Pmp22",8
"GO:0043217","GO:0043217","myelin maintenance","3/363","18/28928",0.166666666666667,13.2819100091827,5.87578659061576,0.00139017250537247,0.0101255110118584,0.00656640333638134,"Degs1/Clu/Fa2h",3
"GO:0098712","GO:0098712","L-glutamate import across plasma membrane","3/363","18/28928",0.166666666666667,13.2819100091827,5.87578659061576,0.00139017250537247,0.0101255110118584,0.00656640333638134,"Kcnj10/Slc1a1/Slc1a3",3
"GO:1900221","GO:1900221","regulation of amyloid-beta clearance","3/363","18/28928",0.166666666666667,13.2819100091827,5.87578659061576,0.00139017250537247,0.0101255110118584,0.00656640333638134,"Lrp1/Apoe/Clu",3
"GO:1903911","GO:1903911","positive regulation of receptor clustering","3/363","18/28928",0.166666666666667,13.2819100091827,5.87578659061576,0.00139017250537247,0.0101255110118584,0.00656640333638134,"Zdhhc2/Cd81/Ptn",3
"GO:0048659","GO:0048659","smooth muscle cell proliferation","9/363","210/28928",0.0428571428571429,3.41534828807556,3.96004582773877,0.00141728131712044,0.0102735132204454,0.00666238290670817,"Cav1/Mmp2/Igfbp3/Ndrg2/Pik3r1/Prkca/Calcrl/Apoe/Bmp4",9
"GO:0051260","GO:0051260","protein homooligomerization","9/363","210/28928",0.0428571428571429,3.41534828807556,3.96004582773877,0.00141728131712044,0.0102735132204454,0.00666238290670817,"Gria3/Me1/Dnm1/Ehd3/Aqp4/Kcna1/Kcna2/Kcnd2/B2m",9
"GO:0048169","GO:0048169","regulation of long-term neuronal synaptic plasticity","4/363","39/28928",0.102564102564103,8.17348308257399,5.05340404463706,0.00141818592384082,0.0102735132204454,0.00666238290670817,"Neto1/Kcnj10/Grm5/S100b",4
"GO:0048675","GO:0048675","axon extension","7/363","132/28928",0.053030303030303,4.22606227564905,4.1877575086629,0.0014268452249973,0.0103175847858108,0.00669096335795806,"Lrp1/Dscam/Tnr/Nlgn3/Sema5b/Sema5a/Apoe",7
"GO:0016125","GO:0016125","sterol metabolic process","8/363","170/28928",0.0470588235294118,3.75018635553395,4.05410637791373,0.00143414420546413,0.0103516787154762,0.00671307330314929,"Lrp1/Qki/Npc1/Abcg1/Lcat/Apoe/Soat1/Pmp22",8
"GO:0030858","GO:0030858","positive regulation of epithelial cell differentiation","5/363","66/28928",0.0757575757575758,6.03723182235579,4.61836859225135,0.00144517800171565,0.0103938654845115,0.00674043146222097,"Bmp7/Tmem100/Sox2/Nkx2-2/Bmp4",5
"GO:0060688","GO:0060688","regulation of morphogenesis of a branching structure","5/363","66/28928",0.0757575757575758,6.03723182235579,4.61836859225135,0.00144517800171565,0.0103938654845115,0.00674043146222097,"Pdgfra/Bmp7/Etv5/Sox8/Bmp4",5
"GO:0030258","GO:0030258","lipid modification","9/363","212/28928",0.0424528301886792,3.38312802120692,3.92591802821684,0.00151289374025822,0.0108613840922481,0.0070436177154448,"Cpt1a/Plpp4/Plpp3/Plppr5/Dbi/Mfsd2a/Mtmr10/Pla2g7/Fa2h",9
"GO:0001837","GO:0001837","epithelial to mesenchymal transition","8/363","172/28928",0.0465116279069767,3.70657953744634,4.01336515955122,0.0015443998593597,0.0110389911666064,0.00715879606884005,"Spry1/Qki/Bmp7/Hey2/Tmem100/Ncam1/Dab2/Bmp4",8
"GO:1902652","GO:1902652","secondary alcohol metabolic process","8/363","172/28928",0.0465116279069767,3.70657953744634,4.01336515955122,0.0015443998593597,0.0110389911666064,0.00715879606884005,"Lrp1/Qki/Npc1/Abcg1/Lcat/Apoe/Soat1/Pmp22",8
"GO:1903053","GO:1903053","regulation of extracellular matrix organization","5/363","67/28928",0.0746268656716418,5.94712388470869,4.57006519969388,0.00154589966162411,0.0110389911666064,0.00715879606884005,"Antxr1/Aebp1/Sema5a/Cyp2j6/Cst3",5
"GO:0042060","GO:0042060","wound healing","13/363","394/28928",0.032994923857868,2.62941365664024,3.6710139135075,0.00155685285967135,0.0110597181146558,0.0071722375139844,"Serpine2/Pdgfra/Plpp3/Itgav/F3/Rasa3/Ptprj/Cav1/Ajap1/Prkca/Apoe/Cnn2/Anxa5",13
"GO:0006884","GO:0006884","cell volume homeostasis","4/363","40/28928",0.1,7.96914600550964,4.97208697812831,0.00156033778758004,0.0110597181146558,0.0071722375139844,"P2rx7/Slc12a4/Aqp4/Prkg2",4
"GO:0019934","GO:0019934","cGMP-mediated signaling","4/363","40/28928",0.1,7.96914600550964,4.97208697812831,0.00156033778758004,0.0110597181146558,0.0071722375139844,"Ednrb/Gucy1a1/Apoe/Gucy2f",4
"GO:0051491","GO:0051491","positive regulation of filopodium assembly","4/363","40/28928",0.1,7.96914600550964,4.97208697812831,0.00156033778758004,0.0110597181146558,0.0071722375139844,"Plppr5/Pik3r1/Dnm3/Rhoq",4
"GO:0021543","GO:0021543","pallium development","9/363","213/28928",0.0422535211267606,3.36724479106041,3.90900708082382,0.00156260620391791,0.0110597181146558,0.0071722375139844,"Bcan/Ascl1/Ntrk2/Sox2/Mfsd2a/Gria1/Tmem108/Kcna1/Kcna2",9
"GO:0008593","GO:0008593","regulation of Notch signaling pathway","6/363","99/28928",0.0606060606060606,4.82978545788463,4.30293861041739,0.00157638275316064,0.0111375472824718,0.00722270980191305,"Ascl1/Epn2/Stat3/Bmp7/Hey2/Sox2",6
"GO:0007517","GO:0007517","muscle organ development","13/363","395/28928",0.0329113924050633,2.62275691320571,3.66071731726971,0.00159206239508295,0.0112135660936613,0.0072720080718806,"Adgrb1/Cryab/Fgfrl1/Cav1/Hey2/S100b/Sirt2/Nr4a1/Erbb3/Sox8/Cav2/Pmp22/Bmp4",13
"GO:0045859","GO:0045859","regulation of protein kinase activity","15/363","494/28928",0.0303643724696356,2.41978117576204,3.58801132202422,0.00159274066582458,0.0112135660936613,0.0072720080718806,"Slc1a1/P2rx7/Spry4/Spry1/Adam9/Mmd2/Sash1/Ptprj/Cav1/Traf4/Prkca/Ptprt/Apoe/Trib2/Pmp22",15
"GO:0060134","GO:0060134","prepulse inhibition","3/363","19/28928",0.157894736842105,12.5828621139626,5.69329973139611,0.001635561284107,0.0114948394809345,0.00745441412590227,"Nlgn3/Grin3a/Fabp7",3
"GO:0045778","GO:0045778","positive regulation of ossification","5/363","68/28928",0.0735294117647059,5.8596661805218,4.52272963627847,0.00165168764191544,0.0115675886250232,0.00750159201370502,"P2rx7/Bmp7/Ptn/Fzd9/Bmp4",5
"GO:0051058","GO:0051058","negative regulation of small GTPase mediated signal transduction","5/363","68/28928",0.0735294117647059,5.8596661805218,4.52272963627847,0.00165168764191544,0.0115675886250232,0.00750159201370502,"Spry4/Spry1/Rasa3/Timp2/Tns3",5
"GO:0042157","GO:0042157","lipoprotein metabolic process","6/363","100/28928",0.06,4.78148760330578,4.27015186247657,0.00165961600611104,0.0116028302277152,0.00752444622592456,"Zdhhc2/Itgav/Dbi/Ppt1/Lcat/Apoe",6
"GO:0001709","GO:0001709","cell fate determination","4/363","41/28928",0.0975609756097561,7.77477659074111,4.8935449507143,0.00171210567850702,0.0118348938753096,0.00767493971786112,"Ascl1/Prrx1/Nkx2-2/Bmp4",4
"GO:0010573","GO:0010573","vascular endothelial growth factor production","4/363","41/28928",0.0975609756097561,7.77477659074111,4.8935449507143,0.00171210567850702,0.0118348938753096,0.00767493971786112,"Sulf2/Stat3/Ndrg2/Aqp4",4
"GO:0030574","GO:0030574","collagen catabolic process","4/363","41/28928",0.0975609756097561,7.77477659074111,4.8935449507143,0.00171210567850702,0.0118348938753096,0.00767493971786112,"Mmp16/Mmp15/Mmp2/Cst3",4
"GO:0031128","GO:0031128","developmental induction","4/363","41/28928",0.0975609756097561,7.77477659074111,4.8935449507143,0.00171210567850702,0.0118348938753096,0.00767493971786112,"Spry1/Sox2/Sox8/Bmp4",4
"GO:1900026","GO:1900026","positive regulation of substrate adhesion-dependent cell spreading","4/363","41/28928",0.0975609756097561,7.77477659074111,4.8935449507143,0.00171210567850702,0.0118348938753096,0.00767493971786112,"Cspg5/Prex1/Dab2/Lims2",4
"GO:1905476","GO:1905476","negative regulation of protein localization to membrane","4/363","41/28928",0.0975609756097561,7.77477659074111,4.8935449507143,0.00171210567850702,0.0118348938753096,0.00767493971786112,"Pid1/Dab2/Fzd9/Rhoq",4
"GO:0030324","GO:0030324","lung development","10/363","259/28928",0.0386100386100386,3.07689034961762,3.78481864245083,0.00171348937785311,0.0118348938753096,0.00767493971786112,"Epas1/Ascl1/Pdgfra/Spry1/Sox2/Atxn1/Tns3/Sparc/Tnc/Bmp4",10
"GO:0001656","GO:0001656","metanephros development","6/363","101/28928",0.0594059405940594,4.73414614188692,4.23779720033408,0.00174614496351175,0.0120189978072647,0.00779433128946827,"Pdgfra/Spry1/Eya1/Bmp7/Sox8/Bmp4",6
"GO:2000027","GO:2000027","regulation of animal organ morphogenesis","6/363","101/28928",0.0594059405940594,4.73414614188692,4.23779720033408,0.00174614496351175,0.0120189978072647,0.00779433128946827,"Spry1/Bmp7/Ajap1/Etv5/Sox8/Bmp4",6
"GO:0030193","GO:0030193","regulation of blood coagulation","5/363","69/28928",0.072463768115942,5.77474348225336,4.47632743610456,0.00176269308466162,0.012070681191717,0.00782784801249641,"Serpine2/Pdgfra/Cav1/Apoe/Anxa5",5
"GO:0050982","GO:0050982","detection of mechanical stimulus","5/363","69/28928",0.072463768115942,5.77474348225336,4.47632743610456,0.00176269308466162,0.012070681191717,0.00782784801249641,"Serpine2/Pcdh15/Sox2/Kcna1/Fyn",5
"GO:1905517","GO:1905517","macrophage migration","5/363","69/28928",0.072463768115942,5.77474348225336,4.47632743610456,0.00176269308466162,0.012070681191717,0.00782784801249641,"Ednrb/Ptprj/Cd81/Mmp2/Cnn2",5
"GO:0099504","GO:0099504","synaptic vesicle cycle","10/363","261/28928",0.0383141762452107,3.05331264578914,3.75640239204528,0.00181299400453228,0.0123939487750108,0.00803748734181007,"Cspg5/Nlgn3/P2rx7/Scamp5/Pcdh17/Dnm1/Trim9/Syde1/Prkca/Dnm3",10
"GO:2001236","GO:2001236","regulation of extrinsic apoptotic signaling pathway","8/363","177/28928",0.0451977401129944,3.60187390079532,3.91412144648334,0.00184957697570996,0.0126224963623409,0.00818570066538544,"Itgav/Eya1/Cav1/Faim2/Dab2/Grina/Fyn/Bmp4",8
"GO:0009187","GO:0009187","cyclic nucleotide metabolic process","4/363","42/28928",0.0952380952380952,7.58966286239013,4.81761437265765,0.00187382020870634,0.0126799387771581,0.00822295212497733,"Gucy1a1/Pde7b/Gucy2f/Cnp",4
"GO:0032373","GO:0032373","positive regulation of sterol transport","4/363","42/28928",0.0952380952380952,7.58966286239013,4.81761437265765,0.00187382020870634,0.0126799387771581,0.00822295212497733,"Lrp1/Cav1/Abcg1/Apoe",4
"GO:0032376","GO:0032376","positive regulation of cholesterol transport","4/363","42/28928",0.0952380952380952,7.58966286239013,4.81761437265765,0.00187382020870634,0.0126799387771581,0.00822295212497733,"Lrp1/Cav1/Abcg1/Apoe",4
"GO:0043277","GO:0043277","apoptotic cell clearance","4/363","42/28928",0.0952380952380952,7.58966286239013,4.81761437265765,0.00187382020870634,0.0126799387771581,0.00822295212497733,"Lrp1/Adgrb1/Itgav/Mfge8",4
"GO:2000649","GO:2000649","regulation of sodium ion transmembrane transporter activity","4/363","42/28928",0.0952380952380952,7.58966286239013,4.81761437265765,0.00187382020870634,0.0126799387771581,0.00822295212497733,"Neto1/Atp1a2/Scn1b/Atp1b1",4
"GO:0001754","GO:0001754","eye photoreceptor cell differentiation","5/363","70/28928",0.0714285714285714,5.6922471467926,4.4308258470573,0.00187906785245086,0.0126940064366242,0.00823207501526356,"Dscam/Stat3/Ntrk2/Ptn/Sox8",5
"GO:0071383","GO:0071383","cellular response to steroid hormone stimulus","9/363","219/28928",0.0410958904109589,3.27499150911355,3.80961160457233,0.00188911798242139,0.0127404152147813,0.00826217115118905,"Abhd2/Sox10/Zfp36l2/Atp1a2/Npc1/Ntrk2/Lbh/Dab2/Bmp4",9
"GO:0030206","GO:0030206","chondroitin sulfate biosynthetic process","3/363","20/28928",0.15,11.9537190082645,5.52402285639388,0.00190640403130308,0.0127709942297661,0.00828200167093116,"Xylt1/Chst11/Ugdh",3
"GO:0043691","GO:0043691","reverse cholesterol transport","3/363","20/28928",0.15,11.9537190082645,5.52402285639388,0.00190640403130308,0.0127709942297661,0.00828200167093116,"Abcg1/Lcat/Apoe",3
"GO:0071340","GO:0071340","skeletal muscle acetylcholine-gated channel clustering","3/363","20/28928",0.15,11.9537190082645,5.52402285639388,0.00190640403130308,0.0127709942297661,0.00828200167093116,"Ptn/Etv5/Fzd9",3
"GO:2000311","GO:2000311","regulation of AMPA receptor activity","3/363","20/28928",0.15,11.9537190082645,5.52402285639388,0.00190640403130308,0.0127709942297661,0.00828200167093116,"Cacng4/Nlgn3/Shisa9",3
"GO:0007009","GO:0007009","plasma membrane organization","8/363","178/28928",0.0449438202247191,3.58163865416164,3.89470374144238,0.00191595515160602,0.0128135498119094,0.00830959900564739,"Mtss2/P2rx7/Cav1/Degs1/Clu/Cav2/Fa2h/Tlcd1",8
"GO:0070252","GO:0070252","actin-mediated cell contraction","6/363","103/28928",0.058252427184466,4.64222097408329,4.17434309495651,0.0019294250672847,0.0128821280325708,0.0083540720457169,"Adora1/Qki/Cav1/Atp1a2/Scn1b/Epdr1",6
"GO:0050821","GO:0050821","protein stabilization","9/363","220/28928",0.0409090909090909,3.26010518407213,3.79338060332346,0.0019484779272264,0.0129876914749899,0.00842253003659646,"Atp1b2/Hip1/Plpp3/Cryab/Taf9b/Brinp1/Atp1b1/Pik3r1/Clu",9
"GO:0061045","GO:0061045","negative regulation of wound healing","5/363","71/28928",0.0704225352112676,5.61207465176735,4.38619372235567,0.00200096444419451,0.0132933060753619,0.00862072139001843,"Serpine2/Pdgfra/Ajap1/Apoe/Anxa5",5
"GO:1900046","GO:1900046","regulation of hemostasis","5/363","71/28928",0.0704225352112676,5.61207465176735,4.38619372235567,0.00200096444419451,0.0132933060753619,0.00862072139001843,"Serpine2/Pdgfra/Cav1/Apoe/Anxa5",5
"GO:1902903","GO:1902903","regulation of supramolecular fiber organization","13/363","406/28928",0.0320197044334975,2.55169699683806,3.54950542867266,0.0020248826846738,0.0134299338324557,0.0087093246179417,"Prex1/Aebp1/Fchsd2/Cryab/Cdc42ep1/Cav1/Frmd7/Sema5a/Sorbs3/Pik3r1/Apoe/Clu/Wdr1",13
"GO:0046839","GO:0046839","phospholipid dephosphorylation","4/363","43/28928",0.0930232558139535,7.41315907489269,4.7441449576383,0.00204580990198853,0.0135239512662806,0.00877029501147767,"Plpp4/Plpp3/Plppr5/Mtmr10",4
"GO:0051968","GO:0051968","positive regulation of synaptic transmission, glutamatergic","4/363","43/28928",0.0930232558139535,7.41315907489269,4.7441449576383,0.00204580990198853,0.0135239512662806,0.00877029501147767,"Cacng4/Tnr/Nlgn3/Ntrk2",4
"GO:0002040","GO:0002040","sprouting angiogenesis","7/363","141/28928",0.049645390070922,3.95631361975656,3.96688629948551,0.00207986701577707,0.013726437010219,0.00890160720530273,"S100a1/Rhoj/Epn2/Sema5a/Nr4a1/Ppp1r16b/Bmp4",7
"GO:0009166","GO:0009166","nucleotide catabolic process","8/363","181/28928",0.0441988950276243,3.52227447757332,3.83727800596272,0.00212641943917725,0.0139449421881237,0.00904330801699798,"P2rx7/Ampd3/Stat3/Nt5e/Pde7b/Aldoc/Cnp/Slc4a4",8
"GO:0007229","GO:0007229","integrin-mediated signaling pathway","6/363","105/28928",0.0571428571428571,4.55379771743408,4.1124976128093,0.00212689956988107,0.0139449421881237,0.00904330801699798,"Plpp3/Itgav/Itgb8/Ptn/Dab2/Lims2",6
"GO:0030168","GO:0030168","platelet activation","6/363","105/28928",0.0571428571428571,4.55379771743408,4.1124976128093,0.00212689956988107,0.0139449421881237,0.00904330801699798,"Serpine2/Pdgfra/Rasa3/Ptprj/Prkca/Apoe",6
"GO:0150115","GO:0150115","cell-substrate junction organization","6/363","105/28928",0.0571428571428571,4.55379771743408,4.1124976128093,0.00212689956988107,0.0139449421881237,0.00904330801699798,"Lrp1/Itgav/Ptprj/Pik3r1/Rab8b/Cdh11",6
"GO:0000302","GO:0000302","response to reactive oxygen species","9/363","223/28928",0.0403587443946188,3.21624726679761,3.74524096542752,0.00213554541298014,0.013978749876468,0.0090652323344255,"Gpr37l1/Ptprn/Pdgfra/Adam9/Cryab/Adcyap1r1/Mmp2/Prkca/Fyn",9
"GO:0051928","GO:0051928","positive regulation of calcium ion transport","7/363","142/28928",0.0492957746478873,3.92845225623715,3.9434792113448,0.00216467789675003,0.0141463289631005,0.00917390752842634,"P2rx7/Cav1/Adcyap1r1/Dbi/Ehd3/Plp1/Bmp4",7
"GO:0006644","GO:0006644","phospholipid metabolic process","12/363","361/28928",0.0332409972299169,2.64902360293949,3.55415244400833,0.00219106014250617,0.0142841304536892,0.00926327192361588,"Plpp4/Plpp3/Plppr5/Abhd4/Dbi/Mfsd2a/Pik3r1/Serinc5/Lcat/Mtmr10/Pla2g7/Pgp",12
"GO:0071900","GO:0071900","regulation of protein serine/threonine kinase activity","10/363","268/28928",0.0373134328358209,2.97356194235434,3.65904677977043,0.0021986824701966,0.0142841304536892,0.00926327192361588,"P2rx7/Spry4/Spry1/Adam9/Sash1/Ptprj/Cav1/Apoe/Trib2/Pmp22",10
"GO:0021554","GO:0021554","optic nerve development","3/363","21/28928",0.142857142857143,11.3844942935852,5.36637952943591,0.00220359276594606,0.0142841304536892,0.00926327192361588,"Nkx2-2/Kcna1/Kcna2",3
"GO:0046325","GO:0046325","negative regulation of D-glucose import","3/363","21/28928",0.142857142857143,11.3844942935852,5.36637952943591,0.00220359276594606,0.0142841304536892,0.00926327192361588,"Pid1/Prkca/Rhoq",3
"GO:0048268","GO:0048268","clathrin coat assembly","3/363","21/28928",0.142857142857143,11.3844942935852,5.36637952943591,0.00220359276594606,0.0142841304536892,0.00926327192361588,"Hip1/Dnm1/Dab2",3
"GO:0032570","GO:0032570","response to progesterone","4/363","44/28928",0.0909090909090909,7.24467818682695,4.67299835945304,0.00222840091254281,0.0143983452510427,0.00933734032624048,"Abhd2/Sox10/Cav1/Nkx2-2",4
"GO:0045940","GO:0045940","positive regulation of steroid metabolic process","4/363","44/28928",0.0909090909090909,7.24467818682695,4.67299835945304,0.00222840091254281,0.0143983452510427,0.00933734032624048,"Qki/Abcg1/Dab2/Apoe",4
"GO:0048705","GO:0048705","skeletal system morphogenesis","10/363","269/28928",0.0371747211895911,2.96250780873964,3.64539768416413,0.00225879686017435,0.0145712402928477,0.00944946292212948,"Pdgfra/Chst11/P2rx7/Eya1/Prrx1/Sox6/Bmp7/Mmp16/Mmp2/Bmp4",10
"GO:0015850","GO:0015850","organic hydroxy compound transport","11/363","315/28928",0.0349206349206349,2.78287638287638,3.58659804691798,0.00226435218941386,0.0145835930398584,0.00945747369008871,"Lrp1/Chrna4/Cav1/Npc1/Abcg1/Igfbp3/Lcat/Dab2/Apoe/Soat1/Kcna2",11
"GO:0048511","GO:0048511","rhythmic process","12/363","364/28928",0.032967032967033,2.62719099082735,3.52182366017969,0.00234461941614902,0.0150763168235842,0.00977700552345322,"Ptprn/Adora1/Pdgfra/Nlgn3/Grin3a/Ntrk2/Ptn/Mmp2/Bhlhe40/Prkg2/Kcna2/Kcnd2",12
"GO:0010656","GO:0010656","negative regulation of muscle cell apoptotic process","5/363","74/28928",0.0675675675675676,5.38455811183084,4.25722469522233,0.0024013179452326,0.0153669004610252,0.0099654492833934,"Qki/Cav1/Hey2/Lifr/Pik3r1",5
"GO:0055117","GO:0055117","regulation of cardiac muscle contraction","5/363","74/28928",0.0675675675675676,5.38455811183084,4.25722469522233,0.0024013179452326,0.0153669004610252,0.0099654492833934,"Adora1/Cav1/Atp1a2/Atp1b1/Ehd3",5
"GO:0060425","GO:0060425","lung morphogenesis","5/363","74/28928",0.0675675675675676,5.38455811183084,4.25722469522233,0.0024013179452326,0.0153669004610252,0.0099654492833934,"Pdgfra/Spry1/Sox2/Tnc/Bmp4",5
"GO:0010874","GO:0010874","regulation of cholesterol efflux","4/363","45/28928",0.0888888888888889,7.08368533823079,4.60404697588691,0.0024219167566988,0.0154003151227546,0.00998711872269448,"Lrp1/Cav1/Abcg1/Apoe",4
"GO:0035987","GO:0035987","endodermal cell differentiation","4/363","45/28928",0.0888888888888889,7.08368533823079,4.60404697588691,0.0024219167566988,0.0154003151227546,0.00998711872269448,"Itgav/Mmp15/Sox2/Mmp2",4
"GO:0045747","GO:0045747","positive regulation of Notch signaling pathway","4/363","45/28928",0.0888888888888889,7.08368533823079,4.60404697588691,0.0024219167566988,0.0154003151227546,0.00998711872269448,"Ascl1/Epn2/Stat3/Sox2",4
"GO:1903580","GO:1903580","positive regulation of ATP metabolic process","4/363","45/28928",0.0888888888888889,7.08368533823079,4.60404697588691,0.0024219167566988,0.0154003151227546,0.00998711872269448,"P2rx7/Stat3/Pid1/Slc4a4",4
"GO:0090257","GO:0090257","regulation of muscle system process","10/363","272/28928",0.0367647058823529,2.9298330902609,3.60482604948612,0.00244711177555428,0.0155358633484476,0.0100750218734973,"Adora1/Gucy1a1/Cav1/Atp1a2/Atp1b1/Ehd3/Prkca/Calcrl/Nr4a1/Kcna1",10
"GO:0008202","GO:0008202","steroid metabolic process","12/363","366/28928",0.0327868852459016,2.6128347559048,3.50045101966759,0.00245179041224132,0.0155409373282258,0.0100783123541165,"Lrp1/Pdgfra/Ednrb/Qki/Npc1/Abcg1/Lcat/Igfbp7/Dab2/Apoe/Soat1/Pmp22",12
"GO:0032970","GO:0032970","regulation of actin filament-based process","13/363","416/28928",0.03125,2.49035812672176,3.45152767759941,0.00249844811534405,0.0158116637441836,0.0102538786874019,"Lrp1/Adora1/Prex1/Fchsd2/Cdc42ep1/Cav1/Atp1a2/Frmd7/Sema5a/Sorbs3/Pik3r1/Wdr1/Cnn2",13
"GO:0015810","GO:0015810","aspartate transmembrane transport","3/363","22/28928",0.136363636363636,10.8670172802404,5.21904601749243,0.00252797382637929,0.0158980583178578,0.0103099056490194,"Slc1a1/Slc1a3/Slc25a18",3
"GO:0043116","GO:0043116","negative regulation of vascular permeability","3/363","22/28928",0.136363636363636,10.8670172802404,5.21904601749243,0.00252797382637929,0.0158980583178578,0.0103099056490194,"Ddah1/Ptprj/Apoe",3
"GO:0060602","GO:0060602","branch elongation of an epithelium","3/363","22/28928",0.136363636363636,10.8670172802404,5.21904601749243,0.00252797382637929,0.0158980583178578,0.0103099056490194,"Spry1/Tnc/Bmp4",3
"GO:1900006","GO:1900006","positive regulation of dendrite development","3/363","22/28928",0.136363636363636,10.8670172802404,5.21904601749243,0.00252797382637929,0.0158980583178578,0.0103099056490194,"Ptprz1/Bmp7/Ptn",3
"GO:0048662","GO:0048662","negative regulation of smooth muscle cell proliferation","5/363","75/28928",0.0666666666666667,5.31276400367309,4.21578771491084,0.00254683663467783,0.0159167356607167,0.0103220179232858,"Cav1/Igfbp3/Ndrg2/Pik3r1/Apoe",5
"GO:0050818","GO:0050818","regulation of coagulation","5/363","75/28928",0.0666666666666667,5.31276400367309,4.21578771491084,0.00254683663467783,0.0159167356607167,0.0103220179232858,"Serpine2/Pdgfra/Cav1/Apoe/Anxa5",5
"GO:0050885","GO:0050885","neuromuscular process controlling balance","5/363","75/28928",0.0666666666666667,5.31276400367309,4.21578771491084,0.00254683663467783,0.0159167356607167,0.0103220179232858,"Tnr/Pcdh15/Gm2a/Slc1a3/Sox2",5
"GO:1905330","GO:1905330","regulation of morphogenesis of an epithelium","5/363","75/28928",0.0666666666666667,5.31276400367309,4.21578771491084,0.00254683663467783,0.0159167356607167,0.0103220179232858,"Pdgfra/Bmp7/Etv5/Sox8/Bmp4",5
"GO:0070167","GO:0070167","regulation of biomineral tissue development","6/363","109/28928",0.055045871559633,4.38668587459246,3.9933429386647,0.00256718468069662,0.0159939997369683,0.0103721237488078,"P2rx7/Bmp7/Hey2/Ptn/Fzd9/Bmp4",6
"GO:0090288","GO:0090288","negative regulation of cellular response to growth factor stimulus","6/363","109/28928",0.055045871559633,4.38668587459246,3.9933429386647,0.00256718468069662,0.0159939997369683,0.0103721237488078,"Sulf2/Spry4/Spry1/Epn2/Fgfrl1/Cav1",6
"GO:0045444","GO:0045444","fat cell differentiation","10/363","274/28928",0.0364963503649635,2.90844744726629,3.57808583409254,0.00257950704794387,0.0160458155808434,0.0104057263718952,"Pdgfra/Zfp36l2/Bmp7/Sirt2/Scd1/Nr4a1/Creb5/Sox8/Trib2/Arxes1",10
"GO:0010765","GO:0010765","positive regulation of sodium ion transport","4/363","46/28928",0.0869565217391304,6.92969217870404,4.53717289604147,0.00262667805741595,0.0162309701909821,0.0105257993092845,"Atp1b2/Cntn1/Scn1b/Atp1b1",4
"GO:0038179","GO:0038179","neurotrophin signaling pathway","4/363","46/28928",0.0869565217391304,6.92969217870404,4.53717289604147,0.00262667805741595,0.0162309701909821,0.0105257993092845,"Spry1/Ntrk2/Gfra1/Tmem108",4
"GO:0046627","GO:0046627","negative regulation of insulin receptor signaling pathway","4/363","46/28928",0.0869565217391304,6.92969217870404,4.53717289604147,0.00262667805741595,0.0162309701909821,0.0105257993092845,"Ptprj/Pid1/Prkca/Ptpre",4
"GO:0071402","GO:0071402","cellular response to lipoprotein particle stimulus","4/363","46/28928",0.0869565217391304,6.92969217870404,4.53717289604147,0.00262667805741595,0.0162309701909821,0.0105257993092845,"Cd81/Npc1/Abcg1/Apoe",4
"GO:0008286","GO:0008286","insulin receptor signaling pathway","7/363","147/28928",0.0476190476190476,3.79483143119507,3.82956321190008,0.00262953061756051,0.0162309701909821,0.0105257993092845,"Ptprj/Pid1/Pik3r1/Prkca/Ptpre/Cav2/Rhoq",7
"GO:0046849","GO:0046849","bone remodeling","6/363","110/28928",0.0545454545454545,4.34680691209617,3.96445029737518,0.00268720970369176,0.0165614801122911,0.0107401353015567,"P2rx7/Itgav/Ptn/Prkca/Trf/Tns3",6
"GO:0141091","GO:0141091","transforming growth factor beta receptor superfamily signaling pathway","12/363","371/28928",0.032345013477089,2.57762134949099,3.44763542867888,0.00273728624873711,0.0168441915705697,0.0109234739459668,"Lrp1/Chst11/Spry1/Adam9/Stat3/Bmp7/Itgb8/Cav1/Tmem100/Dab2/Cav2/Bmp4",12
"GO:0051235","GO:0051235","maintenance of location","12/363","372/28928",0.032258064516129,2.57069225984182,3.4371760975934,0.00279750556660706,0.0171883547543373,0.0111466640916794,"Cpt1a/P2rx7/Gm2a/Itgav/Cav1/Npc1/Rit2/Abcg1/Dbi/Apoe/Itpr2/Soat1",12
"GO:0021954","GO:0021954","central nervous system neuron development","6/363","111/28928",0.0540540540540541,4.30764648946467,3.93590030734205,0.00281139251924063,0.0171945624917221,0.0111506898151641,"Ascl1/Brinp1/Ntrk2/Scn1b/Prkca/Cdh11",6
"GO:0044344","GO:0044344","cellular response to fibroblast growth factor stimulus","6/363","111/28928",0.0540540540540541,4.30764648946467,3.93590030734205,0.00281139251924063,0.0171945624917221,0.0111506898151641,"Sulf2/Zfp36l2/Spry4/Spry1/Fgfrl1/Nr4a1",6
"GO:1901800","GO:1901800","positive regulation of proteasomal protein catabolic process","6/363","111/28928",0.0540540540540541,4.30764648946467,3.93590030734205,0.00281139251924063,0.0171945624917221,0.0111506898151641,"Cav1/Sirt2/Trf/Dab2/Clu/Trib2",6
"GO:0051592","GO:0051592","response to calcium ion","7/363","149/28928",0.0469798657718121,3.74389409654815,3.7853890894775,0.00283554895196496,0.0173158675328836,0.0112293562475121,"Pcdh15/P2rx7/Adam9/Cpne2/Cav1/Cpne8/Anxa5",7
"GO:0009311","GO:0009311","oligosaccharide metabolic process","4/363","47/28928",0.0851063829787234,6.78225191958267,4.47226697120586,0.00284300230112799,0.017334957714336,0.0112417362479915,"Gm2a/St6gal2/Npc1/Neu4",4
"GO:0044242","GO:0044242","cellular lipid catabolic process","9/363","233/28928",0.0386266094420601,3.07821090341574,3.59047875324836,0.00286465186318204,0.0174300279933491,0.0113033894126142,"Lrp1/Cpt1a/Abhd2/Gm2a/Neu4/Dbi/Mfsd2a/Sirt2/Pla2g7",9
"GO:0002043","GO:0002043","blood vessel endothelial cell proliferation involved in sprouting angiogenesis","3/363","23/28928",0.130434782608696,10.3945382680561,5.08090140033759,0.00288034910923543,0.0174300279933491,0.0113033894126142,"Sema5a/Ppp1r16b/Bmp4",3
"GO:0031998","GO:0031998","regulation of fatty acid beta-oxidation","3/363","23/28928",0.130434782608696,10.3945382680561,5.08090140033759,0.00288034910923543,0.0174300279933491,0.0113033894126142,"Cpt1a/Dbi/Mfsd2a",3
"GO:0071625","GO:0071625","vocalization behavior","3/363","23/28928",0.130434782608696,10.3945382680561,5.08090140033759,0.00288034910923543,0.0174300279933491,0.0113033894126142,"Nlgn3/Brinp1/Nrxn3",3
"GO:0150104","GO:0150104","transport across blood-brain barrier","3/363","23/28928",0.130434782608696,10.3945382680561,5.08090140033759,0.00288034910923543,0.0174300279933491,0.0113033894126142,"Lrp1/Mfsd2a/Apoe",3
"GO:0051216","GO:0051216","cartilage development","9/363","234/28928",0.0384615384615385,3.06505615596525,3.57546181249433,0.00294720667969778,0.0178077073286113,0.0115483148138352,"Sulf2/Chst11/Prrx1/Sox6/Bmp7/Itgb8/Prkca/Prkg2/Bmp4",9
"GO:0099175","GO:0099175","regulation of postsynapse organization","8/363","191/28928",0.0418848167539267,3.33786220126058,3.65428802762654,0.00296200999061177,0.0178701988289017,0.0115888406100663,"Nlgn3/Dock10/Ncan/Il1rap/Dnm3/Apoe/Grid1/Fyn",8
"GO:0032092","GO:0032092","positive regulation of protein binding","5/363","78/28928",0.0641025641025641,5.10842692660874,4.09579164392407,0.0030217568610024,0.0182032450904896,0.0118048214213754,"Lrp1/Spon1/Apoe/B2m/Bmp4",5
"GO:0045216","GO:0045216","cell-cell junction organization","9/363","235/28928",0.0382978723404255,3.0520133638122,3.56052494593622,0.00303162925316495,0.0182352954777459,0.0118256061274081,"Ugt8a/Cav1/Cdh19/Prkca/Cdh11/Lims2/Wdr1/Nfasc/Pmp22",9
"GO:0009154","GO:0009154","purine ribonucleotide catabolic process","7/363","151/28928",0.0463576158940397,3.69430609526937,3.74197209893139,0.00305371835758202,0.0182622925412971,0.0118431137483042,"P2rx7/Ampd3/Stat3/Nt5e/Pde7b/Aldoc/Slc4a4",7
"GO:0051099","GO:0051099","positive regulation of binding","7/363","151/28928",0.0463576158940397,3.69430609526937,3.74197209893139,0.00305371835758202,0.0182622925412971,0.0118431137483042,"Lrp1/Spon1/Sirt2/Apoe/Tns3/B2m/Bmp4",7
"GO:0001937","GO:0001937","negative regulation of endothelial cell proliferation","4/363","48/28928",0.0833333333333333,6.64095500459137,4.40922799248066,0.00307120360657912,0.0182622925412971,0.0118431137483042,"Cav1/Apoe/Sparc/Cav2",4
"GO:0045981","GO:0045981","positive regulation of nucleotide metabolic process","4/363","48/28928",0.0833333333333333,6.64095500459137,4.40922799248066,0.00307120360657912,0.0182622925412971,0.0118431137483042,"P2rx7/Stat3/Pid1/Slc4a4",4
"GO:1900544","GO:1900544","positive regulation of purine nucleotide metabolic process","4/363","48/28928",0.0833333333333333,6.64095500459137,4.40922799248066,0.00307120360657912,0.0182622925412971,0.0118431137483042,"P2rx7/Stat3/Pid1/Slc4a4",4
"GO:1901016","GO:1901016","regulation of potassium ion transmembrane transporter activity","4/363","48/28928",0.0833333333333333,6.64095500459137,4.40922799248066,0.00307120360657912,0.0182622925412971,0.0118431137483042,"Atp1b2/Neto1/Cav1/Atp1b1",4
"GO:0001657","GO:0001657","ureteric bud development","6/363","113/28928",0.0530973451327434,4.23140495867769,3.87979869814438,0.00307258741209042,0.0182622925412971,0.0118431137483042,"Spry1/Eya1/Bmp7/Vcan/Sox8/Bmp4",6
"GO:0051952","GO:0051952","regulation of amine transport","6/363","113/28928",0.0530973451327434,4.23140495867769,3.87979869814438,0.00307258741209042,0.0182622925412971,0.0118431137483042,"Slc38a3/Adora1/P2rx7/Slc6a1/Chrna4/Kcna2",6
"GO:0006631","GO:0006631","fatty acid metabolic process","14/363","478/28928",0.0292887029288703,2.33405949952165,3.31539981386355,0.00311478965458534,0.018485699787065,0.0119879935555815,"Cpt1a/Abhd2/Qki/Cav1/Acss1/Dbi/Mfsd2a/Sirt2/Scd1/Cyp2j6/Scd2/Plp1/Degs1/Fa2h",14
"GO:0032436","GO:0032436","positive regulation of proteasomal ubiquitin-dependent protein catabolic process","5/363","79/28928",0.0632911392405063,5.04376329462636,4.05715673662723,0.00319336707813933,0.0188960539365231,0.0122541086042881,"Sirt2/Trf/Dab2/Clu/Trib2",5
"GO:0032835","GO:0032835","glomerulus development","5/363","79/28928",0.0632911392405063,5.04376329462636,4.05715673662723,0.00319336707813933,0.0188960539365231,0.0122541086042881,"Sulf2/Pdgfra/Ednrb/Bmp7/Bmp4",5
"GO:0010232","GO:0010232","vascular transport","3/363","24/28928",0.125,9.96143250688705,4.95098922241627,0.00326147728170509,0.0191857239214546,0.0124419598597236,"Lrp1/Mfsd2a/Apoe",3
"GO:0050872","GO:0050872","white fat cell differentiation","3/363","24/28928",0.125,9.96143250688705,4.95098922241627,0.00326147728170509,0.0191857239214546,0.0124419598597236,"Pdgfra/Scd1/Creb5",3
"GO:0050908","GO:0050908","detection of light stimulus involved in visual perception","3/363","24/28928",0.125,9.96143250688705,4.95098922241627,0.00326147728170509,0.0191857239214546,0.0124419598597236,"Sema5b/Sema5a/Gucy2f",3
"GO:0050962","GO:0050962","detection of light stimulus involved in sensory perception","3/363","24/28928",0.125,9.96143250688705,4.95098922241627,0.00326147728170509,0.0191857239214546,0.0124419598597236,"Sema5b/Sema5a/Gucy2f",3
"GO:0006639","GO:0006639","acylglycerol metabolic process","7/363","153/28928",0.0457516339869281,3.64601451232467,3.69928820000043,0.00328449855683052,0.0192928170361628,0.0125114098445095,"Cpt1a/Abhd2/Cav1/Dbi/Mfsd2a/Scd1/Apoe",7
"GO:0050954","GO:0050954","sensory perception of mechanical stimulus","11/363","331/28928",0.0332326283987915,2.64835667856816,3.4001090593452,0.00330488410691636,0.0193103923962409,0.0125228074819147,"Gjc3/Serpine2/Pcdh15/Lhfpl3/Minar2/Slc1a3/Sox2/Aqp4/Kcna1/Wdr1/Fyn",11
"GO:0030195","GO:0030195","negative regulation of blood coagulation","4/363","49/28928",0.0816326530612245,6.50542531062012,4.34796196094475,0.00331159250529644,0.0193103923962409,0.0125228074819147,"Serpine2/Pdgfra/Apoe/Anxa5",4
"GO:0072583","GO:0072583","clathrin-dependent endocytosis","4/363","49/28928",0.0816326530612245,6.50542531062012,4.34796196094475,0.00331159250529644,0.0193103923962409,0.0125228074819147,"Fchsd2/Dnm1/Dab2/Lmbrd1",4
"GO:1903670","GO:1903670","regulation of sprouting angiogenesis","4/363","49/28928",0.0816326530612245,6.50542531062012,4.34796196094475,0.00331159250529644,0.0193103923962409,0.0125228074819147,"S100a1/Rhoj/Epn2/Ppp1r16b",4
"GO:1904645","GO:1904645","response to amyloid-beta","4/363","49/28928",0.0816326530612245,6.50542531062012,4.34796196094475,0.00331159250529644,0.0193103923962409,0.0125228074819147,"Lrp1/Grm5/Mmp2/Fyn",4
"GO:0022604","GO:0022604","regulation of cell morphogenesis","10/363","284/28928",0.0352112676056338,2.80603732588368,3.44791821187557,0.00333016488503718,0.0193904658858415,0.0125747352146141,"Rhoj/Cdc42ep1/Ptn/Mfsd2a/S100b/Sparc/Wdr1/Plxnb3/Fyn/Rhoq",10
"GO:0090287","GO:0090287","regulation of cellular response to growth factor stimulus","11/363","333/28928",0.033033033033033,2.63245063245063,3.37757513593663,0.00345826556712039,0.0201071289722558,0.0130394918946652,"Lrp1/Sulf2/Chst11/Spry4/Spry1/Epn2/Fgfrl1/Cav1/Tmem108/Cav2/Bmp4",11
"GO:0001708","GO:0001708","cell fate specification","6/363","116/28928",0.0517241379310345,4.12197207181533,3.79803708827061,0.00349779662830631,0.0202573626128164,0.0131369185507084,"Olig2/Ascl1/Eya1/Sox6/Sox2/Nkx2-2",6
"GO:0021510","GO:0021510","spinal cord development","6/363","116/28928",0.0517241379310345,4.12197207181533,3.79803708827061,0.00349779662830631,0.0202573626128164,0.0131369185507084,"Olig2/Ascl1/Sox6/Gria1/Nkx2-2/Gsx1",6
"GO:0051259","GO:0051259","protein complex oligomerization","10/363","286/28928",0.034965034965035,2.78641468724113,3.42256356831317,0.00349927481978756,0.0202573626128164,0.0131369185507084,"Gria3/Me1/Dnm1/Ehd3/Aqp4/Kcna1/Kcna2/Kcnd2/Ugdh/B2m",10
"GO:0006638","GO:0006638","neutral lipid metabolic process","7/363","155/28928",0.0451612903225806,3.59896916377855,3.65731442626035,0.00352835421069663,0.0203962293911266,0.013226973785979,"Cpt1a/Abhd2/Cav1/Dbi/Mfsd2a/Scd1/Apoe",7
"GO:0061448","GO:0061448","connective tissue development","11/363","334/28928",0.0329341317365269,2.62456904373072,3.36636998996313,0.00353706786737819,0.0204171381508891,0.013240533136189,"Sulf2/Chst11/Prrx1/Sox6/Bmp7/Itgb8/Prkca/Prkg2/Creb5/Sox8/Bmp4",11
"GO:0007628","GO:0007628","adult walking behavior","4/363","50/28928",0.08,6.37531680440771,4.28838143829508,0.00356447573335254,0.0204867859222529,0.0132856997808866,"Kcnj10/Pcdh15/Npc1/Pmp22",4
"GO:0048483","GO:0048483","autonomic nervous system development","4/363","50/28928",0.08,6.37531680440771,4.28838143829508,0.00356447573335254,0.0204867859222529,0.0132856997808866,"Ascl1/Sox10/Ednrb/Sox8",4
"GO:1900047","GO:1900047","negative regulation of hemostasis","4/363","50/28928",0.08,6.37531680440771,4.28838143829508,0.00356447573335254,0.0204867859222529,0.0132856997808866,"Serpine2/Pdgfra/Apoe/Anxa5",4
"GO:0006909","GO:0006909","phagocytosis","9/363","241/28928",0.037344398340249,2.97602962861356,3.47254036589281,0.00357903698407392,0.0205410059573068,0.0133208615241961,"Lrp1/Rap1gap/Rab31/Adgrb1/P2rx7/Itgav/Ptprj/Mfge8/Cnn2",9
"GO:0006641","GO:0006641","triglyceride metabolic process","6/363","117/28928",0.0512820512820513,4.086741541287,3.77139418810935,0.00364880464619539,0.0208220960294284,0.013503148698171,"Cpt1a/Cav1/Dbi/Mfsd2a/Scd1/Apoe",6
"GO:0046032","GO:0046032","ADP catabolic process","6/363","117/28928",0.0512820512820513,4.086741541287,3.77139418810935,0.00364880464619539,0.0208220960294284,0.013503148698171,"P2rx7/Ampd3/Stat3/Nt5e/Aldoc/Slc4a4",6
"GO:0072163","GO:0072163","mesonephric epithelium development","6/363","117/28928",0.0512820512820513,4.086741541287,3.77139418810935,0.00364880464619539,0.0208220960294284,0.013503148698171,"Spry1/Eya1/Bmp7/Vcan/Sox8/Bmp4",6
"GO:0072164","GO:0072164","mesonephric tubule development","6/363","117/28928",0.0512820512820513,4.086741541287,3.77139418810935,0.00364880464619539,0.0208220960294284,0.013503148698171,"Spry1/Eya1/Bmp7/Vcan/Sox8/Bmp4",6
"GO:0010842","GO:0010842","retina layer formation","3/363","25/28928",0.12,9.56297520661157,4.82848765705448,0.00367207496764882,0.0208953584096608,0.0135506594200916,"Dscam/Slc1a1/Megf11",3
"GO:2000345","GO:2000345","regulation of hepatocyte proliferation","3/363","25/28928",0.12,9.56297520661157,4.82848765705448,0.00367207496764882,0.0208953584096608,0.0135506594200916,"Sulf2/Ptn/Lims2",3
"GO:0045453","GO:0045453","bone resorption","5/363","82/28928",0.0609756097560976,4.8592353692132,3.94505706009421,0.00375027129863176,0.0213100522302395,0.013819588749568,"P2rx7/Itgav/Prkca/Trf/Tns3",5
"GO:0048608","GO:0048608","reproductive structure development","12/363","386/28928",0.0310880829015544,2.47745471673875,3.29422703018534,0.00375963981665611,0.0213330270616492,0.0138344879491684,"Serpine2/Ptprn/Pdgfra/Itgav/Bmp7/Sox2/Gfra1/Mmp2/Sox8/Tnc/Tlr3/Bmp4",12
"GO:0006643","GO:0006643","membrane lipid metabolic process","8/363","199/28928",0.0402010050251256,3.20367678613453,3.51643080882866,0.00379852794664149,0.0214967915559202,0.0139406893764645,"P2rx7/Gm2a/Plpp3/Itgb8/Ugt8a/Neu4/Degs1/Fa2h",8
"GO:0006939","GO:0006939","smooth muscle contraction","6/363","118/28928",0.0508474576271186,4.05210813839473,3.74504626809236,0.00380459940418059,0.0214967915559202,0.0139406893764645,"Sulf2/Ednrb/Gucy1a1/Cav1/Atp1a2/Calcrl",6
"GO:0016525","GO:0016525","negative regulation of angiogenesis","6/363","118/28928",0.0508474576271186,4.05210813839473,3.74504626809236,0.00380459940418059,0.0214967915559202,0.0139406893764645,"Adgrb1/Epn2/Qki/Ptn/Sparc/Fyn",6
"GO:0050819","GO:0050819","negative regulation of coagulation","4/363","51/28928",0.0784313725490196,6.25031059255658,4.23040496767079,0.00383015603407959,0.0215500071243298,0.0139751997222183,"Serpine2/Pdgfra/Apoe/Anxa5",4
"GO:1900077","GO:1900077","negative regulation of cellular response to insulin stimulus","4/363","51/28928",0.0784313725490196,6.25031059255658,4.23040496767079,0.00383015603407959,0.0215500071243298,0.0139751997222183,"Ptprj/Pid1/Prkca/Ptpre",4
"GO:2000378","GO:2000378","negative regulation of reactive oxygen species metabolic process","4/363","51/28928",0.0784313725490196,6.25031059255658,4.23040496767079,0.00383015603407959,0.0215500071243298,0.0139751997222183,"Cryab/Stat3/Sirt2/Fyn",4
"GO:0043112","GO:0043112","receptor metabolic process","5/363","83/28928",0.0602409638554217,4.80069036476484,3.90889640298247,0.00395044429396719,0.0221956239013079,0.0143938828043272,"Gria3/Ehd3/Gria1/Dab2/Apoe",5
"GO:0010660","GO:0010660","regulation of muscle cell apoptotic process","6/363","119/28928",0.0504201680672269,4.01805680950066,3.71898730054955,0.00396527177807251,0.0222166136265154,0.0144074946607037,"Qki/Cav1/Hey2/Lifr/Igfbp3/Pik3r1",6
"GO:0061387","GO:0061387","regulation of extent of cell growth","6/363","119/28928",0.0504201680672269,4.01805680950066,3.71898730054955,0.00396527177807251,0.0222166136265154,0.0144074946607037,"Lrp1/Dscam/Tnr/Sema5a/Omg/Apoe",6
"GO:0048839","GO:0048839","inner ear development","9/363","245/28928",0.036734693877551,2.92744138977905,3.41538630460817,0.00398510175430196,0.022296532999628,0.0144593224487169,"Pcdh15/Eya1/Prrx1/Minar2/Hey2/Sox2/Igfbp7/Sparc/Bmp4",9
"GO:0001659","GO:0001659","temperature homeostasis","8/363","201/28928",0.0398009950248756,3.17179940517797,3.48305632437195,0.00403368390608144,0.0225368727025973,0.0146151829702841,"Epas1/Adora1/Gatm/Ednrb/Qki/Stat3/Cav1/Scd1",8
"GO:0019216","GO:0019216","regulation of lipid metabolic process","12/363","390/28928",0.0307692307692308,2.4520449247722,3.25453154990833,0.00407869584841404,0.0227566233548003,0.0147576914732236,"Cpt1a/Adora1/Qki/Cav1/Abcg1/Dbi/Mfsd2a/Sirt2/Igfbp7/Dab2/Apoe/Eef1a2",12
"GO:0003197","GO:0003197","endocardial cushion development","4/363","52/28928",0.0769230769230769,6.13011231193049,4.17395655586231,0.00410893197140487,0.0228198733236105,0.0147987091369973,"Bmp7/Tmem100/Erbb3/Bmp4",4
"GO:0010829","GO:0010829","negative regulation of D-glucose transmembrane transport","3/363","26/28928",0.115384615384615,9.19516846789574,4.71268603550295,0.00411281790804961,0.0228198733236105,0.0147987091369973,"Pid1/Prkca/Rhoq",3
"GO:1902307","GO:1902307","positive regulation of sodium ion transmembrane transport","3/363","26/28928",0.115384615384615,9.19516846789574,4.71268603550295,0.00411281790804961,0.0228198733236105,0.0147987091369973,"Atp1b2/Scn1b/Atp1b1",3
"GO:1903975","GO:1903975","regulation of glial cell migration","3/363","26/28928",0.115384615384615,9.19516846789574,4.71268603550295,0.00411281790804961,0.0228198733236105,0.0147987091369973,"Ptprz1/Lrp1/Atp1b2",3
"GO:0001823","GO:0001823","mesonephros development","6/363","120/28928",0.05,3.98457300275482,3.69321143168153,0.00413091281357215,0.0228254299740277,0.0148023126299762,"Spry1/Eya1/Bmp7/Vcan/Sox8/Bmp4",6
"GO:0032526","GO:0032526","response to retinoic acid","6/363","120/28928",0.05,3.98457300275482,3.69321143168153,0.00413091281357215,0.0228254299740277,0.0148023126299762,"Ascl1/Brinp3/Brinp1/Sox2/Mmp2/Tnc",6
"GO:2000181","GO:2000181","negative regulation of blood vessel morphogenesis","6/363","120/28928",0.05,3.98457300275482,3.69321143168153,0.00413091281357215,0.0228254299740277,0.0148023126299762,"Adgrb1/Epn2/Qki/Ptn/Sparc/Fyn",6
"GO:0097553","GO:0097553","calcium ion transmembrane import into cytosol","8/363","202/28928",0.0396039603960396,3.15609742792461,3.46652538039411,0.00415539413336076,0.0228975363112011,0.0148490736568948,"P2rx7/Itgav/Cav1/Adcyap1r1/Dbi/Itpr2/Fyn/Bmp4",8
"GO:1901292","GO:1901292","nucleoside phosphate catabolic process","8/363","202/28928",0.0396039603960396,3.15609742792461,3.46652538039411,0.00415539413336076,0.0228975363112011,0.0148490736568948,"P2rx7/Ampd3/Stat3/Nt5e/Pde7b/Aldoc/Cnp/Slc4a4",8
"GO:0061458","GO:0061458","reproductive system development","12/363","391/28928",0.030690537084399,2.44577371013084,3.24468424850275,0.00416176553869229,0.0229011438846172,0.0148514131716203,"Serpine2/Ptprn/Pdgfra/Itgav/Bmp7/Sox2/Gfra1/Mmp2/Sox8/Tnc/Tlr3/Bmp4",12
"GO:0009261","GO:0009261","ribonucleotide catabolic process","7/363","160/28928",0.04375,3.48650137741047,3.5553450558459,0.00419828768105858,0.0230704258577787,0.0149611926891236,"P2rx7/Ampd3/Stat3/Nt5e/Pde7b/Aldoc/Slc4a4",7
"GO:0009137","GO:0009137","purine nucleoside diphosphate catabolic process","6/363","121/28928",0.0495867768595041,3.95164264736015,3.66771297512769,0.00430161369742085,0.0235092284745811,0.01524575659544,"P2rx7/Ampd3/Stat3/Nt5e/Aldoc/Slc4a4",6
"GO:0009181","GO:0009181","purine ribonucleoside diphosphate catabolic process","6/363","121/28928",0.0495867768595041,3.95164264736015,3.66771297512769,0.00430161369742085,0.0235092284745811,0.01524575659544,"P2rx7/Ampd3/Stat3/Nt5e/Aldoc/Slc4a4",6
"GO:0032760","GO:0032760","positive regulation of tumor necrosis factor production","6/363","121/28928",0.0495867768595041,3.95164264736015,3.66771297512769,0.00430161369742085,0.0235092284745811,0.01524575659544,"Stat3/Ptprj/Pik3r1/Cyp2j6/Clu/Tlr3",6
"GO:1901343","GO:1901343","negative regulation of vasculature development","6/363","121/28928",0.0495867768595041,3.95164264736015,3.66771297512769,0.00430161369742085,0.0235092284745811,0.01524575659544,"Adgrb1/Epn2/Qki/Ptn/Sparc/Fyn",6
"GO:0043491","GO:0043491","phosphatidylinositol 3-kinase/protein kinase B signal transduction","11/363","343/28928",0.032069970845481,2.55570280060076,3.26732617069747,0.00431297397814309,0.0235392013030534,0.0152651940026633,"Serpine2/Pdgfra/Stat3/Ptprj/Ntrk2/Tmem100/Sema5a/Pik3r1/Erbb3/Fyn/Ppp1r16b",11
"GO:0032414","GO:0032414","positive regulation of ion transmembrane transporter activity","5/363","85/28928",0.0588235294117647,4.68773294441744,3.83827959376839,0.00437351877541119,0.0238047774650778,0.0154374203914686,"Atp1b2/Nlgn3/Scn1b/Atp1b1/Ehd3",5
"GO:0051145","GO:0051145","smooth muscle cell differentiation","5/363","85/28928",0.0588235294117647,4.68773294441744,3.83827959376839,0.00437351877541119,0.0238047774650778,0.0154374203914686,"Ednrb/Qki/Hey2/Olfm2/Bmp4",5
"GO:0051602","GO:0051602","response to electrical stimulus","4/363","53/28928",0.0754716981132075,6.01444981547897,4.11896520935561,0.00440109775348552,0.0239223848038847,0.0155136888603903,"P2rx7/Mmp2/Gria1/Nr4a1",4
"GO:0046031","GO:0046031","ADP metabolic process","6/363","122/28928",0.0491803278688525,3.9192521338572,3.64248640582342,0.0044774657285977,0.0243045090904639,0.0157614968166868,"P2rx7/Ampd3/Stat3/Nt5e/Aldoc/Slc4a4",6
"GO:0015812","GO:0015812","gamma-aminobutyric acid transport","3/363","27/28928",0.111111111111111,8.85460667278849,4.60296619526361,0.00458434209629481,0.0247669937737496,0.0160614185652085,"P2rx7/Slc6a1/Slc6a11",3
"GO:0043576","GO:0043576","regulation of respiratory gaseous exchange","3/363","27/28928",0.111111111111111,8.85460667278849,4.60296619526361,0.00458434209629481,0.0247669937737496,0.0160614185652085,"Adora1/Nlgn3/Atp1a2",3
"GO:0090205","GO:0090205","positive regulation of cholesterol metabolic process","3/363","27/28928",0.111111111111111,8.85460667278849,4.60296619526361,0.00458434209629481,0.0247669937737496,0.0160614185652085,"Qki/Abcg1/Apoe",3
"GO:1903510","GO:1903510","mucopolysaccharide metabolic process","5/363","86/28928",0.0581395348837209,4.63322442180793,3.80379112014252,0.00459672568991982,0.0247669937737496,0.0160614185652085,"Xylt1/Chst11/Ednrb/Arsb/Ugdh",5
"GO:1904888","GO:1904888","cranial skeletal system development","5/363","86/28928",0.0581395348837209,4.63322442180793,3.80379112014252,0.00459672568991982,0.0247669937737496,0.0160614185652085,"Pdgfra/Chst11/Prrx1/Mmp16/Bmp4",5
"GO:0009416","GO:0009416","response to light stimulus","11/363","346/28928",0.0317919075144509,2.53354352776318,3.23501087889992,0.00459976120011726,0.0247669937737496,0.0160614185652085,"Neto1/Nlgn3/Sema5b/Slc1a3/Atp1a2/Mmp2/Sema5a/Pik3r1/Atxn1/Bhlhe40/Gucy2f",11
"GO:0006195","GO:0006195","purine nucleotide catabolic process","7/363","163/28928",0.0429447852760736,3.42233264040291,3.49609552400574,0.00464397501421471,0.024916144886586,0.0161581432010127,"P2rx7/Ampd3/Stat3/Nt5e/Pde7b/Aldoc/Slc4a4",7
"GO:0014074","GO:0014074","response to purine-containing compound","7/363","163/28928",0.0429447852760736,3.42233264040291,3.49609552400574,0.00464397501421471,0.024916144886586,0.0161581432010127,"Adora1/P2rx7/Slc6a1/Cdo1/Nt5e/Pik3r1/Itpr2",7
"GO:0050764","GO:0050764","regulation of phagocytosis","6/363","123/28928",0.0487804878048781,3.88738829537056,3.61752635413127,0.00465856028957885,0.024916144886586,0.0161581432010127,"Lrp1/Rap1gap/Rab31/Itgav/Ptprj/Cnn2",6
"GO:1903557","GO:1903557","positive regulation of tumor necrosis factor superfamily cytokine production","6/363","123/28928",0.0487804878048781,3.88738829537056,3.61752635413127,0.00465856028957885,0.024916144886586,0.0161581432010127,"Stat3/Ptprj/Pik3r1/Cyp2j6/Clu/Tlr3",6
"GO:1905477","GO:1905477","positive regulation of protein localization to membrane","6/363","123/28928",0.0487804878048781,3.88738829537056,3.61752635413127,0.00465856028957885,0.024916144886586,0.0161581432010127,"Lrp1/Zdhhc2/Cd81/Dpp6/Ptn/Fyn",6
"GO:0062197","GO:0062197","cellular response to chemical stress","11/363","347/28928",0.031700288184438,2.52624224958519,3.22431449091645,0.00469865221466102,0.0250411871496801,0.0162392332252701,"Gpr37l1/Pdgfra/Slc1a1/Cav1/Mmp2/Etv5/Sirt2/Prkg2/Cst3/Fyn/Bmp4",11
"GO:0045124","GO:0045124","regulation of bone resorption","4/363","54/28928",0.0740740740740741,5.90307111519233,4.06536451771377,0.00470694306632778,0.0250411871496801,0.0162392332252701,"P2rx7/Itgav/Prkca/Trf",4
"GO:0045773","GO:0045773","positive regulation of axon extension","4/363","54/28928",0.0740740740740741,5.90307111519233,4.06536451771377,0.00470694306632778,0.0250411871496801,0.0162392332252701,"Lrp1/Dscam/Sema5a/Apoe",4
"GO:0061462","GO:0061462","protein localization to lysosome","4/363","54/28928",0.0740740740740741,5.90307111519233,4.06536451771377,0.00470694306632778,0.0250411871496801,0.0162392332252701,"Cacng4/Cd81/Clu/Lmbrd1",4
"GO:0001706","GO:0001706","endoderm formation","4/363","55/28928",0.0727272727272727,5.79574254946156,4.01309227868698,0.00502675291708411,0.0266717512395218,0.0172966555585411,"Itgav/Mmp15/Sox2/Mmp2",4
"GO:0001881","GO:0001881","receptor recycling","4/363","55/28928",0.0727272727272727,5.79574254946156,4.01309227868698,0.00502675291708411,0.0266717512395218,0.0172966555585411,"Gria3/Ehd3/Gria1/Dab2",4
"GO:0009191","GO:0009191","ribonucleoside diphosphate catabolic process","6/363","125/28928",0.048,3.82519008264463,3.56838506876018,0.00503684277644842,0.0266899367228206,0.017308448861424,"P2rx7/Ampd3/Stat3/Nt5e/Aldoc/Slc4a4",6
"GO:0045661","GO:0045661","regulation of myoblast differentiation","5/363","88/28928",0.0568181818181818,4.52792386676684,3.73637801986402,0.00506723804410349,0.0267447546251984,0.0173439983222507,"Cmtm5/Igfbp3/Pik3r1/Sox8/Bmp4",5
"GO:0001573","GO:0001573","ganglioside metabolic process","3/363","28/28928",0.107142857142857,8.5383707201889,4.49878751972754,0.00508724488876714,0.0267447546251984,0.0173439983222507,"Gm2a/Itgb8/Neu4",3
"GO:0045540","GO:0045540","regulation of cholesterol biosynthetic process","3/363","28/28928",0.107142857142857,8.5383707201889,4.49878751972754,0.00508724488876714,0.0267447546251984,0.0173439983222507,"Qki/Abcg1/Apoe",3
"GO:0106118","GO:0106118","regulation of sterol biosynthetic process","3/363","28/28928",0.107142857142857,8.5383707201889,4.49878751972754,0.00508724488876714,0.0267447546251984,0.0173439983222507,"Qki/Abcg1/Apoe",3
"GO:1904862","GO:1904862","inhibitory synapse assembly","3/363","28/28928",0.107142857142857,8.5383707201889,4.49878751972754,0.00508724488876714,0.0267447546251984,0.0173439983222507,"Gabra3/Gabrg3/Gabrg1",3
"GO:1905207","GO:1905207","regulation of cardiocyte differentiation","3/363","28/28928",0.107142857142857,8.5383707201889,4.49878751972754,0.00508724488876714,0.0267447546251984,0.0173439983222507,"Sox6/Hey2/Bmp4",3
"GO:0051346","GO:0051346","negative regulation of hydrolase activity","10/363","303/28928",0.033003300330033,2.63008118993718,3.21547915606327,0.00522847666753667,0.0274094899226249,0.0177750797827044,"Serpine2/Serpina3n/Spry1/Cryab/Timp2/Timp4/Pcsk1n/Nr4a1/Plxnb3/Cst3",10
"GO:0002062","GO:0002062","chondrocyte differentiation","6/363","126/28928",0.0476190476190476,3.79483143119507,3.54419382367694,0.00523421362726112,0.0274094899226249,0.0177750797827044,"Sulf2/Chst11/Sox6/Prkca/Prkg2/Bmp4",6
"GO:0060840","GO:0060840","artery development","6/363","126/28928",0.0476190476190476,3.79483143119507,3.54419382367694,0.00523421362726112,0.0274094899226249,0.0177750797827044,"Lrp1/Eya1/Prrx1/Hey2/Apoe/Bmp4",6
"GO:0008037","GO:0008037","cell recognition","7/363","167/28928",0.0419161676646707,3.34036060111183,3.41921900686448,0.00529261451313346,0.0276791302083716,0.0179499417595347,"Ptprz1/Dscam/Ncam2/Adgrb1/Cd81/Ncam1/Sema5a",7
"GO:0035019","GO:0035019","somatic stem cell population maintenance","5/363","89/28928",0.0561797752808989,4.47704831770205,3.70342476746573,0.00531484511076682,0.0277591519083858,0.018001835906639,"Zfp36l2/Stat3/Bmp7/Sox2/Lbh",5
"GO:0035094","GO:0035094","response to nicotine","4/363","56/28928",0.0714285714285714,5.6922471467926,3.96209016019553,0.00536080748672838,0.0279627536352004,0.0181338718164003,"Chrna4/Atp1a2/Mmp2/B2m",4
"GO:2001234","GO:2001234","negative regulation of apoptotic signaling pathway","9/363","257/28928",0.0350194552529183,2.79075151943917,3.25063618704136,0.00542250312830011,0.0282477861273995,0.018318715653473,"Itgav/Eya1/Faim2/Dab2/Fzd9/Clu/Grina/Fyn/Bmp4",9
"GO:0015837","GO:0015837","amine transport","6/363","127/28928",0.047244094488189,3.76495086874471,3.52024906335933,0.00543719280090444,0.0282875251434067,0.0183444864424226,"Slc38a3/Adora1/P2rx7/Slc6a1/Chrna4/Kcna2",6
"GO:0007178","GO:0007178","cell surface receptor protein serine/threonine kinase signaling pathway","12/363","405/28928",0.0296296296296296,2.36122844607693,3.10991717549576,0.00547408276070449,0.0284425104272142,0.0184449945435438,"Lrp1/Chst11/Spry1/Adam9/Stat3/Bmp7/Itgb8/Cav1/Tmem100/Dab2/Cav2/Bmp4",12
"GO:0030500","GO:0030500","regulation of bone mineralization","5/363","90/28928",0.0555555555555556,4.42730333639425,3.67095554972543,0.00557088589746368,0.0288705936678389,0.0187226069244098,"P2rx7/Bmp7/Ptn/Fzd9/Bmp4",5
"GO:0032411","GO:0032411","positive regulation of transporter activity","5/363","90/28928",0.0555555555555556,4.42730333639425,3.67095554972543,0.00557088589746368,0.0288705936678389,0.0187226069244098,"Atp1b2/Nlgn3/Scn1b/Atp1b1/Ehd3",5
"GO:0007263","GO:0007263","nitric oxide mediated signal transduction","3/363","29/28928",0.103448275862069,8.24394414363066,4.39967483528601,0.00562208609121654,0.0290232949502751,0.0188216338485112,"Gucy1a1/Mt2/Apoe",3
"GO:0015740","GO:0015740","C4-dicarboxylate transport","3/363","29/28928",0.103448275862069,8.24394414363066,4.39967483528601,0.00562208609121654,0.0290232949502751,0.0188216338485112,"Slc1a1/Slc1a3/Slc25a18",3
"GO:0045932","GO:0045932","negative regulation of muscle contraction","3/363","29/28928",0.103448275862069,8.24394414363066,4.39967483528601,0.00562208609121654,0.0290232949502751,0.0188216338485112,"Gucy1a1/Atp1a2/Calcrl",3
"GO:0050921","GO:0050921","positive regulation of chemotaxis","7/363","169/28928",0.0414201183431953,3.30082970642411,3.38165138447321,0.00564133871082879,0.0290338407029021,0.018828472778927,"Dscam/Pdgfra/Ptprj/Ptn/Sema5a/Prkca/Pla2g7",7
"GO:0009134","GO:0009134","nucleoside diphosphate catabolic process","6/363","128/28928",0.046875,3.73553719008264,3.49654611590357,0.0056458716693861,0.0290338407029021,0.018828472778927,"P2rx7/Ampd3/Stat3/Nt5e/Aldoc/Slc4a4",6
"GO:0045445","GO:0045445","myoblast differentiation","6/363","128/28928",0.046875,3.73553719008264,3.49654611590357,0.0056458716693861,0.0290338407029021,0.018828472778927,"Epas1/Cmtm5/Igfbp3/Pik3r1/Sox8/Bmp4",6
"GO:0003254","GO:0003254","regulation of membrane depolarization","4/363","57/28928",0.0701754385964912,5.59238316176115,3.91230339497118,0.00570938199181716,0.0293228003323328,0.0190158633681576,"P2rx7/Scn1b/Fzd9/B2m",4
"GO:0030178","GO:0030178","negative regulation of Wnt signaling pathway","7/363","170/28928",0.0411764705882353,3.28141306109221,3.36307800488446,0.00582201577547635,0.0298629900083973,0.0193661768769804,"Lrp1/Sox10/Cav1/Sox2/Dab2/Apoe/Shisa6",7
"GO:0009135","GO:0009135","purine nucleoside diphosphate metabolic process","6/363","129/28928",0.0465116279069767,3.70657953744634,3.47308043462655,0.00586034151784944,0.0299445511741133,0.0194190693690285,"P2rx7/Ampd3/Stat3/Nt5e/Aldoc/Slc4a4",6
"GO:0009179","GO:0009179","purine ribonucleoside diphosphate metabolic process","6/363","129/28928",0.0465116279069767,3.70657953744634,3.47308043462655,0.00586034151784944,0.0299445511741133,0.0194190693690285,"P2rx7/Ampd3/Stat3/Nt5e/Aldoc/Slc4a4",6
"GO:0030048","GO:0030048","actin filament-based movement","6/363","129/28928",0.0465116279069767,3.70657953744634,3.47308043462655,0.00586034151784944,0.0299445511741133,0.0194190693690285,"Adora1/Qki/Cav1/Atp1a2/Scn1b/Epdr1",6
"GO:0034599","GO:0034599","cellular response to oxidative stress","9/363","261/28928",0.0344827586206897,2.74798138121022,3.19781863472875,0.00598151788136047,0.0305247906149427,0.0197953551876603,"Gpr37l1/Pdgfra/Slc1a1/Mmp2/Etv5/Sirt2/Cst3/Fyn/Bmp4",9
"GO:0010463","GO:0010463","mesenchymal cell proliferation","4/363","58/28928",0.0689655172413793,5.49596276242044,3.86368050418884,0.00607274655505198,0.0309509194650614,0.02007170014446,"Prrx1/Bmp7/Ptn/Bmp4",4
"GO:0062014","GO:0062014","negative regulation of small molecule metabolic process","6/363","130/28928",0.0461538461538462,3.6780673871583,3.4498475937573,0.00608069351665017,0.0309520434913604,0.0200724290765634,"Stat3/Dbi/Mfsd2a/Pid1/Apoe/Pgp",6
"GO:0007492","GO:0007492","endoderm development","5/363","92/28928",0.0543478260869565,4.33105761169002,3.60741781245642,0.006108862820686,0.0309833343168939,0.0200927212061103,"Itgav/Mmp15/Sox2/Mmp2/Bmp4",5
"GO:0042246","GO:0042246","tissue regeneration","5/363","92/28928",0.0543478260869565,4.33105761169002,3.60741781245642,0.006108862820686,0.0309833343168939,0.0200927212061103,"Cpq/Cd81/Ptn/Sox2/Fzd9",5
"GO:0052548","GO:0052548","regulation of endopeptidase activity","10/363","310/28928",0.032258064516129,2.57069225984182,3.13429743273608,0.00611004346239295,0.0309833343168939,0.0200927212061103,"Serpine2/Slc1a1/Serpina3n/Hip1/F3/Cryab/Stat3/Sox2/Pcsk1n/Nr4a1",10
"GO:0001764","GO:0001764","neuron migration","8/363","216/28928",0.037037037037037,2.95153555759616,3.24533488165272,0.00617397680218511,0.0311882923517393,0.0202256366828948,"Ptprz1/Ascl1/Stat3/Chl1/Ntrk2/Adgrl3/Mdga2/Fyn",8
"GO:0001919","GO:0001919","regulation of receptor recycling","3/363","30/28928",0.1,7.96914600550964,4.30520854218479,0.00618938902137612,0.0311882923517393,0.0202256366828948,"Gria3/Gria1/Dab2",3
"GO:0010742","GO:0010742","macrophage derived foam cell differentiation","3/363","30/28928",0.1,7.96914600550964,4.30520854218479,0.00618938902137612,0.0311882923517393,0.0202256366828948,"Itgav/Abcg1/Soat1",3
"GO:0072012","GO:0072012","glomerulus vasculature development","3/363","30/28928",0.1,7.96914600550964,4.30520854218479,0.00618938902137612,0.0311882923517393,0.0202256366828948,"Pdgfra/Bmp7/Bmp4",3
"GO:0090382","GO:0090382","phagosome maturation","3/363","30/28928",0.1,7.96914600550964,4.30520854218479,0.00618938902137612,0.0311882923517393,0.0202256366828948,"Rab31/Slc9a9/P2rx7",3
"GO:0072593","GO:0072593","reactive oxygen species metabolic process","9/363","263/28928",0.0342205323193916,2.72708418439493,3.17178181263607,0.00627717761596698,0.0315909215195524,0.0204867420737986,"Adgrb1/Slc1a1/P2rx7/Prex1/Cryab/Stat3/Pid1/Sirt2/Fyn",9
"GO:0010657","GO:0010657","muscle cell apoptotic process","6/363","131/28928",0.0458015267175573,3.64999053687465,3.42684328430877,0.00630701869360022,0.031661549983161,0.0205325446983318,"Qki/Cav1/Hey2/Lifr/Igfbp3/Pik3r1",6
"GO:1903052","GO:1903052","positive regulation of proteolysis involved in protein catabolic process","6/363","131/28928",0.0458015267175573,3.64999053687465,3.42684328430877,0.00630701869360022,0.031661549983161,0.0205325446983318,"Cav1/Sirt2/Trf/Dab2/Clu/Trib2",6
"GO:0072073","GO:0072073","kidney epithelium development","7/363","173/28928",0.0404624277456647,3.22450994442587,3.30817605060675,0.00639004249581705,0.0319862556791254,0.0207431166450539,"Spry1/Eya1/Ednrb/Bmp7/Vcan/Sox8/Bmp4",7
"GO:0051955","GO:0051955","regulation of amino acid transport","4/363","59/28928",0.0677966101694915,5.40281085119298,3.81617304688785,0.00645116608436425,0.0319862556791254,0.0207431166450539,"Slc38a3/Adora1/P2rx7/Slc6a1",4
"GO:0007179","GO:0007179","transforming growth factor beta receptor signaling pathway","8/363","218/28928",0.036697247706422,2.92445724972831,3.21519867866316,0.00651422239159118,0.0319862556791254,0.0207431166450539,"Lrp1/Chst11/Spry1/Adam9/Stat3/Itgb8/Dab2/Cav2",8
"GO:0031647","GO:0031647","regulation of protein stability","11/363","363/28928",0.0303030303030303,2.41489272894232,3.05807131611718,0.00652310658687596,0.0319862556791254,0.0207431166450539,"Atp1b2/Hip1/Plpp3/Usp24/Cryab/Taf9b/Cd81/Brinp1/Atp1b1/Pik3r1/Clu",11
"GO:0061041","GO:0061041","regulation of wound healing","6/363","132/28928",0.0454545454545455,3.62233909341347,3.40406331012104,0.00653940790639083,0.0319862556791254,0.0207431166450539,"Serpine2/Pdgfra/Cav1/Ajap1/Apoe/Anxa5",6
"GO:0046434","GO:0046434","organophosphate catabolic process","9/363","265/28928",0.0339622641509434,2.70650241696554,3.14598696584388,0.00658395939824804,0.0319862556791254,0.0207431166450539,"P2rx7/Ampd3/Stat3/Nt5e/Pde7b/Aldoc/Pla2g7/Cnp/Slc4a4",9
"GO:0003253","GO:0003253","cardiac neural crest cell migration involved in outflow tract morphogenesis","2/363","10/28928",0.2,15.9382920110193,5.32604356054085,0.00661123806847624,0.0319862556791254,0.0207431166450539,"Bmp7/Bmp4",2
"GO:0006196","GO:0006196","AMP catabolic process","2/363","10/28928",0.2,15.9382920110193,5.32604356054085,0.00661123806847624,0.0319862556791254,0.0207431166450539,"Ampd3/Nt5e",2
"GO:0007158","GO:0007158","neuron cell-cell adhesion","2/363","10/28928",0.2,15.9382920110193,5.32604356054085,0.00661123806847624,0.0319862556791254,0.0207431166450539,"Tnr/Nlgn3",2
"GO:0010728","GO:0010728","regulation of hydrogen peroxide biosynthetic process","2/363","10/28928",0.2,15.9382920110193,5.32604356054085,0.00661123806847624,0.0319862556791254,0.0207431166450539,"Stat3/Fyn",2
"GO:0010745","GO:0010745","negative regulation of macrophage derived foam cell differentiation","2/363","10/28928",0.2,15.9382920110193,5.32604356054085,0.00661123806847624,0.0319862556791254,0.0207431166450539,"Itgav/Abcg1",2
"GO:0021957","GO:0021957","corticospinal tract morphogenesis","2/363","10/28928",0.2,15.9382920110193,5.32604356054085,0.00661123806847624,0.0319862556791254,0.0207431166450539,"Scn1b/Cdh11",2
"GO:0031666","GO:0031666","positive regulation of lipopolysaccharide-mediated signaling pathway","2/363","10/28928",0.2,15.9382920110193,5.32604356054085,0.00661123806847624,0.0319862556791254,0.0207431166450539,"Sash1/Prkca",2
"GO:0032229","GO:0032229","negative regulation of synaptic transmission, GABAergic","2/363","10/28928",0.2,15.9382920110193,5.32604356054085,0.00661123806847624,0.0319862556791254,0.0207431166450539,"Adora1/Slc6a1",2
"GO:0034372","GO:0034372","very-low-density lipoprotein particle remodeling","2/363","10/28928",0.2,15.9382920110193,5.32604356054085,0.00661123806847624,0.0319862556791254,0.0207431166450539,"Lcat/Apoe",2
"GO:0034379","GO:0034379","very-low-density lipoprotein particle assembly","2/363","10/28928",0.2,15.9382920110193,5.32604356054085,0.00661123806847624,0.0319862556791254,0.0207431166450539,"Mfsd2a/Soat1",2
"GO:0043490","GO:0043490","malate-aspartate shuttle","2/363","10/28928",0.2,15.9382920110193,5.32604356054085,0.00661123806847624,0.0319862556791254,0.0207431166450539,"Slc1a3/Slc25a18",2
"GO:0048752","GO:0048752","semicircular canal morphogenesis","2/363","10/28928",0.2,15.9382920110193,5.32604356054085,0.00661123806847624,0.0319862556791254,0.0207431166450539,"Eya1/Sparc",2
"GO:0050957","GO:0050957","equilibrioception","2/363","10/28928",0.2,15.9382920110193,5.32604356054085,0.00661123806847624,0.0319862556791254,0.0207431166450539,"Pcdh15/Sox2",2
"GO:0060312","GO:0060312","regulation of blood vessel remodeling","2/363","10/28928",0.2,15.9382920110193,5.32604356054085,0.00661123806847624,0.0319862556791254,0.0207431166450539,"Lrp1/Cst3",2
"GO:0060513","GO:0060513","prostatic bud formation","2/363","10/28928",0.2,15.9382920110193,5.32604356054085,0.00661123806847624,0.0319862556791254,0.0207431166450539,"Bmp7/Bmp4",2
"GO:0071281","GO:0071281","cellular response to iron ion","2/363","10/28928",0.2,15.9382920110193,5.32604356054085,0.00661123806847624,0.0319862556791254,0.0207431166450539,"Trf/B2m",2
"GO:0071314","GO:0071314","cellular response to cocaine","2/363","10/28928",0.2,15.9382920110193,5.32604356054085,0.00661123806847624,0.0319862556791254,0.0207431166450539,"Slc1a1/Slc1a3",2
"GO:0075509","GO:0075509","endocytosis involved in viral entry into host cell","2/363","10/28928",0.2,15.9382920110193,5.32604356054085,0.00661123806847624,0.0319862556791254,0.0207431166450539,"Cav1/Cav2",2
"GO:0097151","GO:0097151","positive regulation of inhibitory postsynaptic potential","2/363","10/28928",0.2,15.9382920110193,5.32604356054085,0.00661123806847624,0.0319862556791254,0.0207431166450539,"Nlgn3/Igsf9b",2
"GO:0097168","GO:0097168","mesenchymal stem cell proliferation","2/363","10/28928",0.2,15.9382920110193,5.32604356054085,0.00661123806847624,0.0319862556791254,0.0207431166450539,"Scrg1/Bmp4",2
"GO:0140928","GO:0140928","inhibition of non-skeletal tissue mineralization","2/363","10/28928",0.2,15.9382920110193,5.32604356054085,0.00661123806847624,0.0319862556791254,0.0207431166450539,"Adora1/Nt5e",2
"GO:1903278","GO:1903278","positive regulation of sodium ion export across plasma membrane","2/363","10/28928",0.2,15.9382920110193,5.32604356054085,0.00661123806847624,0.0319862556791254,0.0207431166450539,"Atp1b2/Atp1b1",2
"GO:1904350","GO:1904350","regulation of protein catabolic process in the vacuole","2/363","10/28928",0.2,15.9382920110193,5.32604356054085,0.00661123806847624,0.0319862556791254,0.0207431166450539,"Lrp1/Cd81",2
"GO:2000807","GO:2000807","regulation of synaptic vesicle clustering","2/363","10/28928",0.2,15.9382920110193,5.32604356054085,0.00661123806847624,0.0319862556791254,0.0207431166450539,"Nlgn3/Pcdh17",2
"GO:0051347","GO:0051347","positive regulation of transferase activity","11/363","364/28928",0.0302197802197802,2.40825840825841,3.04797519763165,0.00665331440239438,0.0321509981857562,0.0208499523142776,"Slc1a1/P2rx7/Adam9/Mmd2/Sash1/Traf4/Dbi/Serinc5/Apoe/Trib2/Eef1a2",11
"GO:0006664","GO:0006664","glycolipid metabolic process","5/363","94/28928",0.0531914893617021,4.23890744973917,3.54566674634686,0.00668234753666887,0.0321748608556436,0.020865427277959,"Gm2a/Itgb8/Ugt8a/Neu4/Fa2h",5
"GO:0071901","GO:0071901","negative regulation of protein serine/threonine kinase activity","5/363","94/28928",0.0531914893617021,4.23890744973917,3.54566674634686,0.00668234753666887,0.0321748608556436,0.020865427277959,"Spry4/Spry1/Ptprj/Cav1/Apoe",5
"GO:0097581","GO:0097581","lamellipodium organization","5/363","94/28928",0.0531914893617021,4.23890744973917,3.54566674634686,0.00668234753666887,0.0321748608556436,0.020865427277959,"Mtss2/Frmd7/Pik3r1/Plxnb3/Pmp22",5
"GO:0007188","GO:0007188","adenylate cyclase-modulating G protein-coupled receptor signaling pathway","9/363","266/28928",0.0338345864661654,2.69632759584913,3.13317891920021,0.006741604490439,0.0324212095902745,0.021025184662164,"Gpr37l1/Adora1/Adgrb1/Grik3/Gabbr2/Rit2/Adcyap1r1/Adgrl3/Calcrl",9
"GO:0002026","GO:0002026","regulation of the force of heart contraction","3/363","31/28928",0.0967741935483871,7.71207677952546,4.21501650743591,0.00678964154827716,0.0324961816516109,0.0210738041138754,"Cav1/Atp1a2/Prkca",3
"GO:0060795","GO:0060795","cell fate commitment involved in formation of primary germ layer","3/363","31/28928",0.0967741935483871,7.71207677952546,4.21501650743591,0.00678964154827716,0.0324961816516109,0.0210738041138754,"Eya1/Sox2/Bmp4",3
"GO:0070841","GO:0070841","inclusion body assembly","3/363","31/28928",0.0967741935483871,7.71207677952546,4.21501650743591,0.00678964154827716,0.0324961816516109,0.0210738041138754,"Apoe/Clu/Pmp22",3
"GO:1903077","GO:1903077","negative regulation of protein localization to plasma membrane","3/363","31/28928",0.0967741935483871,7.71207677952546,4.21501650743591,0.00678964154827716,0.0324961816516109,0.0210738041138754,"Pid1/Dab2/Rhoq",3
"GO:0030850","GO:0030850","prostate gland development","4/363","60/28928",0.0666666666666667,5.31276400367309,3.76973539238375,0.00684490016025194,0.0326825626245164,0.0211946723486629,"Bmp7/Mmp2/Tnc/Bmp4",4
"GO:0071709","GO:0071709","membrane assembly","4/363","60/28928",0.0666666666666667,5.31276400367309,3.76973539238375,0.00684490016025194,0.0326825626245164,0.0211946723486629,"Nlgn3/Cav1/Cav2/Tlcd1",4
"GO:1903509","GO:1903509","liposaccharide metabolic process","5/363","95/28928",0.0526315789473684,4.19428737132086,3.51543253095022,0.00698276912380836,0.0333011584642575,0.0215958323277682,"Gm2a/Itgb8/Ugt8a/Neu4/Fa2h",5
"GO:0032757","GO:0032757","positive regulation of interleukin-8 production","4/363","61/28928",0.0655737704918033,5.2256695118096,3.72432451321582,0.00725420293110299,0.0345545029036844,0.0224086273658704,"F3/Stat3/Afap1l2/Tlr3",4
"GO:0021761","GO:0021761","limbic system development","6/363","135/28928",0.0444444444444444,3.5418426691154,3.33702905134243,0.00727386521121111,0.0345659597106901,0.0224160571159006,"Bcan/Atp1a2/Mfsd2a/Tmem108/Kcna1/Gsx1",6
"GO:0034763","GO:0034763","negative regulation of transmembrane transport","6/363","135/28928",0.0444444444444444,3.5418426691154,3.33702905134243,0.00727386521121111,0.0345659597106901,0.0224160571159006,"Slc6a9/Cav1/Atp1a2/Pid1/Prkca/Rhoq",6
"GO:0009314","GO:0009314","response to radiation","13/363","474/28928",0.0274261603375527,2.18563076100475,2.93396454816241,0.00734893626246676,0.0348813254353576,0.0226205720825243,"Neto1/Nlgn3/Eya1/Cryab/Sema5b/Slc1a3/Atp1a2/Mmp2/Sema5a/Pik3r1/Atxn1/Bhlhe40/Gucy2f",13
"GO:0003156","GO:0003156","regulation of animal organ formation","3/363","32/28928",0.09375,7.47107438016529,4.12876735945263,0.00742329710871053,0.0349212731497601,0.0226464782125779,"Spry1/Bmp7/Bmp4",3
"GO:0010996","GO:0010996","response to auditory stimulus","3/363","32/28928",0.09375,7.47107438016529,4.12876735945263,0.00742329710871053,0.0349212731497601,0.0226464782125779,"Slc1a3/Atp1a2/Ptn",3
"GO:0050995","GO:0050995","negative regulation of lipid catabolic process","3/363","32/28928",0.09375,7.47107438016529,4.12876735945263,0.00742329710871053,0.0349212731497601,0.0226464782125779,"Adora1/Dbi/Mfsd2a",3
"GO:0061437","GO:0061437","renal system vasculature development","3/363","32/28928",0.09375,7.47107438016529,4.12876735945263,0.00742329710871053,0.0349212731497601,0.0226464782125779,"Pdgfra/Bmp7/Bmp4",3
"GO:0061440","GO:0061440","kidney vasculature development","3/363","32/28928",0.09375,7.47107438016529,4.12876735945263,0.00742329710871053,0.0349212731497601,0.0226464782125779,"Pdgfra/Bmp7/Bmp4",3
"GO:0090077","GO:0090077","foam cell differentiation","3/363","32/28928",0.09375,7.47107438016529,4.12876735945263,0.00742329710871053,0.0349212731497601,0.0226464782125779,"Itgav/Abcg1/Soat1",3
"GO:2000737","GO:2000737","negative regulation of stem cell differentiation","3/363","32/28928",0.09375,7.47107438016529,4.12876735945263,0.00742329710871053,0.0349212731497601,0.0226464782125779,"Zfp36l2/Stat3/Lbh",3
"GO:0006469","GO:0006469","negative regulation of protein kinase activity","7/363","178/28928",0.0393258426966292,3.13393382239143,3.21928865941825,0.00742709054508127,0.0349212731497601,0.0226464782125779,"Spry4/Spry1/Ptprj/Cav1/Prkca/Ptprt/Apoe",7
"GO:0060048","GO:0060048","cardiac muscle contraction","6/363","136/28928",0.0441176470588235,3.51579970831308,3.3151065835702,0.00753141478763628,0.0353702785923458,0.0229376586609321,"Adora1/Cav1/Atp1a2/Scn1b/Atp1b1/Ehd3",6
"GO:0007584","GO:0007584","response to nutrient","7/363","179/28928",0.0391061452513966,3.11642581221047,3.20188765548887,0.00764860363881968,0.0358785786617232,0.0232672917300715,"Cpt1a/Ascl1/Gatm/Arsb/Bmp7/Scd1/Tnc",7
"GO:0090090","GO:0090090","negative regulation of canonical Wnt signaling pathway","6/363","137/28928",0.0437956204379562,3.49013693671955,3.29338903516558,0.00779547918528709,0.0365247831769124,0.0236863559609585,"Sox10/Cav1/Sox2/Dab2/Apoe/Shisa6",6
"GO:0016051","GO:0016051","carbohydrate biosynthetic process","8/363","225/28928",0.0355555555555556,2.83347413529232,3.11236338481783,0.00781784775741517,0.0365867968647257,0.0237265718953525,"Chst11/Gyg1/Adcyap1r1/B3gat2/Gpt2/Aldoc/Cyp2j6/Pgp",8
"GO:0072006","GO:0072006","nephron development","7/363","180/28928",0.0388888888888889,3.09911233547597,3.18460821705664,0.00787496112909721,0.036811078510109,0.023872018751596,"Sulf2/Pdgfra/Eya1/Ednrb/Bmp7/Sox8/Bmp4",7
"GO:0010248","GO:0010248","establishment or maintenance of transmembrane electrochemical gradient","2/363","11/28928",0.181818181818182,14.4893563736539,5.04427609766945,0.00801372614528564,0.0368576199058717,0.0239022008901625,"Atp1a2/Atp1b1",2
"GO:0016185","GO:0016185","synaptic vesicle budding from presynaptic endocytic zone membrane","2/363","11/28928",0.181818181818182,14.4893563736539,5.04427609766945,0.00801372614528564,0.0368576199058717,0.0239022008901625,"Dnm1/Dnm3",2
"GO:0034370","GO:0034370","triglyceride-rich lipoprotein particle remodeling","2/363","11/28928",0.181818181818182,14.4893563736539,5.04427609766945,0.00801372614528564,0.0368576199058717,0.0239022008901625,"Lcat/Apoe",2
"GO:0038060","GO:0038060","nitric oxide-cGMP-mediated signaling","2/363","11/28928",0.181818181818182,14.4893563736539,5.04427609766945,0.00801372614528564,0.0368576199058717,0.0239022008901625,"Gucy1a1/Apoe",2
"GO:0045603","GO:0045603","positive regulation of endothelial cell differentiation","2/363","11/28928",0.181818181818182,14.4893563736539,5.04427609766945,0.00801372614528564,0.0368576199058717,0.0239022008901625,"Tmem100/Bmp4",2
"GO:0048664","GO:0048664","neuron fate determination","2/363","11/28928",0.181818181818182,14.4893563736539,5.04427609766945,0.00801372614528564,0.0368576199058717,0.0239022008901625,"Prrx1/Nkx2-2",2
"GO:0072102","GO:0072102","glomerulus morphogenesis","2/363","11/28928",0.181818181818182,14.4893563736539,5.04427609766945,0.00801372614528564,0.0368576199058717,0.0239022008901625,"Pdgfra/Bmp4",2
"GO:0080144","GO:0080144","intracellular amino acid homeostasis","2/363","11/28928",0.181818181818182,14.4893563736539,5.04427609766945,0.00801372614528564,0.0368576199058717,0.0239022008901625,"Slc38a3/Slc1a1",2
"GO:0099538","GO:0099538","synaptic signaling via neuropeptide","2/363","11/28928",0.181818181818182,14.4893563736539,5.04427609766945,0.00801372614528564,0.0368576199058717,0.0239022008901625,"Ntrk2/Grid1",2
"GO:0099612","GO:0099612","protein localization to axon","2/363","11/28928",0.181818181818182,14.4893563736539,5.04427609766945,0.00801372614528564,0.0368576199058717,0.0239022008901625,"Ugt8a/Nfasc",2
"GO:1900147","GO:1900147","regulation of Schwann cell migration","2/363","11/28928",0.181818181818182,14.4893563736539,5.04427609766945,0.00801372614528564,0.0368576199058717,0.0239022008901625,"Ptprz1/Lrp1",2
"GO:1903276","GO:1903276","regulation of sodium ion export across plasma membrane","2/363","11/28928",0.181818181818182,14.4893563736539,5.04427609766945,0.00801372614528564,0.0368576199058717,0.0239022008901625,"Atp1b2/Atp1b1",2
"GO:2000739","GO:2000739","regulation of mesenchymal stem cell differentiation","2/363","11/28928",0.181818181818182,14.4893563736539,5.04427609766945,0.00801372614528564,0.0368576199058717,0.0239022008901625,"Pdgfra/Sox6",2
"GO:2001214","GO:2001214","positive regulation of vasculogenesis","2/363","11/28928",0.181818181818182,14.4893563736539,5.04427609766945,0.00801372614528564,0.0368576199058717,0.0239022008901625,"Rin2/Tmem100",2
"GO:0003014","GO:0003014","renal system process","6/363","138/28928",0.0434782608695652,3.46484608935202,3.27187281244337,0.00806614767342577,0.0369995975562795,0.0239942735288903,"Sulf2/Adora1/Ednrb/Dab2/Aqp4/Bmp4",6
"GO:0045662","GO:0045662","negative regulation of myoblast differentiation","3/363","33/28928",0.0909090909090909,7.24467818682695,4.04616490653476,0.00809077570127331,0.0369995975562795,0.0239942735288903,"Cmtm5/Sox8/Bmp4",3
"GO:0046688","GO:0046688","response to copper ion","3/363","33/28928",0.0909090909090909,7.24467818682695,4.04616490653476,0.00809077570127331,0.0369995975562795,0.0239942735288903,"Cp/Mt2/Lcat",3
"GO:0060317","GO:0060317","cardiac epithelial to mesenchymal transition","3/363","33/28928",0.0909090909090909,7.24467818682695,4.04616490653476,0.00809077570127331,0.0369995975562795,0.0239942735288903,"Spry1/Hey2/Tmem100",3
"GO:1904376","GO:1904376","negative regulation of protein localization to cell periphery","3/363","33/28928",0.0909090909090909,7.24467818682695,4.04616490653476,0.00809077570127331,0.0369995975562795,0.0239942735288903,"Pid1/Dab2/Rhoq",3
"GO:0006941","GO:0006941","striated muscle contraction","7/363","181/28928",0.0386740331491713,3.08199016787666,3.1674487256875,0.00810622430053077,0.0370279755392546,0.0240126766773209,"Adora1/Cav1/Atp1a2/Scn1b/Atp1b1/Ehd3/Nr4a1",7
"GO:0001822","GO:0001822","kidney development","11/363","375/28928",0.0293333333333333,2.33761616161616,2.9390648225452,0.00822414920383706,0.0375238516065732,0.0243342527695359,"Sulf2/Pdgfra/Gatm/Spry1/Eya1/Ednrb/Bmp7/Vcan/Gfra1/Sox8/Bmp4",11
"GO:0051262","GO:0051262","protein tetramerization","5/363","99/28928",0.0505050505050505,4.02482121490386,3.39852457490101,0.00827898456686682,0.0376881956532596,0.024440830037114,"Gria3/Me1/Dnm1/Aqp4/B2m",5
"GO:1900542","GO:1900542","regulation of purine nucleotide metabolic process","5/363","99/28928",0.0505050505050505,4.02482121490386,3.39852457490101,0.00827898456686682,0.0376881956532596,0.024440830037114,"P2rx7/Stat3/Me1/Pid1/Slc4a4",5
"GO:0031329","GO:0031329","regulation of cellular catabolic process","12/363","428/28928",0.0280373831775701,2.23434000154476,2.90016130757518,0.00832457650699636,0.0378527281351049,0.0245475295050684,"Cpt1a/P2rx7/Adam9/Stat3/Npc1/Dbi/Mfsd2a/Timp2/Sirt2/Timp4/Apoe/Slc4a4",12
"GO:0072523","GO:0072523","purine-containing compound catabolic process","7/363","182/28928",0.0384615384615385,3.06505615596525,3.15040759358734,0.00834245436254586,0.0378910115378217,0.0245723563274414,"P2rx7/Ampd3/Stat3/Nt5e/Pde7b/Aldoc/Slc4a4",7
"GO:0006650","GO:0006650","glycerophospholipid metabolic process","9/363","276/28928",0.0326086956521739,2.59863456701401,3.00825166203971,0.0084820630198786,0.0384814773019634,0.0249552739262805,"Abhd4/Dbi/Mfsd2a/Pik3r1/Serinc5/Lcat/Mtmr10/Pla2g7/Pgp",9
"GO:0046850","GO:0046850","regulation of bone remodeling","4/363","64/28928",0.0625,4.98071625344353,3.59385745302481,0.00857798143186119,0.038828693351453,0.0251804438582616,"P2rx7/Itgav/Prkca/Trf",4
"GO:0098815","GO:0098815","modulation of excitatory postsynaptic potential","4/363","64/28928",0.0625,4.98071625344353,3.59385745302481,0.00857798143186119,0.038828693351453,0.0251804438582616,"Neto1/Nlgn3/Gria1/Tmem108",4
"GO:0006140","GO:0006140","regulation of nucleotide metabolic process","5/363","100/28928",0.05,3.98457300275482,3.37025565157729,0.00862737238585396,0.0388778117639703,0.0252122971945972,"P2rx7/Stat3/Me1/Pid1/Slc4a4",5
"GO:0050810","GO:0050810","regulation of steroid biosynthetic process","5/363","100/28928",0.05,3.98457300275482,3.37025565157729,0.00862737238585396,0.0388778117639703,0.0252122971945972,"Qki/Abcg1/Igfbp7/Dab2/Apoe",5
"GO:2000060","GO:2000060","positive regulation of ubiquitin-dependent protein catabolic process","5/363","100/28928",0.05,3.98457300275482,3.37025565157729,0.00862737238585396,0.0388778117639703,0.0252122971945972,"Sirt2/Trf/Dab2/Clu/Trib2",5
"GO:0009185","GO:0009185","ribonucleoside diphosphate metabolic process","6/363","140/28928",0.0428571428571429,3.41534828807556,3.22943041287103,0.008627652186263,0.0388778117639703,0.0252122971945972,"P2rx7/Ampd3/Stat3/Nt5e/Aldoc/Slc4a4",6
"GO:0043583","GO:0043583","ear development","9/363","277/28928",0.0324909747292419,2.58925321478653,2.99606331480135,0.00867325458898036,0.0390393908802869,0.0253170814022514,"Pcdh15/Eya1/Prrx1/Minar2/Hey2/Sox2/Igfbp7/Sparc/Bmp4",9
"GO:0010893","GO:0010893","positive regulation of steroid biosynthetic process","3/363","34/28928",0.0882352941176471,7.03159941662615,3.96694346303404,0.00879246485843268,0.039354876226683,0.0255216739436776,"Qki/Abcg1/Dab2",3
"GO:0032369","GO:0032369","negative regulation of lipid transport","3/363","34/28928",0.0882352941176471,7.03159941662615,3.96694346303404,0.00879246485843268,0.039354876226683,0.0255216739436776,"Itgav/Igfbp3/Apoe",3
"GO:0051957","GO:0051957","positive regulation of amino acid transport","3/363","34/28928",0.0882352941176471,7.03159941662615,3.96694346303404,0.00879246485843268,0.039354876226683,0.0255216739436776,"Slc38a3/P2rx7/Slc6a1",3
"GO:0060037","GO:0060037","pharyngeal system development","3/363","34/28928",0.0882352941176471,7.03159941662615,3.96694346303404,0.00879246485843268,0.039354876226683,0.0255216739436776,"Eya1/Bmp7/Bmp4",3
"GO:2000178","GO:2000178","negative regulation of neural precursor cell proliferation","3/363","34/28928",0.0882352941176471,7.03159941662615,3.96694346303404,0.00879246485843268,0.039354876226683,0.0255216739436776,"Ptn/Sirt2/Lims2",3
"GO:0042158","GO:0042158","lipoprotein biosynthetic process","4/363","65/28928",0.0615384615384615,4.90408984954439,3.55216919604559,0.00905198858638828,0.0403362250023042,0.0261580795400811,"Zdhhc2/Dbi/Lcat/Apoe",4
"GO:0042491","GO:0042491","inner ear auditory receptor cell differentiation","4/363","65/28928",0.0615384615384615,4.90408984954439,3.55216919604559,0.00905198858638828,0.0403362250023042,0.0261580795400811,"Pcdh15/Minar2/Hey2/Bmp4",4
"GO:0046470","GO:0046470","phosphatidylcholine metabolic process","4/363","65/28928",0.0615384615384615,4.90408984954439,3.55216919604559,0.00905198858638828,0.0403362250023042,0.0261580795400811,"Dbi/Mfsd2a/Lcat/Pla2g7",4
"GO:1905953","GO:1905953","negative regulation of lipid localization","4/363","65/28928",0.0615384615384615,4.90408984954439,3.55216919604559,0.00905198858638828,0.0403362250023042,0.0261580795400811,"Itgav/Abcg1/Igfbp3/Apoe",4
"GO:0015914","GO:0015914","phospholipid transport","5/363","102/28928",0.0490196078431373,3.90644412034786,3.31480334499043,0.00935431173073783,0.0411942443337602,0.0267145058769005,"P2rx7/Abcg1/Dbi/Mfsd2a/Apoe",5
"GO:0030516","GO:0030516","regulation of axon extension","5/363","102/28928",0.0490196078431373,3.90644412034786,3.31480334499043,0.00935431173073783,0.0411942443337602,0.0267145058769005,"Lrp1/Dscam/Tnr/Sema5a/Apoe",5
"GO:0042490","GO:0042490","mechanoreceptor differentiation","5/363","102/28928",0.0490196078431373,3.90644412034786,3.31480334499043,0.00935431173073783,0.0411942443337602,0.0267145058769005,"Pcdh15/Minar2/Hey2/Ntrk2/Bmp4",5
"GO:0021987","GO:0021987","cerebral cortex development","6/363","143/28928",0.041958041958042,3.34369762468936,3.16719189834825,0.00952164945373748,0.0411942443337602,0.0267145058769005,"Ascl1/Ntrk2/Sox2/Gria1/Kcna1/Kcna2",6
"GO:0030282","GO:0030282","bone mineralization","6/363","143/28928",0.041958041958042,3.34369762468936,3.16719189834825,0.00952164945373748,0.0411942443337602,0.0267145058769005,"P2rx7/Gpnmb/Bmp7/Ptn/Fzd9/Bmp4",6
"GO:0042044","GO:0042044","fluid transport","3/363","35/28928",0.0857142857142857,6.83069657615112,3.89086391364594,0.00952872059703011,0.0411942443337602,0.0267145058769005,"Ednrb/Aqp4/Slc14a1",3
"GO:0060306","GO:0060306","regulation of membrane repolarization","3/363","35/28928",0.0857142857142857,6.83069657615112,3.89086391364594,0.00952872059703011,0.0411942443337602,0.0267145058769005,"Cav1/Scn1b/Wdr1",3
"GO:0060586","GO:0060586","multicellular organismal-level iron ion homeostasis","3/363","35/28928",0.0857142857142857,6.83069657615112,3.89086391364594,0.00952872059703011,0.0411942443337602,0.0267145058769005,"Epas1/Trf/B2m",3
"GO:0061036","GO:0061036","positive regulation of cartilage development","3/363","35/28928",0.0857142857142857,6.83069657615112,3.89086391364594,0.00952872059703011,0.0411942443337602,0.0267145058769005,"Sox6/Prkg2/Bmp4",3
"GO:0006182","GO:0006182","cGMP biosynthetic process","2/363","12/28928",0.166666666666667,13.2819100091827,4.79706189466815,0.00953720349333373,0.0411942443337602,0.0267145058769005,"Gucy1a1/Gucy2f",2
"GO:0010624","GO:0010624","regulation of Schwann cell proliferation","2/363","12/28928",0.166666666666667,13.2819100091827,4.79706189466815,0.00953720349333373,0.0411942443337602,0.0267145058769005,"Sox10/Pmp22",2
"GO:0036305","GO:0036305","ameloblast differentiation","2/363","12/28928",0.166666666666667,13.2819100091827,4.79706189466815,0.00953720349333373,0.0411942443337602,0.0267145058769005,"Bmp7/Bmp4",2
"GO:0060013","GO:0060013","righting reflex","2/363","12/28928",0.166666666666667,13.2819100091827,4.79706189466815,0.00953720349333373,0.0411942443337602,0.0267145058769005,"Pcdh15/Slc1a1",2
"GO:0060020","GO:0060020","Bergmann glial cell differentiation","2/363","12/28928",0.166666666666667,13.2819100091827,4.79706189466815,0.00953720349333373,0.0411942443337602,0.0267145058769005,"Gpr37l1/Plpp3",2
"GO:0060352","GO:0060352","cell adhesion molecule production","2/363","12/28928",0.166666666666667,13.2819100091827,4.79706189466815,0.00953720349333373,0.0411942443337602,0.0267145058769005,"Cav1/Aqp4",2
"GO:0060579","GO:0060579","ventral spinal cord interneuron fate commitment","2/363","12/28928",0.166666666666667,13.2819100091827,4.79706189466815,0.00953720349333373,0.0411942443337602,0.0267145058769005,"Ascl1/Nkx2-2",2
"GO:0060581","GO:0060581","cell fate commitment involved in pattern specification","2/363","12/28928",0.166666666666667,13.2819100091827,4.79706189466815,0.00953720349333373,0.0411942443337602,0.0267145058769005,"Ascl1/Nkx2-2",2
"GO:0060837","GO:0060837","blood vessel endothelial cell differentiation","2/363","12/28928",0.166666666666667,13.2819100091827,4.79706189466815,0.00953720349333373,0.0411942443337602,0.0267145058769005,"Hey2/Tmem100",2
"GO:0072124","GO:0072124","regulation of glomerular mesangial cell proliferation","2/363","12/28928",0.166666666666667,13.2819100091827,4.79706189466815,0.00953720349333373,0.0411942443337602,0.0267145058769005,"Bmp7/Bmp4",2
"GO:0072584","GO:0072584","caveolin-mediated endocytosis","2/363","12/28928",0.166666666666667,13.2819100091827,4.79706189466815,0.00953720349333373,0.0411942443337602,0.0267145058769005,"Cav1/Mlc1",2
"GO:0097017","GO:0097017","renal protein absorption","2/363","12/28928",0.166666666666667,13.2819100091827,4.79706189466815,0.00953720349333373,0.0411942443337602,0.0267145058769005,"Ednrb/Dab2",2
"GO:0097090","GO:0097090","presynaptic membrane organization","2/363","12/28928",0.166666666666667,13.2819100091827,4.79706189466815,0.00953720349333373,0.0411942443337602,0.0267145058769005,"Nlgn3/Apoe",2
"GO:1903054","GO:1903054","negative regulation of extracellular matrix organization","2/363","12/28928",0.166666666666667,13.2819100091827,4.79706189466815,0.00953720349333373,0.0411942443337602,0.0267145058769005,"Antxr1/Cst3",2
"GO:1904672","GO:1904672","regulation of somatic stem cell population maintenance","2/363","12/28928",0.166666666666667,13.2819100091827,4.79706189466815,0.00953720349333373,0.0411942443337602,0.0267145058769005,"Bmp7/Lbh",2
"GO:1905208","GO:1905208","negative regulation of cardiocyte differentiation","2/363","12/28928",0.166666666666667,13.2819100091827,4.79706189466815,0.00953720349333373,0.0411942443337602,0.0267145058769005,"Sox6/Hey2",2
"GO:0046890","GO:0046890","regulation of lipid biosynthetic process","8/363","233/28928",0.0343347639484979,2.73618746970288,2.99957247427509,0.0095376390742221,0.0411942443337602,0.0267145058769005,"Qki/Abcg1/Dbi/Mfsd2a/Sirt2/Igfbp7/Dab2/Apoe",8
"GO:0030166","GO:0030166","proteoglycan biosynthetic process","4/363","66/28928",0.0606060606060606,4.82978545788463,3.51132556481853,0.00954275055959298,0.0411942443337602,0.0267145058769005,"Xylt1/Chst11/B3gat2/Ugdh",4
"GO:0032371","GO:0032371","regulation of sterol transport","4/363","66/28928",0.0606060606060606,4.82978545788463,3.51132556481853,0.00954275055959298,0.0411942443337602,0.0267145058769005,"Lrp1/Cav1/Abcg1/Apoe",4
"GO:0032374","GO:0032374","regulation of cholesterol transport","4/363","66/28928",0.0606060606060606,4.82978545788463,3.51132556481853,0.00954275055959298,0.0411942443337602,0.0267145058769005,"Lrp1/Cav1/Abcg1/Apoe",4
"GO:0001889","GO:0001889","liver development","7/363","187/28928",0.0374331550802139,2.9831027828111,3.06692380180947,0.00960024341180083,0.041397820352717,0.026846525115092,"Sulf2/Cpt1a/Npc1/Ptn/Lims2/Tgfa/Bmp4",7
"GO:0042692","GO:0042692","muscle cell differentiation","13/363","491/28928",0.0264765784114053,2.10995719086813,2.79635936310655,0.00968989028888954,0.0417394629003134,0.0270680806258963,"Pdgfra/Adgrb1/Jam2/Ednrb/Sox6/Qki/Cd81/Hey2/Olfm2/Cav2/Wdr1/Pmp22/Bmp4",13
"GO:0009636","GO:0009636","response to toxic substance","8/363","234/28928",0.0341880341880342,2.724494360858,2.98580923104609,0.00977092871650612,0.0420433302237632,0.0272651388686043,"Cp/Slc6a1/Mt2/Arnt2/Scn1b/Gria1/Apoe/Cnp",8
"GO:0097479","GO:0097479","synaptic vesicle localization","4/363","67/28928",0.0597014925373134,4.75769910776695,3.47129571111149,0.0100504871245434,0.043199840580387,0.0280151369136808,"Nlgn3/Pcdh17/Dnm1/Dnm3",4
"GO:0030203","GO:0030203","glycosaminoglycan metabolic process","5/363","104/28928",0.0480769230769231,3.83132019495656,3.26074192805362,0.0101223641518662,0.0434621551901137,0.0281852481827786,"Xylt1/Chst11/Ednrb/Arsb/Ugdh",5
"GO:0030177","GO:0030177","positive regulation of Wnt signaling pathway","6/363","145/28928",0.0413793103448276,3.29757765745227,3.12661255676922,0.0101531587868503,0.0435477024626575,0.0282407256688228,"Sulf2/Sema5a/Gpc5/Dab2/Fzd9/Lypd6",6
"GO:0003401","GO:0003401","axis elongation","3/363","36/28928",0.0833333333333333,6.64095500459137,3.81771038181344,0.0102998683476429,0.0441297033162112,0.0286181537652493,"Spry1/Tnc/Bmp4",3
"GO:0016485","GO:0016485","protein processing","9/363","285/28928",0.0315789473684211,2.51657242279252,2.9004422928598,0.0103227800662298,0.0441806163945692,0.0286511709440568,"Serpine2/Spon1/P2rx7/F3/Aebp1/Adam9/Mmp16/Pcsk1n/Arxes1",9
"GO:0061008","GO:0061008","hepaticobiliary system development","7/363","190/28928",0.0368421052631579,2.9360011599246,3.01815847447295,0.0104184126576768,0.044542327755233,0.0288857410988557,"Sulf2/Cpt1a/Npc1/Ptn/Lims2/Tgfa/Bmp4",7
"GO:0009132","GO:0009132","nucleoside diphosphate metabolic process","6/363","146/28928",0.0410958904109589,3.27499150911355,3.1065877091153,0.0104798254826345,0.0447094578098335,0.0289941250951649,"P2rx7/Ampd3/Stat3/Nt5e/Aldoc/Slc4a4",6
"GO:0050773","GO:0050773","regulation of dendrite development","6/363","146/28928",0.0410958904109589,3.27499150911355,3.1065877091153,0.0104798254826345,0.0447094578098335,0.0289941250951649,"Ptprz1/Prex1/Bmp7/Ntrk2/Ptn/Mfsd2a",6
"GO:0042311","GO:0042311","vasodilation","4/363","68/28928",0.0588235294117647,4.68773294441744,3.4320503628927,0.0105754120922076,0.0450213611491857,0.0291963947016818,"Adora1/Ednrb/Gucy1a1/Apoe",4
"GO:0097035","GO:0097035","regulation of membrane lipid distribution","4/363","68/28928",0.0588235294117647,4.68773294441744,3.4320503628927,0.0105754120922076,0.0450213611491857,0.0291963947016818,"P2rx7/Abcg1/Mfsd2a/Tlcd1",4
"GO:0031214","GO:0031214","biomineral tissue development","7/363","191/28928",0.0366492146596859,2.92062942610301,3.00211582766985,0.0107020801504456,0.0454639799392206,0.0294834333998992,"P2rx7/Gpnmb/Bmp7/Hey2/Ptn/Fzd9/Bmp4",7
"GO:0033673","GO:0033673","negative regulation of kinase activity","7/363","191/28928",0.0366492146596859,2.92062942610301,3.00211582766985,0.0107020801504456,0.0454639799392206,0.0294834333998992,"Spry4/Spry1/Ptprj/Cav1/Prkca/Ptprt/Apoe",7
"GO:0072001","GO:0072001","renal system development","11/363","390/28928",0.0282051282051282,2.24770784770785,2.79654195690293,0.0108134765903497,0.0458885457848951,0.0297587647468589,"Sulf2/Pdgfra/Gatm/Spry1/Eya1/Ednrb/Bmp7/Vcan/Gfra1/Sox8/Bmp4",11
"GO:0035296","GO:0035296","regulation of tube diameter","7/363","192/28928",0.0364583333333333,2.90541781450872,2.98617719341056,0.0109913195655783,0.0461657632994852,0.0299385405636623,"Adora1/Ednrb/Gucy1a1/Cav1/Atp1a2/Mmp2/Apoe",7
"GO:0043393","GO:0043393","regulation of protein binding","7/363","192/28928",0.0364583333333333,2.90541781450872,2.98617719341056,0.0109913195655783,0.0461657632994852,0.0299385405636623,"Lrp1/Spon1/Frmd7/Dab2/Apoe/B2m/Bmp4",7
"GO:0097746","GO:0097746","blood vessel diameter maintenance","7/363","192/28928",0.0364583333333333,2.90541781450872,2.98617719341056,0.0109913195655783,0.0461657632994852,0.0299385405636623,"Adora1/Ednrb/Gucy1a1/Cav1/Atp1a2/Mmp2/Apoe",7
"GO:0001953","GO:0001953","negative regulation of cell-matrix adhesion","3/363","37/28928",0.0810810810810811,6.46146973419701,3.74728739555231,0.0111062038632115,0.0461657632994852,0.0299385405636623,"Lrp1/Ajap1/Pik3r1",3
"GO:0045686","GO:0045686","negative regulation of glial cell differentiation","3/363","37/28928",0.0810810810810811,6.46146973419701,3.74728739555231,0.0111062038632115,0.0461657632994852,0.0299385405636623,"Gpr37l1/Sirt2/Bmp4",3
"GO:0071354","GO:0071354","cellular response to interleukin-6","3/363","37/28928",0.0810810810810811,6.46146973419701,3.74728739555231,0.0111062038632115,0.0461657632994852,0.0299385405636623,"Stat3/Pid1/Ptprt",3
"GO:0006940","GO:0006940","regulation of smooth muscle contraction","4/363","69/28928",0.0579710144927536,4.61979478580269,3.39356172179324,0.0111177332619028,0.0461657632994852,0.0299385405636623,"Gucy1a1/Cav1/Atp1a2/Calcrl",4
"GO:0019098","GO:0019098","reproductive behavior","4/363","69/28928",0.0579710144927536,4.61979478580269,3.39356172179324,0.0111177332619028,0.0461657632994852,0.0299385405636623,"Serpine2/Npas3/Ednrb/Brinp1",4
"GO:0043331","GO:0043331","response to dsRNA","4/363","69/28928",0.0579710144927536,4.61979478580269,3.39356172179324,0.0111177332619028,0.0461657632994852,0.0299385405636623,"P2rx7/Cav1/Gria1/Tlr3",4
"GO:0044091","GO:0044091","membrane biogenesis","4/363","69/28928",0.0579710144927536,4.61979478580269,3.39356172179324,0.0111177332619028,0.0461657632994852,0.0299385405636623,"Nlgn3/Cav1/Cav2/Tlcd1",4
"GO:0009214","GO:0009214","cyclic nucleotide catabolic process","2/363","13/28928",0.153846153846154,12.260224623861,4.5776757600209,0.0111784299551924,0.0461657632994852,0.0299385405636623,"Pde7b/Cnp",2
"GO:0010642","GO:0010642","negative regulation of platelet-derived growth factor receptor signaling pathway","2/363","13/28928",0.153846153846154,12.260224623861,4.5776757600209,0.0111784299551924,0.0461657632994852,0.0299385405636623,"Lrp1/Ptprj",2
"GO:0014010","GO:0014010","Schwann cell proliferation","2/363","13/28928",0.153846153846154,12.260224623861,4.5776757600209,0.0111784299551924,0.0461657632994852,0.0299385405636623,"Sox10/Pmp22",2
"GO:0014052","GO:0014052","regulation of gamma-aminobutyric acid secretion","2/363","13/28928",0.153846153846154,12.260224623861,4.5776757600209,0.0111784299551924,0.0461657632994852,0.0299385405636623,"P2rx7/Slc6a1",2
"GO:0021527","GO:0021527","spinal cord association neuron differentiation","2/363","13/28928",0.153846153846154,12.260224623861,4.5776757600209,0.0111784299551924,0.0461657632994852,0.0299385405636623,"Ascl1/Gsx1",2
"GO:0030836","GO:0030836","positive regulation of actin filament depolymerization","2/363","13/28928",0.153846153846154,12.260224623861,4.5776757600209,0.0111784299551924,0.0461657632994852,0.0299385405636623,"Sema5a/Wdr1",2
"GO:0032060","GO:0032060","bleb assembly","2/363","13/28928",0.153846153846154,12.260224623861,4.5776757600209,0.0111784299551924,0.0461657632994852,0.0299385405636623,"P2rx7/Pmp22",2
"GO:0032429","GO:0032429","regulation of phospholipase A2 activity","2/363","13/28928",0.153846153846154,12.260224623861,4.5776757600209,0.0111784299551924,0.0461657632994852,0.0299385405636623,"Lrp1/Ppt1",2
"GO:0035791","GO:0035791","platelet-derived growth factor receptor-beta signaling pathway","2/363","13/28928",0.153846153846154,12.260224623861,4.5776757600209,0.0111784299551924,0.0461657632994852,0.0299385405636623,"Lrp1/Hip1",2
"GO:0051967","GO:0051967","negative regulation of synaptic transmission, glutamatergic","2/363","13/28928",0.153846153846154,12.260224623861,4.5776757600209,0.0111784299551924,0.0461657632994852,0.0299385405636623,"Adora1/Grik3",2
"GO:0060272","GO:0060272","embryonic skeletal joint morphogenesis","2/363","13/28928",0.153846153846154,12.260224623861,4.5776757600209,0.0111784299551924,0.0461657632994852,0.0299385405636623,"Bmp7/Bmp4",2
"GO:0060601","GO:0060601","lateral sprouting from an epithelium","2/363","13/28928",0.153846153846154,12.260224623861,4.5776757600209,0.0111784299551924,0.0461657632994852,0.0299385405636623,"Bmp7/Bmp4",2
"GO:0060872","GO:0060872","semicircular canal development","2/363","13/28928",0.153846153846154,12.260224623861,4.5776757600209,0.0111784299551924,0.0461657632994852,0.0299385405636623,"Eya1/Sparc",2
"GO:0072110","GO:0072110","glomerular mesangial cell proliferation","2/363","13/28928",0.153846153846154,12.260224623861,4.5776757600209,0.0111784299551924,0.0461657632994852,0.0299385405636623,"Bmp7/Bmp4",2
"GO:0072497","GO:0072497","mesenchymal stem cell differentiation","2/363","13/28928",0.153846153846154,12.260224623861,4.5776757600209,0.0111784299551924,0.0461657632994852,0.0299385405636623,"Pdgfra/Sox6",2
"GO:0098828","GO:0098828","modulation of inhibitory postsynaptic potential","2/363","13/28928",0.153846153846154,12.260224623861,4.5776757600209,0.0111784299551924,0.0461657632994852,0.0299385405636623,"Nlgn3/Igsf9b",2
"GO:0051651","GO:0051651","maintenance of location in cell","8/363","240/28928",0.0333333333333333,2.65638200183655,2.904717382817,0.0112608133497926,0.0464581032742218,0.030128123309977,"P2rx7/Gm2a/Itgav/Cav1/Rit2/Dbi/Apoe/Itpr2",8
"GO:0035150","GO:0035150","regulation of tube size","7/363","193/28928",0.0362694300518135,2.89036383619521,2.97034127615016,0.0112861904112377,0.0465148958718293,0.0301649533625022,"Adora1/Ednrb/Gucy1a1/Cav1/Atp1a2/Mmp2/Apoe",7
"GO:2001233","GO:2001233","regulation of apoptotic signaling pathway","12/363","447/28928",0.0268456375838926,2.13936805517037,2.73670559211073,0.011460629502752,0.047185284468679,0.0305997009929053,"Itgav/Eya1/Cav1/Mmp2/Faim2/Dab2/Fzd9/Clu/Grina/Fyn/Pmp22/Bmp4",12
"GO:0048813","GO:0048813","dendrite morphogenesis","7/363","194/28928",0.0360824742268041,2.87546505353441,2.9546068033269,0.0115867519630337,0.0476555732689047,0.0309046837185424,"Ptprz1/Dscam/Nlgn3/Dock10/Ptn/Dnm3/Fyn",7
"GO:0000768","GO:0000768","syncytium formation by plasma membrane fusion","4/363","70/28928",0.0571428571428571,4.55379771743408,3.3558033686234,0.0116776523776271,0.0478819605166574,0.0310514960598866,"Adgrb1/Jam2/Adam9/Cd81",4
"GO:0042551","GO:0042551","neuron maturation","4/363","70/28928",0.0571428571428571,4.55379771743408,3.3558033686234,0.0116776523776271,0.0478819605166574,0.0310514960598866,"Cspg4/Ednrb/Nfasc/Pmp22",4
"GO:0140253","GO:0140253","cell-cell fusion","4/363","70/28928",0.0571428571428571,4.55379771743408,3.3558033686234,0.0116776523776271,0.0478819605166574,0.0310514960598866,"Adgrb1/Jam2/Adam9/Cd81",4
"GO:0010717","GO:0010717","regulation of epithelial to mesenchymal transition","5/363","108/28928",0.0462962962962963,3.6894194469952,3.15654021368331,0.0117859873643245,0.0482062654572873,0.0312618081164004,"Spry1/Qki/Bmp7/Dab2/Bmp4",5
"GO:0010466","GO:0010466","negative regulation of peptidase activity","8/363","242/28928",0.0330578512396694,2.63442843157344,2.87823659381395,0.0117928457683828,0.0482062654572873,0.0312618081164004,"Serpine2/Serpina3n/Cryab/Timp2/Timp4/Pcsk1n/Nr4a1/Cst3",8
"GO:0032869","GO:0032869","cellular response to insulin stimulus","8/363","242/28928",0.0330578512396694,2.63442843157344,2.87823659381395,0.0117928457683828,0.0482062654572873,0.0312618081164004,"Rab31/Ptprj/Pid1/Pik3r1/Prkca/Ptpre/Cav2/Rhoq",8
"GO:0030308","GO:0030308","negative regulation of cell growth","7/363","195/28928",0.0358974358974359,2.8607190789009,2.93897252483652,0.0118930632513645,0.0485663724617394,0.0314953378446995,"Serpine2/Tnr/Cryab/Ptprj/Sema5a/Ppt1/Dab2",7
"GO:0048710","GO:0048710","regulation of astrocyte differentiation","3/363","38/28928",0.0789473684210526,6.2914310569813,3.67941746518283,0.0119479941073344,0.0486419353597372,0.031544340454537,"Serpine2/Gpr37l1/Qki",3
"GO:0051150","GO:0051150","regulation of smooth muscle cell differentiation","3/363","38/28928",0.0789473684210526,6.2914310569813,3.67941746518283,0.0119479941073344,0.0486419353597372,0.031544340454537,"Hey2/Olfm2/Bmp4",3
"GO:0097242","GO:0097242","amyloid-beta clearance","3/363","38/28928",0.0789473684210526,6.2914310569813,3.67941746518283,0.0119479941073344,0.0486419353597372,0.031544340454537,"Lrp1/Apoe/Clu",3
"GO:0030595","GO:0030595","leukocyte chemotaxis","8/363","243/28928",0.0329218106995885,2.6235871623077,2.86509623858443,0.0120656985742987,0.0490712573488738,0.0318227561649685,"Prex1/Ednrb/Ptprj/Ptn/Mmp2/Pde4b/Prkca/Pla2g7",8
"GO:0009743","GO:0009743","response to carbohydrate","9/363","293/28928",0.0307167235494881,2.44786054776747,2.80801773826111,0.0121980158637242,0.0495207514647524,0.0321142535184089,"Lrp1/Ptprn/Vsnl1/Abcg1/Gria1/Nkx2-2/Prkca/Calcrl/Aqp4",9
"GO:0061136","GO:0061136","regulation of proteasomal protein catabolic process","7/363","196/28928",0.0357142857142857,2.8461235733963,2.92343721252128,0.0122051830488445,0.0495207514647524,0.0321142535184089,"Cav1/Sirt2/Trf/Dab2/Apoe/Clu/Trib2",7
"GO:0048638","GO:0048638","regulation of developmental growth","11/363","397/28928",0.0277078085642317,2.20807571941073,2.73223976855816,0.0122170454487854,0.0495207514647524,0.0321142535184089,"Lrp1/Dscam/Tnr/Stat3/Hey2/Ncam1/Mfsd2a/Sema5a/Omg/Apoe/Dusp6",11
"GO:0046165","GO:0046165","alcohol biosynthetic process","6/363","151/28928",0.0397350993377483,3.16654808165946,3.00899830453469,0.012225667298712,0.0495207514647524,0.0321142535184089,"Qki/Abcg1/Adcyap1r1/Dab2/Apoe/Pgp",6
"GO:0046324","GO:0046324","regulation of D-glucose import","4/363","71/28928",0.0563380281690141,4.48965972141388,3.31875017620489,0.0122553650900709,0.0495909015664887,0.0321597459248218,"Pid1/Prkca/Erbb3/Rhoq",4
